Date,AskPrice-AA,AskVolume-AA,BidPrice-AA,BidVolume-AA,AskPrice-BB,AskVolume-BB,BidPrice-BB,BidVolume-BB,AskPrice-CC,AskVolume-CC,BidPrice-CC,BidVolume-CC,AskPrice-DD,AskVolume-DD,BidPrice-DD,BidVolume-DD,AskPrice-EE,AskVolume-EE,BidPrice-EE,BidVolume-EE,AskPrice-FF,AskVolume-FF,BidPrice-FF,BidVolume-FF,AskPrice-GG,AskVolume-GG,BidPrice-GG,BidVolume-GG,AskPrice-HH,AskVolume-HH,BidPrice-HH,BidVolume-HH,AskPrice-II,AskVolume-II,BidPrice-II,BidVolume-II,AskPrice-JJ,AskVolume-JJ,BidPrice-JJ,BidVolume-JJ,AskPrice-KK,AskVolume-KK,BidPrice-KK,BidVolume-KK,AskPrice-LL,AskVolume-LL,BidPrice-LL,BidVolume-LL,AskPrice-MM,AskVolume-MM,BidPrice-MM,BidVolume-MM,AskPrice-NN,AskVolume-NN,BidPrice-NN,BidVolume-NN,AskPrice-OO,AskVolume-OO,BidPrice-OO,BidVolume-OO
5/6/2010 0:00,29.87999916,128613000,27.90999985,128613000,36.8928566,321465200,28.4642849,321465200,17.45192337,189407700,14.56730747,189407700,1.120000005,155700,1.049999952,155700,3.266000032,735000,3.052400112,735000,31.43000031,6056700,28.95000076,6056700,24.90700912,9026600,21.93132973,9026600,30.37392044,24590800,27.03375053,24590800,7.090000153,21421000,5.699999809,21421000,1.649999976,5900,1.620000005,5900,10.93791485,163100,9.952606201,163100,6.764444351,428100,6.373333454,428100,45.09999847,1738900,42.18999863,1738900,31.07999992,1082600,23,1082600,18.59000015,7278900,16.79999924,7278900
5/6/2010 0:01,29.87999916,128613000,27.90999985,128613000,36.8928566,321465200,28.4642849,321465200,17.45192337,189407700,14.56730747,189407700,1.120000005,155700,1.049999952,155700,3.266000032,735000,3.052400112,735000,31.43000031,6056700,28.95000076,6056700,24.90700912,9026600,21.93132973,9026600,30.37392044,24590800,27.03375053,24590800,7.090000153,21421000,5.699999809,21421000,1.649999976,5900,1.620000005,5900,10.93791485,163100,9.952606201,163100,6.764444351,428100,6.373333454,428100,45.09999847,1738900,42.18999863,1738900,31.07999992,1082600,23,1082600,18.59000015,7278900,16.79999924,7278900
5/6/2010 0:02,29.87999916,128613000,27.90999985,128613000,36.8928566,321465200,28.4642849,321465200,17.45192337,189407700,14.56730747,189407700,1.120000005,155700,1.049999952,155700,3.266000032,735000,3.052400112,735000,31.43000031,6056700,28.95000076,6056700,24.90700912,9026600,21.93132973,9026600,30.37392044,24590800,27.03375053,24590800,7.090000153,21421000,5.699999809,21421000,1.649999976,5900,1.620000005,5900,10.93791485,163100,9.952606201,163100,6.764444351,428100,6.373333454,428100,45.09999847,1738900,42.18999863,1738900,31.07999992,1082600,23,1082600,18.59000015,7278900,16.79999924,7278900
5/6/2010 0:03,29.87999916,128613000,27.90999985,128613000,36.8928566,321465200,28.4642849,321465200,17.45192337,189407700,14.56730747,189407700,1.120000005,155700,1.049999952,155700,3.266000032,735000,3.052400112,735000,31.43000031,6056700,28.95000076,6056700,24.90700912,9026600,21.93132973,9026600,30.37392044,24590800,27.03375053,24590800,7.090000153,21421000,5.699999809,21421000,1.649999976,5900,1.620000005,5900,10.93791485,163100,9.952606201,163100,6.764444351,428100,6.373333454,428100,45.09999847,1738900,42.18999863,1738900,31.07999992,1082600,23,1082600,18.59000015,7278900,16.79999924,7278900
5/6/2010 0:04,29.87999916,128613000,27.90999985,128613000,36.8928566,321465200,28.4642849,321465200,17.45192337,189407700,14.56730747,189407700,1.120000005,155700,1.049999952,155700,3.266000032,735000,3.052400112,735000,31.43000031,6056700,28.95000076,6056700,24.90700912,9026600,21.93132973,9026600,30.37392044,24590800,27.03375053,24590800,7.090000153,21421000,5.699999809,21421000,1.649999976,5900,1.620000005,5900,10.93791485,163100,9.952606201,163100,6.764444351,428100,6.373333454,428100,45.09999847,1738900,42.18999863,1738900,31.07999992,1082600,23,1082600,18.59000015,7278900,16.79999924,7278900
5/6/2010 0:05,29.87999916,128613000,27.90999985,128613000,36.8928566,321465200,28.4642849,321465200,17.45192337,189407700,14.56730747,189407700,1.120000005,155700,1.049999952,155700,3.266000032,735000,3.052400112,735000,31.43000031,6056700,28.95000076,6056700,24.90700912,9026600,21.93132973,9026600,30.37392044,24590800,27.03375053,24590800,7.090000153,21421000,5.699999809,21421000,1.649999976,5900,1.620000005,5900,10.93791485,163100,9.952606201,163100,6.764444351,428100,6.373333454,428100,45.09999847,1738900,42.18999863,1738900,31.07999992,1082600,23,1082600,18.59000015,7278900,16.79999924,7278900
5/6/2010 0:06,29.87999916,128613000,27.90999985,128613000,36.8928566,321465200,28.4642849,321465200,17.45192337,189407700,14.56730747,189407700,1.120000005,155700,1.049999952,155700,3.266000032,735000,3.052400112,735000,31.43000031,6056700,28.95000076,6056700,24.90700912,9026600,21.93132973,9026600,30.37392044,24590800,27.03375053,24590800,7.090000153,21421000,5.699999809,21421000,1.649999976,5900,1.620000005,5900,10.93791485,163100,9.952606201,163100,6.764444351,428100,6.373333454,428100,45.09999847,1738900,42.18999863,1738900,31.07999992,1082600,23,1082600,18.59000015,7278900,16.79999924,7278900
5/6/2010 0:07,29.87999916,128613000,27.90999985,128613000,36.8928566,321465200,28.4642849,321465200,17.45192337,189407700,14.56730747,189407700,1.120000005,155700,1.049999952,155700,3.266000032,735000,3.052400112,735000,31.43000031,6056700,28.95000076,6056700,24.90700912,9026600,21.93132973,9026600,30.37392044,24590800,27.03375053,24590800,7.090000153,21421000,5.699999809,21421000,1.649999976,5900,1.620000005,5900,10.93791485,163100,9.952606201,163100,6.764444351,428100,6.373333454,428100,45.09999847,1738900,42.18999863,1738900,31.07999992,1082600,23,1082600,18.59000015,7278900,16.79999924,7278900
5/6/2010 0:08,29.87999916,128613000,27.90999985,128613000,36.8928566,321465200,28.4642849,321465200,17.45192337,189407700,14.56730747,189407700,1.120000005,155700,1.049999952,155700,3.266000032,735000,3.052400112,735000,31.43000031,6056700,28.95000076,6056700,24.90700912,9026600,21.93132973,9026600,30.37392044,24590800,27.03375053,24590800,7.090000153,21421000,5.699999809,21421000,1.649999976,5900,1.620000005,5900,10.93791485,163100,9.952606201,163100,6.764444351,428100,6.373333454,428100,45.09999847,1738900,42.18999863,1738900,31.07999992,1082600,23,1082600,18.59000015,7278900,16.79999924,7278900
5/6/2010 0:09,29.87999916,128613000,27.90999985,128613000,36.8928566,321465200,28.4642849,321465200,17.45192337,189407700,14.56730747,189407700,1.120000005,155700,1.049999952,155700,3.266000032,735000,3.052400112,735000,31.43000031,6056700,28.95000076,6056700,24.90700912,9026600,21.93132973,9026600,30.37392044,24590800,27.03375053,24590800,7.090000153,21421000,5.699999809,21421000,1.649999976,5900,1.620000005,5900,10.93791485,163100,9.952606201,163100,6.764444351,428100,6.373333454,428100,45.09999847,1738900,42.18999863,1738900,31.07999992,1082600,23,1082600,18.59000015,7278900,16.79999924,7278900
5/6/2010 0:10,29.87999916,128613000,27.90999985,128613000,36.8928566,321465200,28.4642849,321465200,17.45192337,189407700,14.56730747,189407700,1.120000005,155700,1.049999952,155700,3.266000032,735000,3.052400112,735000,31.43000031,6056700,28.95000076,6056700,24.90700912,9026600,21.93132973,9026600,30.37392044,24590800,27.03375053,24590800,7.090000153,21421000,5.699999809,21421000,1.649999976,5900,1.620000005,5900,10.93791485,163100,9.952606201,163100,6.764444351,428100,6.373333454,428100,45.09999847,1738900,42.18999863,1738900,31.07999992,1082600,23,1082600,18.59000015,7278900,16.79999924,7278900
5/6/2010 0:11,29.87999916,128613000,27.90999985,128613000,36.8928566,321465200,28.4642849,321465200,17.45192337,189407700,14.56730747,189407700,1.120000005,155700,1.049999952,155700,3.266000032,735000,3.052400112,735000,31.43000031,6056700,28.95000076,6056700,24.90700912,9026600,21.93132973,9026600,30.37392044,24590800,27.03375053,24590800,7.090000153,21421000,5.699999809,21421000,1.649999976,5900,1.620000005,5900,10.93791485,163100,9.952606201,163100,6.764444351,428100,6.373333454,428100,45.09999847,1738900,42.18999863,1738900,31.07999992,1082600,23,1082600,18.59000015,7278900,16.79999924,7278900
5/6/2010 0:12,29.87999916,128613000,27.90999985,128613000,36.8928566,321465200,28.4642849,321465200,17.45192337,189407700,14.56730747,189407700,1.120000005,155700,1.049999952,155700,3.266000032,735000,3.052400112,735000,31.43000031,6056700,28.95000076,6056700,24.90700912,9026600,21.93132973,9026600,30.37392044,24590800,27.03375053,24590800,7.090000153,21421000,5.699999809,21421000,1.649999976,5900,1.620000005,5900,10.93791485,163100,9.952606201,163100,6.764444351,428100,6.373333454,428100,45.09999847,1738900,42.18999863,1738900,31.07999992,1082600,23,1082600,18.59000015,7278900,16.79999924,7278900
5/6/2010 0:13,29.87999916,128613000,27.90999985,128613000,36.8928566,321465200,28.4642849,321465200,17.45192337,189407700,14.56730747,189407700,1.120000005,155700,1.049999952,155700,3.266000032,735000,3.052400112,735000,31.43000031,6056700,28.95000076,6056700,24.90700912,9026600,21.93132973,9026600,30.37392044,24590800,27.03375053,24590800,7.090000153,21421000,5.699999809,21421000,1.649999976,5900,1.620000005,5900,10.93791485,163100,9.952606201,163100,6.764444351,428100,6.373333454,428100,45.09999847,1738900,42.18999863,1738900,31.07999992,1082600,23,1082600,18.59000015,7278900,16.79999924,7278900
5/6/2010 0:14,29.87999916,128613000,27.90999985,128613000,36.8928566,321465200,28.4642849,321465200,17.45192337,189407700,14.56730747,189407700,1.120000005,155700,1.049999952,155700,3.266000032,735000,3.052400112,735000,31.43000031,6056700,28.95000076,6056700,24.90700912,9026600,21.93132973,9026600,30.37392044,24590800,27.03375053,24590800,7.090000153,21421000,5.699999809,21421000,1.649999976,5900,1.620000005,5900,10.93791485,163100,9.952606201,163100,6.764444351,428100,6.373333454,428100,45.09999847,1738900,42.18999863,1738900,31.07999992,1082600,23,1082600,18.59000015,7278900,16.79999924,7278900
5/6/2010 0:15,29.87999916,128613000,27.90999985,128613000,36.8928566,321465200,28.4642849,321465200,17.45192337,189407700,14.56730747,189407700,1.120000005,155700,1.049999952,155700,3.266000032,735000,3.052400112,735000,31.43000031,6056700,28.95000076,6056700,24.90700912,9026600,21.93132973,9026600,30.37392044,24590800,27.03375053,24590800,7.090000153,21421000,5.699999809,21421000,1.649999976,5900,1.620000005,5900,10.93791485,163100,9.952606201,163100,6.764444351,428100,6.373333454,428100,45.09999847,1738900,42.18999863,1738900,31.07999992,1082600,23,1082600,18.59000015,7278900,16.79999924,7278900
5/6/2010 0:16,29.87999916,128613000,27.90999985,128613000,36.8928566,321465200,28.4642849,321465200,17.45192337,189407700,14.56730747,189407700,1.120000005,155700,1.049999952,155700,3.266000032,735000,3.052400112,735000,31.43000031,6056700,28.95000076,6056700,24.90700912,9026600,21.93132973,9026600,30.37392044,24590800,27.03375053,24590800,7.090000153,21421000,5.699999809,21421000,1.649999976,5900,1.620000005,5900,10.93791485,163100,9.952606201,163100,6.764444351,428100,6.373333454,428100,45.09999847,1738900,42.18999863,1738900,31.07999992,1082600,23,1082600,18.59000015,7278900,16.79999924,7278900
5/6/2010 0:17,29.87999916,128613000,27.90999985,128613000,36.8928566,321465200,28.4642849,321465200,17.45192337,189407700,14.56730747,189407700,1.120000005,155700,1.049999952,155700,3.266000032,735000,3.052400112,735000,31.43000031,6056700,28.95000076,6056700,24.90700912,9026600,21.93132973,9026600,30.37392044,24590800,27.03375053,24590800,7.090000153,21421000,5.699999809,21421000,1.649999976,5900,1.620000005,5900,10.93791485,163100,9.952606201,163100,6.764444351,428100,6.373333454,428100,45.09999847,1738900,42.18999863,1738900,31.07999992,1082600,23,1082600,18.59000015,7278900,16.79999924,7278900
5/6/2010 0:18,29.87999916,128613000,27.90999985,128613000,36.8928566,321465200,28.4642849,321465200,17.45192337,189407700,14.56730747,189407700,1.120000005,155700,1.049999952,155700,3.266000032,735000,3.052400112,735000,31.43000031,6056700,28.95000076,6056700,24.90700912,9026600,21.93132973,9026600,30.37392044,24590800,27.03375053,24590800,7.090000153,21421000,5.699999809,21421000,1.649999976,5900,1.620000005,5900,10.93791485,163100,9.952606201,163100,6.764444351,428100,6.373333454,428100,45.09999847,1738900,42.18999863,1738900,31.07999992,1082600,23,1082600,18.59000015,7278900,16.79999924,7278900
5/6/2010 0:19,29.87999916,128613000,27.90999985,128613000,36.8928566,321465200,28.4642849,321465200,17.45192337,189407700,14.56730747,189407700,1.120000005,155700,1.049999952,155700,3.266000032,735000,3.052400112,735000,31.43000031,6056700,28.95000076,6056700,24.90700912,9026600,21.93132973,9026600,30.37392044,24590800,27.03375053,24590800,7.090000153,21421000,5.699999809,21421000,1.649999976,5900,1.620000005,5900,10.93791485,163100,9.952606201,163100,6.764444351,428100,6.373333454,428100,45.09999847,1738900,42.18999863,1738900,31.07999992,1082600,23,1082600,18.59000015,7278900,16.79999924,7278900
5/6/2010 0:20,29.87999916,128613000,27.90999985,128613000,36.8928566,321465200,28.4642849,321465200,17.45192337,189407700,14.56730747,189407700,1.120000005,155700,1.049999952,155700,3.266000032,735000,3.052400112,735000,31.43000031,6056700,28.95000076,6056700,24.90700912,9026600,21.93132973,9026600,30.37392044,24590800,27.03375053,24590800,7.090000153,21421000,5.699999809,21421000,1.649999976,5900,1.620000005,5900,10.93791485,163100,9.952606201,163100,6.764444351,428100,6.373333454,428100,45.09999847,1738900,42.18999863,1738900,31.07999992,1082600,23,1082600,18.59000015,7278900,16.79999924,7278900
5/6/2010 0:21,29.87999916,128613000,27.90999985,128613000,36.8928566,321465200,28.4642849,321465200,17.45192337,189407700,14.56730747,189407700,1.120000005,155700,1.049999952,155700,3.266000032,735000,3.052400112,735000,31.43000031,6056700,28.95000076,6056700,24.90700912,9026600,21.93132973,9026600,30.37392044,24590800,27.03375053,24590800,7.090000153,21421000,5.699999809,21421000,1.649999976,5900,1.620000005,5900,10.93791485,163100,9.952606201,163100,6.764444351,428100,6.373333454,428100,45.09999847,1738900,42.18999863,1738900,31.07999992,1082600,23,1082600,18.59000015,7278900,16.79999924,7278900
5/6/2010 0:22,29.87999916,128613000,27.90999985,128613000,36.8928566,321465200,28.4642849,321465200,17.45192337,189407700,14.56730747,189407700,1.120000005,155700,1.049999952,155700,3.266000032,735000,3.052400112,735000,31.43000031,6056700,28.95000076,6056700,24.90700912,9026600,21.93132973,9026600,30.37392044,24590800,27.03375053,24590800,7.090000153,21421000,5.699999809,21421000,1.649999976,5900,1.620000005,5900,10.93791485,163100,9.952606201,163100,6.764444351,428100,6.373333454,428100,45.09999847,1738900,42.18999863,1738900,31.07999992,1082600,23,1082600,18.59000015,7278900,16.79999924,7278900
5/6/2010 0:23,29.87999916,128613000,27.90999985,128613000,36.8928566,321465200,28.4642849,321465200,17.45192337,189407700,14.56730747,189407700,1.120000005,155700,1.049999952,155700,3.266000032,735000,3.052400112,735000,31.43000031,6056700,28.95000076,6056700,24.90700912,9026600,21.93132973,9026600,30.37392044,24590800,27.03375053,24590800,7.090000153,21421000,5.699999809,21421000,1.649999976,5900,1.620000005,5900,10.93791485,163100,9.952606201,163100,6.764444351,428100,6.373333454,428100,45.09999847,1738900,42.18999863,1738900,31.07999992,1082600,23,1082600,18.59000015,7278900,16.79999924,7278900
5/6/2010 0:24,29.87999916,128613000,27.90999985,128613000,36.8928566,321465200,28.4642849,321465200,17.45192337,189407700,14.56730747,189407700,1.120000005,155700,1.049999952,155700,3.266000032,735000,3.052400112,735000,31.43000031,6056700,28.95000076,6056700,24.90700912,9026600,21.93132973,9026600,30.37392044,24590800,27.03375053,24590800,7.090000153,21421000,5.699999809,21421000,1.649999976,5900,1.620000005,5900,10.93791485,163100,9.952606201,163100,6.764444351,428100,6.373333454,428100,45.09999847,1738900,42.18999863,1738900,31.07999992,1082600,23,1082600,18.59000015,7278900,16.79999924,7278900
5/6/2010 0:25,29.87999916,128613000,27.90999985,128613000,36.8928566,321465200,28.4642849,321465200,17.45192337,189407700,14.56730747,189407700,1.120000005,155700,1.049999952,155700,3.266000032,735000,3.052400112,735000,31.43000031,6056700,28.95000076,6056700,24.90700912,9026600,21.93132973,9026600,30.37392044,24590800,27.03375053,24590800,7.090000153,21421000,5.699999809,21421000,1.649999976,5900,1.620000005,5900,10.93791485,163100,9.952606201,163100,6.764444351,428100,6.373333454,428100,45.09999847,1738900,42.18999863,1738900,31.07999992,1082600,23,1082600,18.59000015,7278900,16.79999924,7278900
5/6/2010 0:26,29.87999916,128613000,27.90999985,128613000,36.8928566,321465200,28.4642849,321465200,17.45192337,189407700,14.56730747,189407700,1.120000005,155700,1.049999952,155700,3.266000032,735000,3.052400112,735000,31.43000031,6056700,28.95000076,6056700,24.90700912,9026600,21.93132973,9026600,30.37392044,24590800,27.03375053,24590800,7.090000153,21421000,5.699999809,21421000,1.649999976,5900,1.620000005,5900,10.93791485,163100,9.952606201,163100,6.764444351,428100,6.373333454,428100,45.09999847,1738900,42.18999863,1738900,31.07999992,1082600,23,1082600,18.59000015,7278900,16.79999924,7278900
5/6/2010 0:27,29.87999916,128613000,27.90999985,128613000,36.8928566,321465200,28.4642849,321465200,17.45192337,189407700,14.56730747,189407700,1.120000005,155700,1.049999952,155700,3.266000032,735000,3.052400112,735000,31.43000031,6056700,28.95000076,6056700,24.90700912,9026600,21.93132973,9026600,30.37392044,24590800,27.03375053,24590800,7.090000153,21421000,5.699999809,21421000,1.649999976,5900,1.620000005,5900,10.93791485,163100,9.952606201,163100,6.764444351,428100,6.373333454,428100,45.09999847,1738900,42.18999863,1738900,31.07999992,1082600,23,1082600,18.59000015,7278900,16.79999924,7278900
5/6/2010 0:28,29.87999916,128613000,27.90999985,128613000,36.8928566,321465200,28.4642849,321465200,17.45192337,189407700,14.56730747,189407700,1.120000005,155700,1.049999952,155700,3.266000032,735000,3.052400112,735000,31.43000031,6056700,28.95000076,6056700,24.90700912,9026600,21.93132973,9026600,30.37392044,24590800,27.03375053,24590800,7.090000153,21421000,5.699999809,21421000,1.649999976,5900,1.620000005,5900,10.93791485,163100,9.952606201,163100,6.764444351,428100,6.373333454,428100,45.09999847,1738900,42.18999863,1738900,31.07999992,1082600,23,1082600,18.59000015,7278900,16.79999924,7278900
5/6/2010 0:29,29.87999916,128613000,27.90999985,128613000,36.8928566,321465200,28.4642849,321465200,17.45192337,189407700,14.56730747,189407700,1.120000005,155700,1.049999952,155700,3.266000032,735000,3.052400112,735000,31.43000031,6056700,28.95000076,6056700,24.90700912,9026600,21.93132973,9026600,30.37392044,24590800,27.03375053,24590800,7.090000153,21421000,5.699999809,21421000,1.649999976,5900,1.620000005,5900,10.93791485,163100,9.952606201,163100,6.764444351,428100,6.373333454,428100,45.09999847,1738900,42.18999863,1738900,31.07999992,1082600,23,1082600,18.59000015,7278900,16.79999924,7278900
5/6/2010 0:30,29.87999916,128613000,27.90999985,128613000,36.8928566,321465200,28.4642849,321465200,17.45192337,189407700,14.56730747,189407700,1.120000005,155700,1.049999952,155700,3.266000032,735000,3.052400112,735000,31.43000031,6056700,28.95000076,6056700,24.90700912,9026600,21.93132973,9026600,30.37392044,24590800,27.03375053,24590800,7.090000153,21421000,5.699999809,21421000,1.649999976,5900,1.620000005,5900,10.93791485,163100,9.952606201,163100,6.764444351,428100,6.373333454,428100,45.09999847,1738900,42.18999863,1738900,31.07999992,1082600,23,1082600,18.59000015,7278900,16.79999924,7278900
5/6/2010 0:31,29.87999916,128613000,27.90999985,128613000,36.8928566,321465200,28.4642849,321465200,17.45192337,189407700,14.56730747,189407700,1.120000005,155700,1.049999952,155700,3.266000032,735000,3.052400112,735000,31.43000031,6056700,28.95000076,6056700,24.90700912,9026600,21.93132973,9026600,30.37392044,24590800,27.03375053,24590800,7.090000153,21421000,5.699999809,21421000,1.649999976,5900,1.620000005,5900,10.93791485,163100,9.952606201,163100,6.764444351,428100,6.373333454,428100,45.09999847,1738900,42.18999863,1738900,31.07999992,1082600,23,1082600,18.59000015,7278900,16.79999924,7278900
5/6/2010 0:32,29.87999916,128613000,27.90999985,128613000,36.8928566,321465200,28.4642849,321465200,17.45192337,189407700,14.56730747,189407700,1.120000005,155700,1.049999952,155700,3.266000032,735000,3.052400112,735000,31.43000031,6056700,28.95000076,6056700,24.90700912,9026600,21.93132973,9026600,30.37392044,24590800,27.03375053,24590800,7.090000153,21421000,5.699999809,21421000,1.649999976,5900,1.620000005,5900,10.93791485,163100,9.952606201,163100,6.764444351,428100,6.373333454,428100,45.09999847,1738900,42.18999863,1738900,31.07999992,1082600,23,1082600,18.59000015,7278900,16.79999924,7278900
5/6/2010 0:33,29.87999916,128613000,27.90999985,128613000,36.8928566,321465200,28.4642849,321465200,17.45192337,189407700,14.56730747,189407700,1.120000005,155700,1.049999952,155700,3.266000032,735000,3.052400112,735000,31.43000031,6056700,28.95000076,6056700,24.90700912,9026600,21.93132973,9026600,30.37392044,24590800,27.03375053,24590800,7.090000153,21421000,5.699999809,21421000,1.649999976,5900,1.620000005,5900,10.93791485,163100,9.952606201,163100,6.764444351,428100,6.373333454,428100,45.09999847,1738900,42.18999863,1738900,31.07999992,1082600,23,1082600,18.59000015,7278900,16.79999924,7278900
5/6/2010 0:34,29.87999916,128613000,27.90999985,128613000,36.8928566,321465200,28.4642849,321465200,17.45192337,189407700,14.56730747,189407700,1.120000005,155700,1.049999952,155700,3.266000032,735000,3.052400112,735000,31.43000031,6056700,28.95000076,6056700,24.90700912,9026600,21.93132973,9026600,30.37392044,24590800,27.03375053,24590800,7.090000153,21421000,5.699999809,21421000,1.649999976,5900,1.620000005,5900,10.93791485,163100,9.952606201,163100,6.764444351,428100,6.373333454,428100,45.09999847,1738900,42.18999863,1738900,31.07999992,1082600,23,1082600,18.59000015,7278900,16.79999924,7278900
5/6/2010 0:35,29.87999916,128613000,27.90999985,128613000,36.8928566,321465200,28.4642849,321465200,17.45192337,189407700,14.56730747,189407700,1.120000005,155700,1.049999952,155700,3.266000032,735000,3.052400112,735000,31.43000031,6056700,28.95000076,6056700,24.90700912,9026600,21.93132973,9026600,30.37392044,24590800,27.03375053,24590800,7.090000153,21421000,5.699999809,21421000,1.649999976,5900,1.620000005,5900,10.93791485,163100,9.952606201,163100,6.764444351,428100,6.373333454,428100,45.09999847,1738900,42.18999863,1738900,31.07999992,1082600,23,1082600,18.59000015,7278900,16.79999924,7278900
5/6/2010 0:36,29.87999916,128613000,27.90999985,128613000,36.8928566,321465200,28.4642849,321465200,17.45192337,189407700,14.56730747,189407700,1.120000005,155700,1.049999952,155700,3.266000032,735000,3.052400112,735000,31.43000031,6056700,28.95000076,6056700,24.90700912,9026600,21.93132973,9026600,30.37392044,24590800,27.03375053,24590800,7.090000153,21421000,5.699999809,21421000,1.649999976,5900,1.620000005,5900,10.93791485,163100,9.952606201,163100,6.764444351,428100,6.373333454,428100,45.09999847,1738900,42.18999863,1738900,31.07999992,1082600,23,1082600,18.59000015,7278900,16.79999924,7278900
5/6/2010 0:37,29.87999916,128613000,27.90999985,128613000,36.8928566,321465200,28.4642849,321465200,17.45192337,189407700,14.56730747,189407700,1.120000005,155700,1.049999952,155700,3.266000032,735000,3.052400112,735000,31.43000031,6056700,28.95000076,6056700,24.90700912,9026600,21.93132973,9026600,30.37392044,24590800,27.03375053,24590800,7.090000153,21421000,5.699999809,21421000,1.649999976,5900,1.620000005,5900,10.93791485,163100,9.952606201,163100,6.764444351,428100,6.373333454,428100,45.09999847,1738900,42.18999863,1738900,31.07999992,1082600,23,1082600,18.59000015,7278900,16.79999924,7278900
5/6/2010 0:38,29.87999916,128613000,27.90999985,128613000,36.8928566,321465200,28.4642849,321465200,17.45192337,189407700,14.56730747,189407700,1.120000005,155700,1.049999952,155700,3.266000032,735000,3.052400112,735000,31.43000031,6056700,28.95000076,6056700,24.90700912,9026600,21.93132973,9026600,30.37392044,24590800,27.03375053,24590800,7.090000153,21421000,5.699999809,21421000,1.649999976,5900,1.620000005,5900,10.93791485,163100,9.952606201,163100,6.764444351,428100,6.373333454,428100,45.09999847,1738900,42.18999863,1738900,31.07999992,1082600,23,1082600,18.59000015,7278900,16.79999924,7278900
5/6/2010 0:39,29.87999916,128613000,27.90999985,128613000,36.8928566,321465200,28.4642849,321465200,17.45192337,189407700,14.56730747,189407700,1.120000005,155700,1.049999952,155700,3.266000032,735000,3.052400112,735000,31.43000031,6056700,28.95000076,6056700,24.90700912,9026600,21.93132973,9026600,30.37392044,24590800,27.03375053,24590800,7.090000153,21421000,5.699999809,21421000,1.649999976,5900,1.620000005,5900,10.93791485,163100,9.952606201,163100,6.764444351,428100,6.373333454,428100,45.09999847,1738900,42.18999863,1738900,31.07999992,1082600,23,1082600,18.59000015,7278900,16.79999924,7278900
5/6/2010 0:40,29.87999916,128613000,27.90999985,128613000,36.8928566,321465200,28.4642849,321465200,17.45192337,189407700,14.56730747,189407700,1.120000005,155700,1.049999952,155700,3.266000032,735000,3.052400112,735000,31.43000031,6056700,28.95000076,6056700,24.90700912,9026600,21.93132973,9026600,30.37392044,24590800,27.03375053,24590800,7.090000153,21421000,5.699999809,21421000,1.649999976,5900,1.620000005,5900,10.93791485,163100,9.952606201,163100,6.764444351,428100,6.373333454,428100,45.09999847,1738900,42.18999863,1738900,31.07999992,1082600,23,1082600,18.59000015,7278900,16.79999924,7278900
5/6/2010 0:41,29.87999916,128613000,27.90999985,128613000,36.8928566,321465200,28.4642849,321465200,17.45192337,189407700,14.56730747,189407700,1.120000005,155700,1.049999952,155700,3.266000032,735000,3.052400112,735000,31.43000031,6056700,28.95000076,6056700,24.90700912,9026600,21.93132973,9026600,30.37392044,24590800,27.03375053,24590800,7.090000153,21421000,5.699999809,21421000,1.649999976,5900,1.620000005,5900,10.93791485,163100,9.952606201,163100,6.764444351,428100,6.373333454,428100,45.09999847,1738900,42.18999863,1738900,31.07999992,1082600,23,1082600,18.59000015,7278900,16.79999924,7278900
5/6/2010 0:42,29.87999916,128613000,27.90999985,128613000,36.8928566,321465200,28.4642849,321465200,17.45192337,189407700,14.56730747,189407700,1.120000005,155700,1.049999952,155700,3.266000032,735000,3.052400112,735000,31.43000031,6056700,28.95000076,6056700,24.90700912,9026600,21.93132973,9026600,30.37392044,24590800,27.03375053,24590800,7.090000153,21421000,5.699999809,21421000,1.649999976,5900,1.620000005,5900,10.93791485,163100,9.952606201,163100,6.764444351,428100,6.373333454,428100,45.09999847,1738900,42.18999863,1738900,31.07999992,1082600,23,1082600,18.59000015,7278900,16.79999924,7278900
5/6/2010 0:43,29.87999916,128613000,27.90999985,128613000,36.8928566,321465200,28.4642849,321465200,17.45192337,189407700,14.56730747,189407700,1.120000005,155700,1.049999952,155700,3.266000032,735000,3.052400112,735000,31.43000031,6056700,28.95000076,6056700,24.90700912,9026600,21.93132973,9026600,30.37392044,24590800,27.03375053,24590800,7.090000153,21421000,5.699999809,21421000,1.649999976,5900,1.620000005,5900,10.93791485,163100,9.952606201,163100,6.764444351,428100,6.373333454,428100,45.09999847,1738900,42.18999863,1738900,31.07999992,1082600,23,1082600,18.59000015,7278900,16.79999924,7278900
5/6/2010 0:44,29.87999916,128613000,27.90999985,128613000,36.8928566,321465200,28.4642849,321465200,17.45192337,189407700,14.56730747,189407700,1.120000005,155700,1.049999952,155700,3.266000032,735000,3.052400112,735000,31.43000031,6056700,28.95000076,6056700,24.90700912,9026600,21.93132973,9026600,30.37392044,24590800,27.03375053,24590800,7.090000153,21421000,5.699999809,21421000,1.649999976,5900,1.620000005,5900,10.93791485,163100,9.952606201,163100,6.764444351,428100,6.373333454,428100,45.09999847,1738900,42.18999863,1738900,31.07999992,1082600,23,1082600,18.59000015,7278900,16.79999924,7278900
5/6/2010 0:45,29.87999916,128613000,27.90999985,128613000,36.8928566,321465200,28.4642849,321465200,17.45192337,189407700,14.56730747,189407700,1.120000005,155700,1.049999952,155700,3.266000032,735000,3.052400112,735000,31.43000031,6056700,28.95000076,6056700,24.90700912,9026600,21.93132973,9026600,30.37392044,24590800,27.03375053,24590800,7.090000153,21421000,5.699999809,21421000,1.649999976,5900,1.620000005,5900,10.93791485,163100,9.952606201,163100,6.764444351,428100,6.373333454,428100,45.09999847,1738900,42.18999863,1738900,31.07999992,1082600,23,1082600,18.59000015,7278900,16.79999924,7278900
5/6/2010 0:46,29.87999916,128613000,27.90999985,128613000,36.8928566,321465200,28.4642849,321465200,17.45192337,189407700,14.56730747,189407700,1.120000005,155700,1.049999952,155700,3.266000032,735000,3.052400112,735000,31.43000031,6056700,28.95000076,6056700,24.90700912,9026600,21.93132973,9026600,30.37392044,24590800,27.03375053,24590800,7.090000153,21421000,5.699999809,21421000,1.649999976,5900,1.620000005,5900,10.93791485,163100,9.952606201,163100,6.764444351,428100,6.373333454,428100,45.09999847,1738900,42.18999863,1738900,31.07999992,1082600,23,1082600,18.59000015,7278900,16.79999924,7278900
5/6/2010 0:47,29.87999916,128613000,27.90999985,128613000,36.8928566,321465200,28.4642849,321465200,17.45192337,189407700,14.56730747,189407700,1.120000005,155700,1.049999952,155700,3.266000032,735000,3.052400112,735000,31.43000031,6056700,28.95000076,6056700,24.90700912,9026600,21.93132973,9026600,30.37392044,24590800,27.03375053,24590800,7.090000153,21421000,5.699999809,21421000,1.649999976,5900,1.620000005,5900,10.93791485,163100,9.952606201,163100,6.764444351,428100,6.373333454,428100,45.09999847,1738900,42.18999863,1738900,31.07999992,1082600,23,1082600,18.59000015,7278900,16.79999924,7278900
5/6/2010 0:48,29.87999916,128613000,27.90999985,128613000,36.8928566,321465200,28.4642849,321465200,17.45192337,189407700,14.56730747,189407700,1.120000005,155700,1.049999952,155700,3.266000032,735000,3.052400112,735000,31.43000031,6056700,28.95000076,6056700,24.90700912,9026600,21.93132973,9026600,30.37392044,24590800,27.03375053,24590800,7.090000153,21421000,5.699999809,21421000,1.649999976,5900,1.620000005,5900,10.93791485,163100,9.952606201,163100,6.764444351,428100,6.373333454,428100,45.09999847,1738900,42.18999863,1738900,31.07999992,1082600,23,1082600,18.59000015,7278900,16.79999924,7278900
5/6/2010 0:49,29.87999916,128613000,27.90999985,128613000,36.8928566,321465200,28.4642849,321465200,17.45192337,189407700,14.56730747,189407700,1.120000005,155700,1.049999952,155700,3.266000032,735000,3.052400112,735000,31.43000031,6056700,28.95000076,6056700,24.90700912,9026600,21.93132973,9026600,30.37392044,24590800,27.03375053,24590800,7.090000153,21421000,5.699999809,21421000,1.649999976,5900,1.620000005,5900,10.93791485,163100,9.952606201,163100,6.764444351,428100,6.373333454,428100,45.09999847,1738900,42.18999863,1738900,31.07999992,1082600,23,1082600,18.59000015,7278900,16.79999924,7278900
5/6/2010 0:50,29.87999916,128613000,27.90999985,128613000,36.8928566,321465200,28.4642849,321465200,17.45192337,189407700,14.56730747,189407700,1.120000005,155700,1.049999952,155700,3.266000032,735000,3.052400112,735000,31.43000031,6056700,28.95000076,6056700,24.90700912,9026600,21.93132973,9026600,30.37392044,24590800,27.03375053,24590800,7.090000153,21421000,5.699999809,21421000,1.649999976,5900,1.620000005,5900,10.93791485,163100,9.952606201,163100,6.764444351,428100,6.373333454,428100,45.09999847,1738900,42.18999863,1738900,31.07999992,1082600,23,1082600,18.59000015,7278900,16.79999924,7278900
5/6/2010 0:51,29.87999916,128613000,27.90999985,128613000,36.8928566,321465200,28.4642849,321465200,17.45192337,189407700,14.56730747,189407700,1.120000005,155700,1.049999952,155700,3.266000032,735000,3.052400112,735000,31.43000031,6056700,28.95000076,6056700,24.90700912,9026600,21.93132973,9026600,30.37392044,24590800,27.03375053,24590800,7.090000153,21421000,5.699999809,21421000,1.649999976,5900,1.620000005,5900,10.93791485,163100,9.952606201,163100,6.764444351,428100,6.373333454,428100,45.09999847,1738900,42.18999863,1738900,31.07999992,1082600,23,1082600,18.59000015,7278900,16.79999924,7278900
5/6/2010 0:52,29.87999916,128613000,27.90999985,128613000,36.8928566,321465200,28.4642849,321465200,17.45192337,189407700,14.56730747,189407700,1.120000005,155700,1.049999952,155700,3.266000032,735000,3.052400112,735000,31.43000031,6056700,28.95000076,6056700,24.90700912,9026600,21.93132973,9026600,30.37392044,24590800,27.03375053,24590800,7.090000153,21421000,5.699999809,21421000,1.649999976,5900,1.620000005,5900,10.93791485,163100,9.952606201,163100,6.764444351,428100,6.373333454,428100,45.09999847,1738900,42.18999863,1738900,31.07999992,1082600,23,1082600,18.59000015,7278900,16.79999924,7278900
5/6/2010 0:53,29.87999916,128613000,27.90999985,128613000,36.8928566,321465200,28.4642849,321465200,17.45192337,189407700,14.56730747,189407700,1.120000005,155700,1.049999952,155700,3.266000032,735000,3.052400112,735000,31.43000031,6056700,28.95000076,6056700,24.90700912,9026600,21.93132973,9026600,30.37392044,24590800,27.03375053,24590800,7.090000153,21421000,5.699999809,21421000,1.649999976,5900,1.620000005,5900,10.93791485,163100,9.952606201,163100,6.764444351,428100,6.373333454,428100,45.09999847,1738900,42.18999863,1738900,31.07999992,1082600,23,1082600,18.59000015,7278900,16.79999924,7278900
5/6/2010 0:54,29.87999916,128613000,27.90999985,128613000,36.8928566,321465200,28.4642849,321465200,17.45192337,189407700,14.56730747,189407700,1.120000005,155700,1.049999952,155700,3.266000032,735000,3.052400112,735000,31.43000031,6056700,28.95000076,6056700,24.90700912,9026600,21.93132973,9026600,30.37392044,24590800,27.03375053,24590800,7.090000153,21421000,5.699999809,21421000,1.649999976,5900,1.620000005,5900,10.93791485,163100,9.952606201,163100,6.764444351,428100,6.373333454,428100,45.09999847,1738900,42.18999863,1738900,31.07999992,1082600,23,1082600,18.59000015,7278900,16.79999924,7278900
5/6/2010 0:55,29.87999916,128613000,27.90999985,128613000,36.8928566,321465200,28.4642849,321465200,17.45192337,189407700,14.56730747,189407700,1.120000005,155700,1.049999952,155700,3.266000032,735000,3.052400112,735000,31.43000031,6056700,28.95000076,6056700,24.90700912,9026600,21.93132973,9026600,30.37392044,24590800,27.03375053,24590800,7.090000153,21421000,5.699999809,21421000,1.649999976,5900,1.620000005,5900,10.93791485,163100,9.952606201,163100,6.764444351,428100,6.373333454,428100,45.09999847,1738900,42.18999863,1738900,31.07999992,1082600,23,1082600,18.59000015,7278900,16.79999924,7278900
5/6/2010 0:56,29.87999916,128613000,27.90999985,128613000,36.8928566,321465200,28.4642849,321465200,17.45192337,189407700,14.56730747,189407700,1.120000005,155700,1.049999952,155700,3.266000032,735000,3.052400112,735000,31.43000031,6056700,28.95000076,6056700,24.90700912,9026600,21.93132973,9026600,30.37392044,24590800,27.03375053,24590800,7.090000153,21421000,5.699999809,21421000,1.649999976,5900,1.620000005,5900,10.93791485,163100,9.952606201,163100,6.764444351,428100,6.373333454,428100,45.09999847,1738900,42.18999863,1738900,31.07999992,1082600,23,1082600,18.59000015,7278900,16.79999924,7278900
5/6/2010 0:57,29.87999916,128613000,27.90999985,128613000,36.8928566,321465200,28.4642849,321465200,17.45192337,189407700,14.56730747,189407700,1.120000005,155700,1.049999952,155700,3.266000032,735000,3.052400112,735000,31.43000031,6056700,28.95000076,6056700,24.90700912,9026600,21.93132973,9026600,30.37392044,24590800,27.03375053,24590800,7.090000153,21421000,5.699999809,21421000,1.649999976,5900,1.620000005,5900,10.93791485,163100,9.952606201,163100,6.764444351,428100,6.373333454,428100,45.09999847,1738900,42.18999863,1738900,31.07999992,1082600,23,1082600,18.59000015,7278900,16.79999924,7278900
5/6/2010 0:58,29.87999916,128613000,27.90999985,128613000,36.8928566,321465200,28.4642849,321465200,17.45192337,189407700,14.56730747,189407700,1.120000005,155700,1.049999952,155700,3.266000032,735000,3.052400112,735000,31.43000031,6056700,28.95000076,6056700,24.90700912,9026600,21.93132973,9026600,30.37392044,24590800,27.03375053,24590800,7.090000153,21421000,5.699999809,21421000,1.649999976,5900,1.620000005,5900,10.93791485,163100,9.952606201,163100,6.764444351,428100,6.373333454,428100,45.09999847,1738900,42.18999863,1738900,31.07999992,1082600,23,1082600,18.59000015,7278900,16.79999924,7278900
5/6/2010 0:59,29.87999916,128613000,27.90999985,128613000,36.8928566,321465200,28.4642849,321465200,17.45192337,189407700,14.56730747,189407700,1.120000005,155700,1.049999952,155700,3.266000032,735000,3.052400112,735000,31.43000031,6056700,28.95000076,6056700,24.90700912,9026600,21.93132973,9026600,30.37392044,24590800,27.03375053,24590800,7.090000153,21421000,5.699999809,21421000,1.649999976,5900,1.620000005,5900,10.93791485,163100,9.952606201,163100,6.764444351,428100,6.373333454,428100,45.09999847,1738900,42.18999863,1738900,31.07999992,1082600,23,1082600,18.59000015,7278900,16.79999924,7278900
5/6/2010 1:00,29.87999916,128613000,27.90999985,128613000,36.8928566,321465200,28.4642849,321465200,17.45192337,189407700,14.56730747,189407700,1.120000005,155700,1.049999952,155700,3.266000032,735000,3.052400112,735000,31.43000031,6056700,28.95000076,6056700,24.90700912,9026600,21.93132973,9026600,30.37392044,24590800,27.03375053,24590800,7.090000153,21421000,5.699999809,21421000,1.649999976,5900,1.620000005,5900,10.93791485,163100,9.952606201,163100,6.764444351,428100,6.373333454,428100,45.09999847,1738900,42.18999863,1738900,31.07999992,1082600,23,1082600,18.59000015,7278900,16.79999924,7278900
5/6/2010 1:01,29.87999916,128613000,27.90999985,128613000,36.8928566,321465200,28.4642849,321465200,17.45192337,189407700,14.56730747,189407700,1.120000005,155700,1.049999952,155700,3.266000032,735000,3.052400112,735000,31.43000031,6056700,28.95000076,6056700,24.90700912,9026600,21.93132973,9026600,30.37392044,24590800,27.03375053,24590800,7.090000153,21421000,5.699999809,21421000,1.649999976,5900,1.620000005,5900,10.93791485,163100,9.952606201,163100,6.764444351,428100,6.373333454,428100,45.09999847,1738900,42.18999863,1738900,31.07999992,1082600,23,1082600,18.59000015,7278900,16.79999924,7278900
5/6/2010 1:02,29.87999916,128613000,27.90999985,128613000,36.8928566,321465200,28.4642849,321465200,17.45192337,189407700,14.56730747,189407700,1.120000005,155700,1.049999952,155700,3.266000032,735000,3.052400112,735000,31.43000031,6056700,28.95000076,6056700,24.90700912,9026600,21.93132973,9026600,30.37392044,24590800,27.03375053,24590800,7.090000153,21421000,5.699999809,21421000,1.649999976,5900,1.620000005,5900,10.93791485,163100,9.952606201,163100,6.764444351,428100,6.373333454,428100,45.09999847,1738900,42.18999863,1738900,31.07999992,1082600,23,1082600,18.59000015,7278900,16.79999924,7278900
5/6/2010 1:03,29.87999916,128613000,27.90999985,128613000,36.8928566,321465200,28.4642849,321465200,17.45192337,189407700,14.56730747,189407700,1.120000005,155700,1.049999952,155700,3.266000032,735000,3.052400112,735000,31.43000031,6056700,28.95000076,6056700,24.90700912,9026600,21.93132973,9026600,30.37392044,24590800,27.03375053,24590800,7.090000153,21421000,5.699999809,21421000,1.649999976,5900,1.620000005,5900,10.93791485,163100,9.952606201,163100,6.764444351,428100,6.373333454,428100,45.09999847,1738900,42.18999863,1738900,31.07999992,1082600,23,1082600,18.59000015,7278900,16.79999924,7278900
5/6/2010 1:04,29.87999916,128613000,27.90999985,128613000,36.8928566,321465200,28.4642849,321465200,17.45192337,189407700,14.56730747,189407700,1.120000005,155700,1.049999952,155700,3.266000032,735000,3.052400112,735000,31.43000031,6056700,28.95000076,6056700,24.90700912,9026600,21.93132973,9026600,30.37392044,24590800,27.03375053,24590800,7.090000153,21421000,5.699999809,21421000,1.649999976,5900,1.620000005,5900,10.93791485,163100,9.952606201,163100,6.764444351,428100,6.373333454,428100,45.09999847,1738900,42.18999863,1738900,31.07999992,1082600,23,1082600,18.59000015,7278900,16.79999924,7278900
5/6/2010 1:05,29.87999916,128613000,27.90999985,128613000,36.8928566,321465200,28.4642849,321465200,17.45192337,189407700,14.56730747,189407700,1.120000005,155700,1.049999952,155700,3.266000032,735000,3.052400112,735000,31.43000031,6056700,28.95000076,6056700,24.90700912,9026600,21.93132973,9026600,30.37392044,24590800,27.03375053,24590800,7.090000153,21421000,5.699999809,21421000,1.649999976,5900,1.620000005,5900,10.93791485,163100,9.952606201,163100,6.764444351,428100,6.373333454,428100,45.09999847,1738900,42.18999863,1738900,31.07999992,1082600,23,1082600,18.59000015,7278900,16.79999924,7278900
5/6/2010 1:06,29.87999916,128613000,27.90999985,128613000,36.8928566,321465200,28.4642849,321465200,17.45192337,189407700,14.56730747,189407700,1.120000005,155700,1.049999952,155700,3.266000032,735000,3.052400112,735000,31.43000031,6056700,28.95000076,6056700,24.90700912,9026600,21.93132973,9026600,30.37392044,24590800,27.03375053,24590800,7.090000153,21421000,5.699999809,21421000,1.649999976,5900,1.620000005,5900,10.93791485,163100,9.952606201,163100,6.764444351,428100,6.373333454,428100,45.09999847,1738900,42.18999863,1738900,31.07999992,1082600,23,1082600,18.59000015,7278900,16.79999924,7278900
5/6/2010 1:07,29.87999916,128613000,27.90999985,128613000,36.8928566,321465200,28.4642849,321465200,17.45192337,189407700,14.56730747,189407700,1.120000005,155700,1.049999952,155700,3.266000032,735000,3.052400112,735000,31.43000031,6056700,28.95000076,6056700,24.90700912,9026600,21.93132973,9026600,30.37392044,24590800,27.03375053,24590800,7.090000153,21421000,5.699999809,21421000,1.649999976,5900,1.620000005,5900,10.93791485,163100,9.952606201,163100,6.764444351,428100,6.373333454,428100,45.09999847,1738900,42.18999863,1738900,31.07999992,1082600,23,1082600,18.59000015,7278900,16.79999924,7278900
5/6/2010 1:08,29.87999916,128613000,27.90999985,128613000,36.8928566,321465200,28.4642849,321465200,17.45192337,189407700,14.56730747,189407700,1.120000005,155700,1.049999952,155700,3.266000032,735000,3.052400112,735000,31.43000031,6056700,28.95000076,6056700,24.90700912,9026600,21.93132973,9026600,30.37392044,24590800,27.03375053,24590800,7.090000153,21421000,5.699999809,21421000,1.649999976,5900,1.620000005,5900,10.93791485,163100,9.952606201,163100,6.764444351,428100,6.373333454,428100,45.09999847,1738900,42.18999863,1738900,31.07999992,1082600,23,1082600,18.59000015,7278900,16.79999924,7278900
5/6/2010 1:09,29.87999916,128613000,27.90999985,128613000,36.8928566,321465200,28.4642849,321465200,17.45192337,189407700,14.56730747,189407700,1.120000005,155700,1.049999952,155700,3.266000032,735000,3.052400112,735000,31.43000031,6056700,28.95000076,6056700,24.90700912,9026600,21.93132973,9026600,30.37392044,24590800,27.03375053,24590800,7.090000153,21421000,5.699999809,21421000,1.649999976,5900,1.620000005,5900,10.93791485,163100,9.952606201,163100,6.764444351,428100,6.373333454,428100,45.09999847,1738900,42.18999863,1738900,31.07999992,1082600,23,1082600,18.59000015,7278900,16.79999924,7278900
5/6/2010 1:10,29.87999916,128613000,27.90999985,128613000,36.8928566,321465200,28.4642849,321465200,17.45192337,189407700,14.56730747,189407700,1.120000005,155700,1.049999952,155700,3.266000032,735000,3.052400112,735000,31.43000031,6056700,28.95000076,6056700,24.90700912,9026600,21.93132973,9026600,30.37392044,24590800,27.03375053,24590800,7.090000153,21421000,5.699999809,21421000,1.649999976,5900,1.620000005,5900,10.93791485,163100,9.952606201,163100,6.764444351,428100,6.373333454,428100,45.09999847,1738900,42.18999863,1738900,31.07999992,1082600,23,1082600,18.59000015,7278900,16.79999924,7278900
5/6/2010 1:11,29.87999916,128613000,27.90999985,128613000,36.8928566,321465200,28.4642849,321465200,17.45192337,189407700,14.56730747,189407700,1.120000005,155700,1.049999952,155700,3.266000032,735000,3.052400112,735000,31.43000031,6056700,28.95000076,6056700,24.90700912,9026600,21.93132973,9026600,30.37392044,24590800,27.03375053,24590800,7.090000153,21421000,5.699999809,21421000,1.649999976,5900,1.620000005,5900,10.93791485,163100,9.952606201,163100,6.764444351,428100,6.373333454,428100,45.09999847,1738900,42.18999863,1738900,31.07999992,1082600,23,1082600,18.59000015,7278900,16.79999924,7278900
5/6/2010 1:12,29.87999916,128613000,27.90999985,128613000,36.8928566,321465200,28.4642849,321465200,17.45192337,189407700,14.56730747,189407700,1.120000005,155700,1.049999952,155700,3.266000032,735000,3.052400112,735000,31.43000031,6056700,28.95000076,6056700,24.90700912,9026600,21.93132973,9026600,30.37392044,24590800,27.03375053,24590800,7.090000153,21421000,5.699999809,21421000,1.649999976,5900,1.620000005,5900,10.93791485,163100,9.952606201,163100,6.764444351,428100,6.373333454,428100,45.09999847,1738900,42.18999863,1738900,31.07999992,1082600,23,1082600,18.59000015,7278900,16.79999924,7278900
5/6/2010 1:13,29.87999916,128613000,27.90999985,128613000,36.8928566,321465200,28.4642849,321465200,17.45192337,189407700,14.56730747,189407700,1.120000005,155700,1.049999952,155700,3.266000032,735000,3.052400112,735000,31.43000031,6056700,28.95000076,6056700,24.90700912,9026600,21.93132973,9026600,30.37392044,24590800,27.03375053,24590800,7.090000153,21421000,5.699999809,21421000,1.649999976,5900,1.620000005,5900,10.93791485,163100,9.952606201,163100,6.764444351,428100,6.373333454,428100,45.09999847,1738900,42.18999863,1738900,31.07999992,1082600,23,1082600,18.59000015,7278900,16.79999924,7278900
5/6/2010 1:14,29.87999916,128613000,27.90999985,128613000,36.8928566,321465200,28.4642849,321465200,17.45192337,189407700,14.56730747,189407700,1.120000005,155700,1.049999952,155700,3.266000032,735000,3.052400112,735000,31.43000031,6056700,28.95000076,6056700,24.90700912,9026600,21.93132973,9026600,30.37392044,24590800,27.03375053,24590800,7.090000153,21421000,5.699999809,21421000,1.649999976,5900,1.620000005,5900,10.93791485,163100,9.952606201,163100,6.764444351,428100,6.373333454,428100,45.09999847,1738900,42.18999863,1738900,31.07999992,1082600,23,1082600,18.59000015,7278900,16.79999924,7278900
5/6/2010 1:15,29.87999916,128613000,27.90999985,128613000,36.8928566,321465200,28.4642849,321465200,17.45192337,189407700,14.56730747,189407700,1.120000005,155700,1.049999952,155700,3.266000032,735000,3.052400112,735000,31.43000031,6056700,28.95000076,6056700,24.90700912,9026600,21.93132973,9026600,30.37392044,24590800,27.03375053,24590800,7.090000153,21421000,5.699999809,21421000,1.649999976,5900,1.620000005,5900,10.93791485,163100,9.952606201,163100,6.764444351,428100,6.373333454,428100,45.09999847,1738900,42.18999863,1738900,31.07999992,1082600,23,1082600,18.59000015,7278900,16.79999924,7278900
5/6/2010 1:16,29.87999916,128613000,27.90999985,128613000,36.8928566,321465200,28.4642849,321465200,17.45192337,189407700,14.56730747,189407700,1.120000005,155700,1.049999952,155700,3.266000032,735000,3.052400112,735000,31.43000031,6056700,28.95000076,6056700,24.90700912,9026600,21.93132973,9026600,30.37392044,24590800,27.03375053,24590800,7.090000153,21421000,5.699999809,21421000,1.649999976,5900,1.620000005,5900,10.93791485,163100,9.952606201,163100,6.764444351,428100,6.373333454,428100,45.09999847,1738900,42.18999863,1738900,31.07999992,1082600,23,1082600,18.59000015,7278900,16.79999924,7278900
5/6/2010 1:17,29.87999916,128613000,27.90999985,128613000,36.8928566,321465200,28.4642849,321465200,17.45192337,189407700,14.56730747,189407700,1.120000005,155700,1.049999952,155700,3.266000032,735000,3.052400112,735000,31.43000031,6056700,28.95000076,6056700,24.90700912,9026600,21.93132973,9026600,30.37392044,24590800,27.03375053,24590800,7.090000153,21421000,5.699999809,21421000,1.649999976,5900,1.620000005,5900,10.93791485,163100,9.952606201,163100,6.764444351,428100,6.373333454,428100,45.09999847,1738900,42.18999863,1738900,31.07999992,1082600,23,1082600,18.59000015,7278900,16.79999924,7278900
5/6/2010 1:18,29.87999916,128613000,27.90999985,128613000,36.8928566,321465200,28.4642849,321465200,17.45192337,189407700,14.56730747,189407700,1.120000005,155700,1.049999952,155700,3.266000032,735000,3.052400112,735000,31.43000031,6056700,28.95000076,6056700,24.90700912,9026600,21.93132973,9026600,30.37392044,24590800,27.03375053,24590800,7.090000153,21421000,5.699999809,21421000,1.649999976,5900,1.620000005,5900,10.93791485,163100,9.952606201,163100,6.764444351,428100,6.373333454,428100,45.09999847,1738900,42.18999863,1738900,31.07999992,1082600,23,1082600,18.59000015,7278900,16.79999924,7278900
5/6/2010 1:19,29.87999916,128613000,27.90999985,128613000,36.8928566,321465200,28.4642849,321465200,17.45192337,189407700,14.56730747,189407700,1.120000005,155700,1.049999952,155700,3.266000032,735000,3.052400112,735000,31.43000031,6056700,28.95000076,6056700,24.90700912,9026600,21.93132973,9026600,30.37392044,24590800,27.03375053,24590800,7.090000153,21421000,5.699999809,21421000,1.649999976,5900,1.620000005,5900,10.93791485,163100,9.952606201,163100,6.764444351,428100,6.373333454,428100,45.09999847,1738900,42.18999863,1738900,31.07999992,1082600,23,1082600,18.59000015,7278900,16.79999924,7278900
5/6/2010 1:20,29.87999916,128613000,27.90999985,128613000,36.8928566,321465200,28.4642849,321465200,17.45192337,189407700,14.56730747,189407700,1.120000005,155700,1.049999952,155700,3.266000032,735000,3.052400112,735000,31.43000031,6056700,28.95000076,6056700,24.90700912,9026600,21.93132973,9026600,30.37392044,24590800,27.03375053,24590800,7.090000153,21421000,5.699999809,21421000,1.649999976,5900,1.620000005,5900,10.93791485,163100,9.952606201,163100,6.764444351,428100,6.373333454,428100,45.09999847,1738900,42.18999863,1738900,31.07999992,1082600,23,1082600,18.59000015,7278900,16.79999924,7278900
5/6/2010 1:21,29.87999916,128613000,27.90999985,128613000,36.8928566,321465200,28.4642849,321465200,17.45192337,189407700,14.56730747,189407700,1.120000005,155700,1.049999952,155700,3.266000032,735000,3.052400112,735000,31.43000031,6056700,28.95000076,6056700,24.90700912,9026600,21.93132973,9026600,30.37392044,24590800,27.03375053,24590800,7.090000153,21421000,5.699999809,21421000,1.649999976,5900,1.620000005,5900,10.93791485,163100,9.952606201,163100,6.764444351,428100,6.373333454,428100,45.09999847,1738900,42.18999863,1738900,31.07999992,1082600,23,1082600,18.59000015,7278900,16.79999924,7278900
5/6/2010 1:22,29.87999916,128613000,27.90999985,128613000,36.8928566,321465200,28.4642849,321465200,17.45192337,189407700,14.56730747,189407700,1.120000005,155700,1.049999952,155700,3.266000032,735000,3.052400112,735000,31.43000031,6056700,28.95000076,6056700,24.90700912,9026600,21.93132973,9026600,30.37392044,24590800,27.03375053,24590800,7.090000153,21421000,5.699999809,21421000,1.649999976,5900,1.620000005,5900,10.93791485,163100,9.952606201,163100,6.764444351,428100,6.373333454,428100,45.09999847,1738900,42.18999863,1738900,31.07999992,1082600,23,1082600,18.59000015,7278900,16.79999924,7278900
5/6/2010 1:23,29.87999916,128613000,27.90999985,128613000,36.8928566,321465200,28.4642849,321465200,17.45192337,189407700,14.56730747,189407700,1.120000005,155700,1.049999952,155700,3.266000032,735000,3.052400112,735000,31.43000031,6056700,28.95000076,6056700,24.90700912,9026600,21.93132973,9026600,30.37392044,24590800,27.03375053,24590800,7.090000153,21421000,5.699999809,21421000,1.649999976,5900,1.620000005,5900,10.93791485,163100,9.952606201,163100,6.764444351,428100,6.373333454,428100,45.09999847,1738900,42.18999863,1738900,31.07999992,1082600,23,1082600,18.59000015,7278900,16.79999924,7278900
5/6/2010 1:24,29.87999916,128613000,27.90999985,128613000,36.8928566,321465200,28.4642849,321465200,17.45192337,189407700,14.56730747,189407700,1.120000005,155700,1.049999952,155700,3.266000032,735000,3.052400112,735000,31.43000031,6056700,28.95000076,6056700,24.90700912,9026600,21.93132973,9026600,30.37392044,24590800,27.03375053,24590800,7.090000153,21421000,5.699999809,21421000,1.649999976,5900,1.620000005,5900,10.93791485,163100,9.952606201,163100,6.764444351,428100,6.373333454,428100,45.09999847,1738900,42.18999863,1738900,31.07999992,1082600,23,1082600,18.59000015,7278900,16.79999924,7278900
5/6/2010 1:25,29.87999916,128613000,27.90999985,128613000,36.8928566,321465200,28.4642849,321465200,17.45192337,189407700,14.56730747,189407700,1.120000005,155700,1.049999952,155700,3.266000032,735000,3.052400112,735000,31.43000031,6056700,28.95000076,6056700,24.90700912,9026600,21.93132973,9026600,30.37392044,24590800,27.03375053,24590800,7.090000153,21421000,5.699999809,21421000,1.649999976,5900,1.620000005,5900,10.93791485,163100,9.952606201,163100,6.764444351,428100,6.373333454,428100,45.09999847,1738900,42.18999863,1738900,31.07999992,1082600,23,1082600,18.59000015,7278900,16.79999924,7278900
5/6/2010 1:26,29.87999916,128613000,27.90999985,128613000,36.8928566,321465200,28.4642849,321465200,17.45192337,189407700,14.56730747,189407700,1.120000005,155700,1.049999952,155700,3.266000032,735000,3.052400112,735000,31.43000031,6056700,28.95000076,6056700,24.90700912,9026600,21.93132973,9026600,30.37392044,24590800,27.03375053,24590800,7.090000153,21421000,5.699999809,21421000,1.649999976,5900,1.620000005,5900,10.93791485,163100,9.952606201,163100,6.764444351,428100,6.373333454,428100,45.09999847,1738900,42.18999863,1738900,31.07999992,1082600,23,1082600,18.59000015,7278900,16.79999924,7278900
5/6/2010 1:27,29.87999916,128613000,27.90999985,128613000,36.8928566,321465200,28.4642849,321465200,17.45192337,189407700,14.56730747,189407700,1.120000005,155700,1.049999952,155700,3.266000032,735000,3.052400112,735000,31.43000031,6056700,28.95000076,6056700,24.90700912,9026600,21.93132973,9026600,30.37392044,24590800,27.03375053,24590800,7.090000153,21421000,5.699999809,21421000,1.649999976,5900,1.620000005,5900,10.93791485,163100,9.952606201,163100,6.764444351,428100,6.373333454,428100,45.09999847,1738900,42.18999863,1738900,31.07999992,1082600,23,1082600,18.59000015,7278900,16.79999924,7278900
5/6/2010 1:28,29.87999916,128613000,27.90999985,128613000,36.8928566,321465200,28.4642849,321465200,17.45192337,189407700,14.56730747,189407700,1.120000005,155700,1.049999952,155700,3.266000032,735000,3.052400112,735000,31.43000031,6056700,28.95000076,6056700,24.90700912,9026600,21.93132973,9026600,30.37392044,24590800,27.03375053,24590800,7.090000153,21421000,5.699999809,21421000,1.649999976,5900,1.620000005,5900,10.93791485,163100,9.952606201,163100,6.764444351,428100,6.373333454,428100,45.09999847,1738900,42.18999863,1738900,31.07999992,1082600,23,1082600,18.59000015,7278900,16.79999924,7278900
5/6/2010 1:29,29.87999916,128613000,27.90999985,128613000,36.8928566,321465200,28.4642849,321465200,17.45192337,189407700,14.56730747,189407700,1.120000005,155700,1.049999952,155700,3.266000032,735000,3.052400112,735000,31.43000031,6056700,28.95000076,6056700,24.90700912,9026600,21.93132973,9026600,30.37392044,24590800,27.03375053,24590800,7.090000153,21421000,5.699999809,21421000,1.649999976,5900,1.620000005,5900,10.93791485,163100,9.952606201,163100,6.764444351,428100,6.373333454,428100,45.09999847,1738900,42.18999863,1738900,31.07999992,1082600,23,1082600,18.59000015,7278900,16.79999924,7278900
5/6/2010 1:30,29.87999916,128613000,27.90999985,128613000,36.8928566,321465200,28.4642849,321465200,17.45192337,189407700,14.56730747,189407700,1.120000005,155700,1.049999952,155700,3.266000032,735000,3.052400112,735000,31.43000031,6056700,28.95000076,6056700,24.90700912,9026600,21.93132973,9026600,30.37392044,24590800,27.03375053,24590800,7.090000153,21421000,5.699999809,21421000,1.649999976,5900,1.620000005,5900,10.93791485,163100,9.952606201,163100,6.764444351,428100,6.373333454,428100,45.09999847,1738900,42.18999863,1738900,31.07999992,1082600,23,1082600,18.59000015,7278900,16.79999924,7278900
5/6/2010 1:31,29.87999916,128613000,27.90999985,128613000,36.8928566,321465200,28.4642849,321465200,17.45192337,189407700,14.56730747,189407700,1.120000005,155700,1.049999952,155700,3.266000032,735000,3.052400112,735000,31.43000031,6056700,28.95000076,6056700,24.90700912,9026600,21.93132973,9026600,30.37392044,24590800,27.03375053,24590800,7.090000153,21421000,5.699999809,21421000,1.649999976,5900,1.620000005,5900,10.93791485,163100,9.952606201,163100,6.764444351,428100,6.373333454,428100,45.09999847,1738900,42.18999863,1738900,31.07999992,1082600,23,1082600,18.59000015,7278900,16.79999924,7278900
5/6/2010 1:32,29.87999916,128613000,27.90999985,128613000,36.8928566,321465200,28.4642849,321465200,17.45192337,189407700,14.56730747,189407700,1.120000005,155700,1.049999952,155700,3.266000032,735000,3.052400112,735000,31.43000031,6056700,28.95000076,6056700,24.90700912,9026600,21.93132973,9026600,30.37392044,24590800,27.03375053,24590800,7.090000153,21421000,5.699999809,21421000,1.649999976,5900,1.620000005,5900,10.93791485,163100,9.952606201,163100,6.764444351,428100,6.373333454,428100,45.09999847,1738900,42.18999863,1738900,31.07999992,1082600,23,1082600,18.59000015,7278900,16.79999924,7278900
5/6/2010 1:33,29.87999916,128613000,27.90999985,128613000,36.8928566,321465200,28.4642849,321465200,17.45192337,189407700,14.56730747,189407700,1.120000005,155700,1.049999952,155700,3.266000032,735000,3.052400112,735000,31.43000031,6056700,28.95000076,6056700,24.90700912,9026600,21.93132973,9026600,30.37392044,24590800,27.03375053,24590800,7.090000153,21421000,5.699999809,21421000,1.649999976,5900,1.620000005,5900,10.93791485,163100,9.952606201,163100,6.764444351,428100,6.373333454,428100,45.09999847,1738900,42.18999863,1738900,31.07999992,1082600,23,1082600,18.59000015,7278900,16.79999924,7278900
5/6/2010 1:34,29.87999916,128613000,27.90999985,128613000,36.8928566,321465200,28.4642849,321465200,17.45192337,189407700,14.56730747,189407700,1.120000005,155700,1.049999952,155700,3.266000032,735000,3.052400112,735000,31.43000031,6056700,28.95000076,6056700,24.90700912,9026600,21.93132973,9026600,30.37392044,24590800,27.03375053,24590800,7.090000153,21421000,5.699999809,21421000,1.649999976,5900,1.620000005,5900,10.93791485,163100,9.952606201,163100,6.764444351,428100,6.373333454,428100,45.09999847,1738900,42.18999863,1738900,31.07999992,1082600,23,1082600,18.59000015,7278900,16.79999924,7278900
5/6/2010 1:35,29.87999916,128613000,27.90999985,128613000,36.8928566,321465200,28.4642849,321465200,17.45192337,189407700,14.56730747,189407700,1.120000005,155700,1.049999952,155700,3.266000032,735000,3.052400112,735000,31.43000031,6056700,28.95000076,6056700,24.90700912,9026600,21.93132973,9026600,30.37392044,24590800,27.03375053,24590800,7.090000153,21421000,5.699999809,21421000,1.649999976,5900,1.620000005,5900,10.93791485,163100,9.952606201,163100,6.764444351,428100,6.373333454,428100,45.09999847,1738900,42.18999863,1738900,31.07999992,1082600,23,1082600,18.59000015,7278900,16.79999924,7278900
5/6/2010 1:36,29.87999916,128613000,27.90999985,128613000,36.8928566,321465200,28.4642849,321465200,17.45192337,189407700,14.56730747,189407700,1.120000005,155700,1.049999952,155700,3.266000032,735000,3.052400112,735000,31.43000031,6056700,28.95000076,6056700,24.90700912,9026600,21.93132973,9026600,30.37392044,24590800,27.03375053,24590800,7.090000153,21421000,5.699999809,21421000,1.649999976,5900,1.620000005,5900,10.93791485,163100,9.952606201,163100,6.764444351,428100,6.373333454,428100,45.09999847,1738900,42.18999863,1738900,31.07999992,1082600,23,1082600,18.59000015,7278900,16.79999924,7278900
5/6/2010 1:37,29.87999916,128613000,27.90999985,128613000,36.8928566,321465200,28.4642849,321465200,17.45192337,189407700,14.56730747,189407700,1.120000005,155700,1.049999952,155700,3.266000032,735000,3.052400112,735000,31.43000031,6056700,28.95000076,6056700,24.90700912,9026600,21.93132973,9026600,30.37392044,24590800,27.03375053,24590800,7.090000153,21421000,5.699999809,21421000,1.649999976,5900,1.620000005,5900,10.93791485,163100,9.952606201,163100,6.764444351,428100,6.373333454,428100,45.09999847,1738900,42.18999863,1738900,31.07999992,1082600,23,1082600,18.59000015,7278900,16.79999924,7278900
5/6/2010 1:38,29.87999916,128613000,27.90999985,128613000,36.8928566,321465200,28.4642849,321465200,17.45192337,189407700,14.56730747,189407700,1.120000005,155700,1.049999952,155700,3.266000032,735000,3.052400112,735000,31.43000031,6056700,28.95000076,6056700,24.90700912,9026600,21.93132973,9026600,30.37392044,24590800,27.03375053,24590800,7.090000153,21421000,5.699999809,21421000,1.649999976,5900,1.620000005,5900,10.93791485,163100,9.952606201,163100,6.764444351,428100,6.373333454,428100,45.09999847,1738900,42.18999863,1738900,31.07999992,1082600,23,1082600,18.59000015,7278900,16.79999924,7278900
5/6/2010 1:39,29.87999916,128613000,27.90999985,128613000,36.8928566,321465200,28.4642849,321465200,17.45192337,189407700,14.56730747,189407700,1.120000005,155700,1.049999952,155700,3.266000032,735000,3.052400112,735000,31.43000031,6056700,28.95000076,6056700,24.90700912,9026600,21.93132973,9026600,30.37392044,24590800,27.03375053,24590800,7.090000153,21421000,5.699999809,21421000,1.649999976,5900,1.620000005,5900,10.93791485,163100,9.952606201,163100,6.764444351,428100,6.373333454,428100,45.09999847,1738900,42.18999863,1738900,31.07999992,1082600,23,1082600,18.59000015,7278900,16.79999924,7278900
5/6/2010 1:40,29.87999916,128613000,27.90999985,128613000,36.8928566,321465200,28.4642849,321465200,17.45192337,189407700,14.56730747,189407700,1.120000005,155700,1.049999952,155700,3.266000032,735000,3.052400112,735000,31.43000031,6056700,28.95000076,6056700,24.90700912,9026600,21.93132973,9026600,30.37392044,24590800,27.03375053,24590800,7.090000153,21421000,5.699999809,21421000,1.649999976,5900,1.620000005,5900,10.93791485,163100,9.952606201,163100,6.764444351,428100,6.373333454,428100,45.09999847,1738900,42.18999863,1738900,31.07999992,1082600,23,1082600,18.59000015,7278900,16.79999924,7278900
5/6/2010 1:41,29.87999916,128613000,27.90999985,128613000,36.8928566,321465200,28.4642849,321465200,17.45192337,189407700,14.56730747,189407700,1.120000005,155700,1.049999952,155700,3.266000032,735000,3.052400112,735000,31.43000031,6056700,28.95000076,6056700,24.90700912,9026600,21.93132973,9026600,30.37392044,24590800,27.03375053,24590800,7.090000153,21421000,5.699999809,21421000,1.649999976,5900,1.620000005,5900,10.93791485,163100,9.952606201,163100,6.764444351,428100,6.373333454,428100,45.09999847,1738900,42.18999863,1738900,31.07999992,1082600,23,1082600,18.59000015,7278900,16.79999924,7278900
5/6/2010 1:42,29.87999916,128613000,27.90999985,128613000,36.8928566,321465200,28.4642849,321465200,17.45192337,189407700,14.56730747,189407700,1.120000005,155700,1.049999952,155700,3.266000032,735000,3.052400112,735000,31.43000031,6056700,28.95000076,6056700,24.90700912,9026600,21.93132973,9026600,30.37392044,24590800,27.03375053,24590800,7.090000153,21421000,5.699999809,21421000,1.649999976,5900,1.620000005,5900,10.93791485,163100,9.952606201,163100,6.764444351,428100,6.373333454,428100,45.09999847,1738900,42.18999863,1738900,31.07999992,1082600,23,1082600,18.59000015,7278900,16.79999924,7278900
5/6/2010 1:43,29.87999916,128613000,27.90999985,128613000,36.8928566,321465200,28.4642849,321465200,17.45192337,189407700,14.56730747,189407700,1.120000005,155700,1.049999952,155700,3.266000032,735000,3.052400112,735000,31.43000031,6056700,28.95000076,6056700,24.90700912,9026600,21.93132973,9026600,30.37392044,24590800,27.03375053,24590800,7.090000153,21421000,5.699999809,21421000,1.649999976,5900,1.620000005,5900,10.93791485,163100,9.952606201,163100,6.764444351,428100,6.373333454,428100,45.09999847,1738900,42.18999863,1738900,31.07999992,1082600,23,1082600,18.59000015,7278900,16.79999924,7278900
5/6/2010 1:44,29.87999916,128613000,27.90999985,128613000,36.8928566,321465200,28.4642849,321465200,17.45192337,189407700,14.56730747,189407700,1.120000005,155700,1.049999952,155700,3.266000032,735000,3.052400112,735000,31.43000031,6056700,28.95000076,6056700,24.90700912,9026600,21.93132973,9026600,30.37392044,24590800,27.03375053,24590800,7.090000153,21421000,5.699999809,21421000,1.649999976,5900,1.620000005,5900,10.93791485,163100,9.952606201,163100,6.764444351,428100,6.373333454,428100,45.09999847,1738900,42.18999863,1738900,31.07999992,1082600,23,1082600,18.59000015,7278900,16.79999924,7278900
5/6/2010 1:45,29.87999916,128613000,27.90999985,128613000,36.8928566,321465200,28.4642849,321465200,17.45192337,189407700,14.56730747,189407700,1.120000005,155700,1.049999952,155700,3.266000032,735000,3.052400112,735000,31.43000031,6056700,28.95000076,6056700,24.90700912,9026600,21.93132973,9026600,30.37392044,24590800,27.03375053,24590800,7.090000153,21421000,5.699999809,21421000,1.649999976,5900,1.620000005,5900,10.93791485,163100,9.952606201,163100,6.764444351,428100,6.373333454,428100,45.09999847,1738900,42.18999863,1738900,31.07999992,1082600,23,1082600,18.59000015,7278900,16.79999924,7278900
5/6/2010 1:46,29.87999916,128613000,27.90999985,128613000,36.8928566,321465200,28.4642849,321465200,17.45192337,189407700,14.56730747,189407700,1.120000005,155700,1.049999952,155700,3.266000032,735000,3.052400112,735000,31.43000031,6056700,28.95000076,6056700,24.90700912,9026600,21.93132973,9026600,30.37392044,24590800,27.03375053,24590800,7.090000153,21421000,5.699999809,21421000,1.649999976,5900,1.620000005,5900,10.93791485,163100,9.952606201,163100,6.764444351,428100,6.373333454,428100,45.09999847,1738900,42.18999863,1738900,31.07999992,1082600,23,1082600,18.59000015,7278900,16.79999924,7278900
5/6/2010 1:47,29.87999916,128613000,27.90999985,128613000,36.8928566,321465200,28.4642849,321465200,17.45192337,189407700,14.56730747,189407700,1.120000005,155700,1.049999952,155700,3.266000032,735000,3.052400112,735000,31.43000031,6056700,28.95000076,6056700,24.90700912,9026600,21.93132973,9026600,30.37392044,24590800,27.03375053,24590800,7.090000153,21421000,5.699999809,21421000,1.649999976,5900,1.620000005,5900,10.93791485,163100,9.952606201,163100,6.764444351,428100,6.373333454,428100,45.09999847,1738900,42.18999863,1738900,31.07999992,1082600,23,1082600,18.59000015,7278900,16.79999924,7278900
5/6/2010 1:48,29.87999916,128613000,27.90999985,128613000,36.8928566,321465200,28.4642849,321465200,17.45192337,189407700,14.56730747,189407700,1.120000005,155700,1.049999952,155700,3.266000032,735000,3.052400112,735000,31.43000031,6056700,28.95000076,6056700,24.90700912,9026600,21.93132973,9026600,30.37392044,24590800,27.03375053,24590800,7.090000153,21421000,5.699999809,21421000,1.649999976,5900,1.620000005,5900,10.93791485,163100,9.952606201,163100,6.764444351,428100,6.373333454,428100,45.09999847,1738900,42.18999863,1738900,31.07999992,1082600,23,1082600,18.59000015,7278900,16.79999924,7278900
5/6/2010 1:49,29.87999916,128613000,27.90999985,128613000,36.8928566,321465200,28.4642849,321465200,17.45192337,189407700,14.56730747,189407700,1.120000005,155700,1.049999952,155700,3.266000032,735000,3.052400112,735000,31.43000031,6056700,28.95000076,6056700,24.90700912,9026600,21.93132973,9026600,30.37392044,24590800,27.03375053,24590800,7.090000153,21421000,5.699999809,21421000,1.649999976,5900,1.620000005,5900,10.93791485,163100,9.952606201,163100,6.764444351,428100,6.373333454,428100,45.09999847,1738900,42.18999863,1738900,31.07999992,1082600,23,1082600,18.59000015,7278900,16.79999924,7278900
5/6/2010 1:50,29.87999916,128613000,27.90999985,128613000,36.8928566,321465200,28.4642849,321465200,17.45192337,189407700,14.56730747,189407700,1.120000005,155700,1.049999952,155700,3.266000032,735000,3.052400112,735000,31.43000031,6056700,28.95000076,6056700,24.90700912,9026600,21.93132973,9026600,30.37392044,24590800,27.03375053,24590800,7.090000153,21421000,5.699999809,21421000,1.649999976,5900,1.620000005,5900,10.93791485,163100,9.952606201,163100,6.764444351,428100,6.373333454,428100,45.09999847,1738900,42.18999863,1738900,31.07999992,1082600,23,1082600,18.59000015,7278900,16.79999924,7278900
5/6/2010 1:51,29.87999916,128613000,27.90999985,128613000,36.8928566,321465200,28.4642849,321465200,17.45192337,189407700,14.56730747,189407700,1.120000005,155700,1.049999952,155700,3.266000032,735000,3.052400112,735000,31.43000031,6056700,28.95000076,6056700,24.90700912,9026600,21.93132973,9026600,30.37392044,24590800,27.03375053,24590800,7.090000153,21421000,5.699999809,21421000,1.649999976,5900,1.620000005,5900,10.93791485,163100,9.952606201,163100,6.764444351,428100,6.373333454,428100,45.09999847,1738900,42.18999863,1738900,31.07999992,1082600,23,1082600,18.59000015,7278900,16.79999924,7278900
5/6/2010 1:52,29.87999916,128613000,27.90999985,128613000,36.8928566,321465200,28.4642849,321465200,17.45192337,189407700,14.56730747,189407700,1.120000005,155700,1.049999952,155700,3.266000032,735000,3.052400112,735000,31.43000031,6056700,28.95000076,6056700,24.90700912,9026600,21.93132973,9026600,30.37392044,24590800,27.03375053,24590800,7.090000153,21421000,5.699999809,21421000,1.649999976,5900,1.620000005,5900,10.93791485,163100,9.952606201,163100,6.764444351,428100,6.373333454,428100,45.09999847,1738900,42.18999863,1738900,31.07999992,1082600,23,1082600,18.59000015,7278900,16.79999924,7278900
5/6/2010 1:53,29.87999916,128613000,27.90999985,128613000,36.8928566,321465200,28.4642849,321465200,17.45192337,189407700,14.56730747,189407700,1.120000005,155700,1.049999952,155700,3.266000032,735000,3.052400112,735000,31.43000031,6056700,28.95000076,6056700,24.90700912,9026600,21.93132973,9026600,30.37392044,24590800,27.03375053,24590800,7.090000153,21421000,5.699999809,21421000,1.649999976,5900,1.620000005,5900,10.93791485,163100,9.952606201,163100,6.764444351,428100,6.373333454,428100,45.09999847,1738900,42.18999863,1738900,31.07999992,1082600,23,1082600,18.59000015,7278900,16.79999924,7278900
5/6/2010 1:54,29.87999916,128613000,27.90999985,128613000,36.8928566,321465200,28.4642849,321465200,17.45192337,189407700,14.56730747,189407700,1.120000005,155700,1.049999952,155700,3.266000032,735000,3.052400112,735000,31.43000031,6056700,28.95000076,6056700,24.90700912,9026600,21.93132973,9026600,30.37392044,24590800,27.03375053,24590800,7.090000153,21421000,5.699999809,21421000,1.649999976,5900,1.620000005,5900,10.93791485,163100,9.952606201,163100,6.764444351,428100,6.373333454,428100,45.09999847,1738900,42.18999863,1738900,31.07999992,1082600,23,1082600,18.59000015,7278900,16.79999924,7278900
5/6/2010 1:55,29.87999916,128613000,27.90999985,128613000,36.8928566,321465200,28.4642849,321465200,17.45192337,189407700,14.56730747,189407700,1.120000005,155700,1.049999952,155700,3.266000032,735000,3.052400112,735000,31.43000031,6056700,28.95000076,6056700,24.90700912,9026600,21.93132973,9026600,30.37392044,24590800,27.03375053,24590800,7.090000153,21421000,5.699999809,21421000,1.649999976,5900,1.620000005,5900,10.93791485,163100,9.952606201,163100,6.764444351,428100,6.373333454,428100,45.09999847,1738900,42.18999863,1738900,31.07999992,1082600,23,1082600,18.59000015,7278900,16.79999924,7278900
5/6/2010 1:56,29.87999916,128613000,27.90999985,128613000,36.8928566,321465200,28.4642849,321465200,17.45192337,189407700,14.56730747,189407700,1.120000005,155700,1.049999952,155700,3.266000032,735000,3.052400112,735000,31.43000031,6056700,28.95000076,6056700,24.90700912,9026600,21.93132973,9026600,30.37392044,24590800,27.03375053,24590800,7.090000153,21421000,5.699999809,21421000,1.649999976,5900,1.620000005,5900,10.93791485,163100,9.952606201,163100,6.764444351,428100,6.373333454,428100,45.09999847,1738900,42.18999863,1738900,31.07999992,1082600,23,1082600,18.59000015,7278900,16.79999924,7278900
5/6/2010 1:57,29.87999916,128613000,27.90999985,128613000,36.8928566,321465200,28.4642849,321465200,17.45192337,189407700,14.56730747,189407700,1.120000005,155700,1.049999952,155700,3.266000032,735000,3.052400112,735000,31.43000031,6056700,28.95000076,6056700,24.90700912,9026600,21.93132973,9026600,30.37392044,24590800,27.03375053,24590800,7.090000153,21421000,5.699999809,21421000,1.649999976,5900,1.620000005,5900,10.93791485,163100,9.952606201,163100,6.764444351,428100,6.373333454,428100,45.09999847,1738900,42.18999863,1738900,31.07999992,1082600,23,1082600,18.59000015,7278900,16.79999924,7278900
5/6/2010 1:58,29.87999916,128613000,27.90999985,128613000,36.8928566,321465200,28.4642849,321465200,17.45192337,189407700,14.56730747,189407700,1.120000005,155700,1.049999952,155700,3.266000032,735000,3.052400112,735000,31.43000031,6056700,28.95000076,6056700,24.90700912,9026600,21.93132973,9026600,30.37392044,24590800,27.03375053,24590800,7.090000153,21421000,5.699999809,21421000,1.649999976,5900,1.620000005,5900,10.93791485,163100,9.952606201,163100,6.764444351,428100,6.373333454,428100,45.09999847,1738900,42.18999863,1738900,31.07999992,1082600,23,1082600,18.59000015,7278900,16.79999924,7278900
5/6/2010 1:59,29.87999916,128613000,27.90999985,128613000,36.8928566,321465200,28.4642849,321465200,17.45192337,189407700,14.56730747,189407700,1.120000005,155700,1.049999952,155700,3.266000032,735000,3.052400112,735000,31.43000031,6056700,28.95000076,6056700,24.90700912,9026600,21.93132973,9026600,30.37392044,24590800,27.03375053,24590800,7.090000153,21421000,5.699999809,21421000,1.649999976,5900,1.620000005,5900,10.93791485,163100,9.952606201,163100,6.764444351,428100,6.373333454,428100,45.09999847,1738900,42.18999863,1738900,31.07999992,1082600,23,1082600,18.59000015,7278900,16.79999924,7278900
5/6/2010 2:00,29.87999916,128613000,27.90999985,128613000,36.8928566,321465200,28.4642849,321465200,17.45192337,189407700,14.56730747,189407700,1.120000005,155700,1.049999952,155700,3.266000032,735000,3.052400112,735000,31.43000031,6056700,28.95000076,6056700,24.90700912,9026600,21.93132973,9026600,30.37392044,24590800,27.03375053,24590800,7.090000153,21421000,5.699999809,21421000,1.649999976,5900,1.620000005,5900,10.93791485,163100,9.952606201,163100,6.764444351,428100,6.373333454,428100,45.09999847,1738900,42.18999863,1738900,31.07999992,1082600,23,1082600,18.59000015,7278900,16.79999924,7278900
5/6/2010 2:01,29.87999916,128613000,27.90999985,128613000,36.8928566,321465200,28.4642849,321465200,17.45192337,189407700,14.56730747,189407700,1.120000005,155700,1.049999952,155700,3.266000032,735000,3.052400112,735000,31.43000031,6056700,28.95000076,6056700,24.90700912,9026600,21.93132973,9026600,30.37392044,24590800,27.03375053,24590800,7.090000153,21421000,5.699999809,21421000,1.649999976,5900,1.620000005,5900,10.93791485,163100,9.952606201,163100,6.764444351,428100,6.373333454,428100,45.09999847,1738900,42.18999863,1738900,31.07999992,1082600,23,1082600,18.59000015,7278900,16.79999924,7278900
5/6/2010 2:02,29.87999916,128613000,27.90999985,128613000,36.8928566,321465200,28.4642849,321465200,17.45192337,189407700,14.56730747,189407700,1.120000005,155700,1.049999952,155700,3.266000032,735000,3.052400112,735000,31.43000031,6056700,28.95000076,6056700,24.90700912,9026600,21.93132973,9026600,30.37392044,24590800,27.03375053,24590800,7.090000153,21421000,5.699999809,21421000,1.649999976,5900,1.620000005,5900,10.93791485,163100,9.952606201,163100,6.764444351,428100,6.373333454,428100,45.09999847,1738900,42.18999863,1738900,31.07999992,1082600,23,1082600,18.59000015,7278900,16.79999924,7278900
5/6/2010 2:03,29.87999916,128613000,27.90999985,128613000,36.8928566,321465200,28.4642849,321465200,17.45192337,189407700,14.56730747,189407700,1.120000005,155700,1.049999952,155700,3.266000032,735000,3.052400112,735000,31.43000031,6056700,28.95000076,6056700,24.90700912,9026600,21.93132973,9026600,30.37392044,24590800,27.03375053,24590800,7.090000153,21421000,5.699999809,21421000,1.649999976,5900,1.620000005,5900,10.93791485,163100,9.952606201,163100,6.764444351,428100,6.373333454,428100,45.09999847,1738900,42.18999863,1738900,31.07999992,1082600,23,1082600,18.59000015,7278900,16.79999924,7278900
5/6/2010 2:04,29.87999916,128613000,27.90999985,128613000,36.8928566,321465200,28.4642849,321465200,17.45192337,189407700,14.56730747,189407700,1.120000005,155700,1.049999952,155700,3.266000032,735000,3.052400112,735000,31.43000031,6056700,28.95000076,6056700,24.90700912,9026600,21.93132973,9026600,30.37392044,24590800,27.03375053,24590800,7.090000153,21421000,5.699999809,21421000,1.649999976,5900,1.620000005,5900,10.93791485,163100,9.952606201,163100,6.764444351,428100,6.373333454,428100,45.09999847,1738900,42.18999863,1738900,31.07999992,1082600,23,1082600,18.59000015,7278900,16.79999924,7278900
5/6/2010 2:05,29.87999916,128613000,27.90999985,128613000,36.8928566,321465200,28.4642849,321465200,17.45192337,189407700,14.56730747,189407700,1.120000005,155700,1.049999952,155700,3.266000032,735000,3.052400112,735000,31.43000031,6056700,28.95000076,6056700,24.90700912,9026600,21.93132973,9026600,30.37392044,24590800,27.03375053,24590800,7.090000153,21421000,5.699999809,21421000,1.649999976,5900,1.620000005,5900,10.93791485,163100,9.952606201,163100,6.764444351,428100,6.373333454,428100,45.09999847,1738900,42.18999863,1738900,31.07999992,1082600,23,1082600,18.59000015,7278900,16.79999924,7278900
5/6/2010 2:06,29.87999916,128613000,27.90999985,128613000,36.8928566,321465200,28.4642849,321465200,17.45192337,189407700,14.56730747,189407700,1.120000005,155700,1.049999952,155700,3.266000032,735000,3.052400112,735000,31.43000031,6056700,28.95000076,6056700,24.90700912,9026600,21.93132973,9026600,30.37392044,24590800,27.03375053,24590800,7.090000153,21421000,5.699999809,21421000,1.649999976,5900,1.620000005,5900,10.93791485,163100,9.952606201,163100,6.764444351,428100,6.373333454,428100,45.09999847,1738900,42.18999863,1738900,31.07999992,1082600,23,1082600,18.59000015,7278900,16.79999924,7278900
5/6/2010 2:07,29.87999916,128613000,27.90999985,128613000,36.8928566,321465200,28.4642849,321465200,17.45192337,189407700,14.56730747,189407700,1.120000005,155700,1.049999952,155700,3.266000032,735000,3.052400112,735000,31.43000031,6056700,28.95000076,6056700,24.90700912,9026600,21.93132973,9026600,30.37392044,24590800,27.03375053,24590800,7.090000153,21421000,5.699999809,21421000,1.649999976,5900,1.620000005,5900,10.93791485,163100,9.952606201,163100,6.764444351,428100,6.373333454,428100,45.09999847,1738900,42.18999863,1738900,31.07999992,1082600,23,1082600,18.59000015,7278900,16.79999924,7278900
5/6/2010 2:08,29.87999916,128613000,27.90999985,128613000,36.8928566,321465200,28.4642849,321465200,17.45192337,189407700,14.56730747,189407700,1.120000005,155700,1.049999952,155700,3.266000032,735000,3.052400112,735000,31.43000031,6056700,28.95000076,6056700,24.90700912,9026600,21.93132973,9026600,30.37392044,24590800,27.03375053,24590800,7.090000153,21421000,5.699999809,21421000,1.649999976,5900,1.620000005,5900,10.93791485,163100,9.952606201,163100,6.764444351,428100,6.373333454,428100,45.09999847,1738900,42.18999863,1738900,31.07999992,1082600,23,1082600,18.59000015,7278900,16.79999924,7278900
5/6/2010 2:09,29.87999916,128613000,27.90999985,128613000,36.8928566,321465200,28.4642849,321465200,17.45192337,189407700,14.56730747,189407700,1.120000005,155700,1.049999952,155700,3.266000032,735000,3.052400112,735000,31.43000031,6056700,28.95000076,6056700,24.90700912,9026600,21.93132973,9026600,30.37392044,24590800,27.03375053,24590800,7.090000153,21421000,5.699999809,21421000,1.649999976,5900,1.620000005,5900,10.93791485,163100,9.952606201,163100,6.764444351,428100,6.373333454,428100,45.09999847,1738900,42.18999863,1738900,31.07999992,1082600,23,1082600,18.59000015,7278900,16.79999924,7278900
5/6/2010 2:10,29.87999916,128613000,27.90999985,128613000,36.8928566,321465200,28.4642849,321465200,17.45192337,189407700,14.56730747,189407700,1.120000005,155700,1.049999952,155700,3.266000032,735000,3.052400112,735000,31.43000031,6056700,28.95000076,6056700,24.90700912,9026600,21.93132973,9026600,30.37392044,24590800,27.03375053,24590800,7.090000153,21421000,5.699999809,21421000,1.649999976,5900,1.620000005,5900,10.93791485,163100,9.952606201,163100,6.764444351,428100,6.373333454,428100,45.09999847,1738900,42.18999863,1738900,31.07999992,1082600,23,1082600,18.59000015,7278900,16.79999924,7278900
5/6/2010 2:11,29.87999916,128613000,27.90999985,128613000,36.8928566,321465200,28.4642849,321465200,17.45192337,189407700,14.56730747,189407700,1.120000005,155700,1.049999952,155700,3.266000032,735000,3.052400112,735000,31.43000031,6056700,28.95000076,6056700,24.90700912,9026600,21.93132973,9026600,30.37392044,24590800,27.03375053,24590800,7.090000153,21421000,5.699999809,21421000,1.649999976,5900,1.620000005,5900,10.93791485,163100,9.952606201,163100,6.764444351,428100,6.373333454,428100,45.09999847,1738900,42.18999863,1738900,31.07999992,1082600,23,1082600,18.59000015,7278900,16.79999924,7278900
5/6/2010 2:12,29.87999916,128613000,27.90999985,128613000,36.8928566,321465200,28.4642849,321465200,17.45192337,189407700,14.56730747,189407700,1.120000005,155700,1.049999952,155700,3.266000032,735000,3.052400112,735000,31.43000031,6056700,28.95000076,6056700,24.90700912,9026600,21.93132973,9026600,30.37392044,24590800,27.03375053,24590800,7.090000153,21421000,5.699999809,21421000,1.649999976,5900,1.620000005,5900,10.93791485,163100,9.952606201,163100,6.764444351,428100,6.373333454,428100,45.09999847,1738900,42.18999863,1738900,31.07999992,1082600,23,1082600,18.59000015,7278900,16.79999924,7278900
5/6/2010 2:13,29.87999916,128613000,27.90999985,128613000,36.8928566,321465200,28.4642849,321465200,17.45192337,189407700,14.56730747,189407700,1.120000005,155700,1.049999952,155700,3.266000032,735000,3.052400112,735000,31.43000031,6056700,28.95000076,6056700,24.90700912,9026600,21.93132973,9026600,30.37392044,24590800,27.03375053,24590800,7.090000153,21421000,5.699999809,21421000,1.649999976,5900,1.620000005,5900,10.93791485,163100,9.952606201,163100,6.764444351,428100,6.373333454,428100,45.09999847,1738900,42.18999863,1738900,31.07999992,1082600,23,1082600,18.59000015,7278900,16.79999924,7278900
5/6/2010 2:14,29.87999916,128613000,27.90999985,128613000,36.8928566,321465200,28.4642849,321465200,17.45192337,189407700,14.56730747,189407700,1.120000005,155700,1.049999952,155700,3.266000032,735000,3.052400112,735000,31.43000031,6056700,28.95000076,6056700,24.90700912,9026600,21.93132973,9026600,30.37392044,24590800,27.03375053,24590800,7.090000153,21421000,5.699999809,21421000,1.649999976,5900,1.620000005,5900,10.93791485,163100,9.952606201,163100,6.764444351,428100,6.373333454,428100,45.09999847,1738900,42.18999863,1738900,31.07999992,1082600,23,1082600,18.59000015,7278900,16.79999924,7278900
5/6/2010 2:15,29.87999916,128613000,27.90999985,128613000,36.8928566,321465200,28.4642849,321465200,17.45192337,189407700,14.56730747,189407700,1.120000005,155700,1.049999952,155700,3.266000032,735000,3.052400112,735000,31.43000031,6056700,28.95000076,6056700,24.90700912,9026600,21.93132973,9026600,30.37392044,24590800,27.03375053,24590800,7.090000153,21421000,5.699999809,21421000,1.649999976,5900,1.620000005,5900,10.93791485,163100,9.952606201,163100,6.764444351,428100,6.373333454,428100,45.09999847,1738900,42.18999863,1738900,31.07999992,1082600,23,1082600,18.59000015,7278900,16.79999924,7278900
5/6/2010 2:16,29.87999916,128613000,27.90999985,128613000,36.8928566,321465200,28.4642849,321465200,17.45192337,189407700,14.56730747,189407700,1.120000005,155700,1.049999952,155700,3.266000032,735000,3.052400112,735000,31.43000031,6056700,28.95000076,6056700,24.90700912,9026600,21.93132973,9026600,30.37392044,24590800,27.03375053,24590800,7.090000153,21421000,5.699999809,21421000,1.649999976,5900,1.620000005,5900,10.93791485,163100,9.952606201,163100,6.764444351,428100,6.373333454,428100,45.09999847,1738900,42.18999863,1738900,31.07999992,1082600,23,1082600,18.59000015,7278900,16.79999924,7278900
5/6/2010 2:17,29.87999916,128613000,27.90999985,128613000,36.8928566,321465200,28.4642849,321465200,17.45192337,189407700,14.56730747,189407700,1.120000005,155700,1.049999952,155700,3.266000032,735000,3.052400112,735000,31.43000031,6056700,28.95000076,6056700,24.90700912,9026600,21.93132973,9026600,30.37392044,24590800,27.03375053,24590800,7.090000153,21421000,5.699999809,21421000,1.649999976,5900,1.620000005,5900,10.93791485,163100,9.952606201,163100,6.764444351,428100,6.373333454,428100,45.09999847,1738900,42.18999863,1738900,31.07999992,1082600,23,1082600,18.59000015,7278900,16.79999924,7278900
5/6/2010 2:18,29.87999916,128613000,27.90999985,128613000,36.8928566,321465200,28.4642849,321465200,17.45192337,189407700,14.56730747,189407700,1.120000005,155700,1.049999952,155700,3.266000032,735000,3.052400112,735000,31.43000031,6056700,28.95000076,6056700,24.90700912,9026600,21.93132973,9026600,30.37392044,24590800,27.03375053,24590800,7.090000153,21421000,5.699999809,21421000,1.649999976,5900,1.620000005,5900,10.93791485,163100,9.952606201,163100,6.764444351,428100,6.373333454,428100,45.09999847,1738900,42.18999863,1738900,31.07999992,1082600,23,1082600,18.59000015,7278900,16.79999924,7278900
5/6/2010 2:19,29.87999916,128613000,27.90999985,128613000,36.8928566,321465200,28.4642849,321465200,17.45192337,189407700,14.56730747,189407700,1.120000005,155700,1.049999952,155700,3.266000032,735000,3.052400112,735000,31.43000031,6056700,28.95000076,6056700,24.90700912,9026600,21.93132973,9026600,30.37392044,24590800,27.03375053,24590800,7.090000153,21421000,5.699999809,21421000,1.649999976,5900,1.620000005,5900,10.93791485,163100,9.952606201,163100,6.764444351,428100,6.373333454,428100,45.09999847,1738900,42.18999863,1738900,31.07999992,1082600,23,1082600,18.59000015,7278900,16.79999924,7278900
5/6/2010 2:20,29.87999916,128613000,27.90999985,128613000,36.8928566,321465200,28.4642849,321465200,17.45192337,189407700,14.56730747,189407700,1.120000005,155700,1.049999952,155700,3.266000032,735000,3.052400112,735000,31.43000031,6056700,28.95000076,6056700,24.90700912,9026600,21.93132973,9026600,30.37392044,24590800,27.03375053,24590800,7.090000153,21421000,5.699999809,21421000,1.649999976,5900,1.620000005,5900,10.93791485,163100,9.952606201,163100,6.764444351,428100,6.373333454,428100,45.09999847,1738900,42.18999863,1738900,31.07999992,1082600,23,1082600,18.59000015,7278900,16.79999924,7278900
5/6/2010 2:21,29.87999916,128613000,27.90999985,128613000,36.8928566,321465200,28.4642849,321465200,17.45192337,189407700,14.56730747,189407700,1.120000005,155700,1.049999952,155700,3.266000032,735000,3.052400112,735000,31.43000031,6056700,28.95000076,6056700,24.90700912,9026600,21.93132973,9026600,30.37392044,24590800,27.03375053,24590800,7.090000153,21421000,5.699999809,21421000,1.649999976,5900,1.620000005,5900,10.93791485,163100,9.952606201,163100,6.764444351,428100,6.373333454,428100,45.09999847,1738900,42.18999863,1738900,31.07999992,1082600,23,1082600,18.59000015,7278900,16.79999924,7278900
5/6/2010 2:22,29.87999916,128613000,27.90999985,128613000,36.8928566,321465200,28.4642849,321465200,17.45192337,189407700,14.56730747,189407700,1.120000005,155700,1.049999952,155700,3.266000032,735000,3.052400112,735000,31.43000031,6056700,28.95000076,6056700,24.90700912,9026600,21.93132973,9026600,30.37392044,24590800,27.03375053,24590800,7.090000153,21421000,5.699999809,21421000,1.649999976,5900,1.620000005,5900,10.93791485,163100,9.952606201,163100,6.764444351,428100,6.373333454,428100,45.09999847,1738900,42.18999863,1738900,31.07999992,1082600,23,1082600,18.59000015,7278900,16.79999924,7278900
5/6/2010 2:23,29.87999916,128613000,27.90999985,128613000,36.8928566,321465200,28.4642849,321465200,17.45192337,189407700,14.56730747,189407700,1.120000005,155700,1.049999952,155700,3.266000032,735000,3.052400112,735000,31.43000031,6056700,28.95000076,6056700,24.90700912,9026600,21.93132973,9026600,30.37392044,24590800,27.03375053,24590800,7.090000153,21421000,5.699999809,21421000,1.649999976,5900,1.620000005,5900,10.93791485,163100,9.952606201,163100,6.764444351,428100,6.373333454,428100,45.09999847,1738900,42.18999863,1738900,31.07999992,1082600,23,1082600,18.59000015,7278900,16.79999924,7278900
5/6/2010 2:24,29.87999916,128613000,27.90999985,128613000,36.8928566,321465200,28.4642849,321465200,17.45192337,189407700,14.56730747,189407700,1.120000005,155700,1.049999952,155700,3.266000032,735000,3.052400112,735000,31.43000031,6056700,28.95000076,6056700,24.90700912,9026600,21.93132973,9026600,30.37392044,24590800,27.03375053,24590800,7.090000153,21421000,5.699999809,21421000,1.649999976,5900,1.620000005,5900,10.93791485,163100,9.952606201,163100,6.764444351,428100,6.373333454,428100,45.09999847,1738900,42.18999863,1738900,31.07999992,1082600,23,1082600,18.59000015,7278900,16.79999924,7278900
5/6/2010 2:25,29.87999916,128613000,27.90999985,128613000,36.8928566,321465200,28.4642849,321465200,17.45192337,189407700,14.56730747,189407700,1.120000005,155700,1.049999952,155700,3.266000032,735000,3.052400112,735000,31.43000031,6056700,28.95000076,6056700,24.90700912,9026600,21.93132973,9026600,30.37392044,24590800,27.03375053,24590800,7.090000153,21421000,5.699999809,21421000,1.649999976,5900,1.620000005,5900,10.93791485,163100,9.952606201,163100,6.764444351,428100,6.373333454,428100,45.09999847,1738900,42.18999863,1738900,31.07999992,1082600,23,1082600,18.59000015,7278900,16.79999924,7278900
5/6/2010 2:26,29.87999916,128613000,27.90999985,128613000,36.8928566,321465200,28.4642849,321465200,17.45192337,189407700,14.56730747,189407700,1.120000005,155700,1.049999952,155700,3.266000032,735000,3.052400112,735000,31.43000031,6056700,28.95000076,6056700,24.90700912,9026600,21.93132973,9026600,30.37392044,24590800,27.03375053,24590800,7.090000153,21421000,5.699999809,21421000,1.649999976,5900,1.620000005,5900,10.93791485,163100,9.952606201,163100,6.764444351,428100,6.373333454,428100,45.09999847,1738900,42.18999863,1738900,31.07999992,1082600,23,1082600,18.59000015,7278900,16.79999924,7278900
5/6/2010 2:27,29.87999916,128613000,27.90999985,128613000,36.8928566,321465200,28.4642849,321465200,17.45192337,189407700,14.56730747,189407700,1.120000005,155700,1.049999952,155700,3.266000032,735000,3.052400112,735000,31.43000031,6056700,28.95000076,6056700,24.90700912,9026600,21.93132973,9026600,30.37392044,24590800,27.03375053,24590800,7.090000153,21421000,5.699999809,21421000,1.649999976,5900,1.620000005,5900,10.93791485,163100,9.952606201,163100,6.764444351,428100,6.373333454,428100,45.09999847,1738900,42.18999863,1738900,31.07999992,1082600,23,1082600,18.59000015,7278900,16.79999924,7278900
5/6/2010 2:28,29.87999916,128613000,27.90999985,128613000,36.8928566,321465200,28.4642849,321465200,17.45192337,189407700,14.56730747,189407700,1.120000005,155700,1.049999952,155700,3.266000032,735000,3.052400112,735000,31.43000031,6056700,28.95000076,6056700,24.90700912,9026600,21.93132973,9026600,30.37392044,24590800,27.03375053,24590800,7.090000153,21421000,5.699999809,21421000,1.649999976,5900,1.620000005,5900,10.93791485,163100,9.952606201,163100,6.764444351,428100,6.373333454,428100,45.09999847,1738900,42.18999863,1738900,31.07999992,1082600,23,1082600,18.59000015,7278900,16.79999924,7278900
5/6/2010 2:29,29.87999916,128613000,27.90999985,128613000,36.8928566,321465200,28.4642849,321465200,17.45192337,189407700,14.56730747,189407700,1.120000005,155700,1.049999952,155700,3.266000032,735000,3.052400112,735000,31.43000031,6056700,28.95000076,6056700,24.90700912,9026600,21.93132973,9026600,30.37392044,24590800,27.03375053,24590800,7.090000153,21421000,5.699999809,21421000,1.649999976,5900,1.620000005,5900,10.93791485,163100,9.952606201,163100,6.764444351,428100,6.373333454,428100,45.09999847,1738900,42.18999863,1738900,31.07999992,1082600,23,1082600,18.59000015,7278900,16.79999924,7278900
5/6/2010 2:30,29.87999916,128613000,27.90999985,128613000,36.8928566,321465200,28.4642849,321465200,17.45192337,189407700,14.56730747,189407700,1.120000005,155700,1.049999952,155700,3.266000032,735000,3.052400112,735000,31.43000031,6056700,28.95000076,6056700,24.90700912,9026600,21.93132973,9026600,30.37392044,24590800,27.03375053,24590800,7.090000153,21421000,5.699999809,21421000,1.649999976,5900,1.620000005,5900,10.93791485,163100,9.952606201,163100,6.764444351,428100,6.373333454,428100,45.09999847,1738900,42.18999863,1738900,31.07999992,1082600,23,1082600,18.59000015,7278900,16.79999924,7278900
5/6/2010 2:31,29.87999916,128613000,27.90999985,128613000,36.8928566,321465200,28.4642849,321465200,17.45192337,189407700,14.56730747,189407700,1.120000005,155700,1.049999952,155700,3.266000032,735000,3.052400112,735000,31.43000031,6056700,28.95000076,6056700,24.90700912,9026600,21.93132973,9026600,30.37392044,24590800,27.03375053,24590800,7.090000153,21421000,5.699999809,21421000,1.649999976,5900,1.620000005,5900,10.93791485,163100,9.952606201,163100,6.764444351,428100,6.373333454,428100,45.09999847,1738900,42.18999863,1738900,31.07999992,1082600,23,1082600,18.59000015,7278900,16.79999924,7278900
5/6/2010 2:32,29.87999916,128613000,27.90999985,128613000,36.8928566,321465200,28.4642849,321465200,17.45192337,189407700,14.56730747,189407700,1.120000005,155700,1.049999952,155700,3.266000032,735000,3.052400112,735000,31.43000031,6056700,28.95000076,6056700,24.90700912,9026600,21.93132973,9026600,30.37392044,24590800,27.03375053,24590800,7.090000153,21421000,5.699999809,21421000,1.649999976,5900,1.620000005,5900,10.93791485,163100,9.952606201,163100,6.764444351,428100,6.373333454,428100,45.09999847,1738900,42.18999863,1738900,31.07999992,1082600,23,1082600,18.59000015,7278900,16.79999924,7278900
5/6/2010 2:33,29.87999916,128613000,27.90999985,128613000,36.8928566,321465200,28.4642849,321465200,17.45192337,189407700,14.56730747,189407700,1.120000005,155700,1.049999952,155700,3.266000032,735000,3.052400112,735000,31.43000031,6056700,28.95000076,6056700,24.90700912,9026600,21.93132973,9026600,30.37392044,24590800,27.03375053,24590800,7.090000153,21421000,5.699999809,21421000,1.649999976,5900,1.620000005,5900,10.93791485,163100,9.952606201,163100,6.764444351,428100,6.373333454,428100,45.09999847,1738900,42.18999863,1738900,31.07999992,1082600,23,1082600,18.59000015,7278900,16.79999924,7278900
5/6/2010 2:34,29.87999916,128613000,27.90999985,128613000,36.8928566,321465200,28.4642849,321465200,17.45192337,189407700,14.56730747,189407700,1.120000005,155700,1.049999952,155700,3.266000032,735000,3.052400112,735000,31.43000031,6056700,28.95000076,6056700,24.90700912,9026600,21.93132973,9026600,30.37392044,24590800,27.03375053,24590800,7.090000153,21421000,5.699999809,21421000,1.649999976,5900,1.620000005,5900,10.93791485,163100,9.952606201,163100,6.764444351,428100,6.373333454,428100,45.09999847,1738900,42.18999863,1738900,31.07999992,1082600,23,1082600,18.59000015,7278900,16.79999924,7278900
5/6/2010 2:35,29.87999916,128613000,27.90999985,128613000,36.8928566,321465200,28.4642849,321465200,17.45192337,189407700,14.56730747,189407700,1.120000005,155700,1.049999952,155700,3.266000032,735000,3.052400112,735000,31.43000031,6056700,28.95000076,6056700,24.90700912,9026600,21.93132973,9026600,30.37392044,24590800,27.03375053,24590800,7.090000153,21421000,5.699999809,21421000,1.649999976,5900,1.620000005,5900,10.93791485,163100,9.952606201,163100,6.764444351,428100,6.373333454,428100,45.09999847,1738900,42.18999863,1738900,31.07999992,1082600,23,1082600,18.59000015,7278900,16.79999924,7278900
5/6/2010 2:36,29.87999916,128613000,27.90999985,128613000,36.8928566,321465200,28.4642849,321465200,17.45192337,189407700,14.56730747,189407700,1.120000005,155700,1.049999952,155700,3.266000032,735000,3.052400112,735000,31.43000031,6056700,28.95000076,6056700,24.90700912,9026600,21.93132973,9026600,30.37392044,24590800,27.03375053,24590800,7.090000153,21421000,5.699999809,21421000,1.649999976,5900,1.620000005,5900,10.93791485,163100,9.952606201,163100,6.764444351,428100,6.373333454,428100,45.09999847,1738900,42.18999863,1738900,31.07999992,1082600,23,1082600,18.59000015,7278900,16.79999924,7278900
5/6/2010 2:37,29.87999916,128613000,27.90999985,128613000,36.8928566,321465200,28.4642849,321465200,17.45192337,189407700,14.56730747,189407700,1.120000005,155700,1.049999952,155700,3.266000032,735000,3.052400112,735000,31.43000031,6056700,28.95000076,6056700,24.90700912,9026600,21.93132973,9026600,30.37392044,24590800,27.03375053,24590800,7.090000153,21421000,5.699999809,21421000,1.649999976,5900,1.620000005,5900,10.93791485,163100,9.952606201,163100,6.764444351,428100,6.373333454,428100,45.09999847,1738900,42.18999863,1738900,31.07999992,1082600,23,1082600,18.59000015,7278900,16.79999924,7278900
5/6/2010 2:38,29.87999916,128613000,27.90999985,128613000,36.8928566,321465200,28.4642849,321465200,17.45192337,189407700,14.56730747,189407700,1.120000005,155700,1.049999952,155700,3.266000032,735000,3.052400112,735000,31.43000031,6056700,28.95000076,6056700,24.90700912,9026600,21.93132973,9026600,30.37392044,24590800,27.03375053,24590800,7.090000153,21421000,5.699999809,21421000,1.649999976,5900,1.620000005,5900,10.93791485,163100,9.952606201,163100,6.764444351,428100,6.373333454,428100,45.09999847,1738900,42.18999863,1738900,31.07999992,1082600,23,1082600,18.59000015,7278900,16.79999924,7278900
5/6/2010 2:39,29.87999916,128613000,27.90999985,128613000,36.8928566,321465200,28.4642849,321465200,17.45192337,189407700,14.56730747,189407700,1.120000005,155700,1.049999952,155700,3.266000032,735000,3.052400112,735000,31.43000031,6056700,28.95000076,6056700,24.90700912,9026600,21.93132973,9026600,30.37392044,24590800,27.03375053,24590800,7.090000153,21421000,5.699999809,21421000,1.649999976,5900,1.620000005,5900,10.93791485,163100,9.952606201,163100,6.764444351,428100,6.373333454,428100,45.09999847,1738900,42.18999863,1738900,31.07999992,1082600,23,1082600,18.59000015,7278900,16.79999924,7278900
5/6/2010 2:40,29.87999916,128613000,27.90999985,128613000,36.8928566,321465200,28.4642849,321465200,17.45192337,189407700,14.56730747,189407700,1.120000005,155700,1.049999952,155700,3.266000032,735000,3.052400112,735000,31.43000031,6056700,28.95000076,6056700,24.90700912,9026600,21.93132973,9026600,30.37392044,24590800,27.03375053,24590800,7.090000153,21421000,5.699999809,21421000,1.649999976,5900,1.620000005,5900,10.93791485,163100,9.952606201,163100,6.764444351,428100,6.373333454,428100,45.09999847,1738900,42.18999863,1738900,31.07999992,1082600,23,1082600,18.59000015,7278900,16.79999924,7278900
5/6/2010 2:41,29.87999916,128613000,27.90999985,128613000,36.8928566,321465200,28.4642849,321465200,17.45192337,189407700,14.56730747,189407700,1.120000005,155700,1.049999952,155700,3.266000032,735000,3.052400112,735000,31.43000031,6056700,28.95000076,6056700,24.90700912,9026600,21.93132973,9026600,30.37392044,24590800,27.03375053,24590800,7.090000153,21421000,5.699999809,21421000,1.649999976,5900,1.620000005,5900,10.93791485,163100,9.952606201,163100,6.764444351,428100,6.373333454,428100,45.09999847,1738900,42.18999863,1738900,31.07999992,1082600,23,1082600,18.59000015,7278900,16.79999924,7278900
5/6/2010 2:42,29.87999916,128613000,27.90999985,128613000,36.8928566,321465200,28.4642849,321465200,17.45192337,189407700,14.56730747,189407700,1.120000005,155700,1.049999952,155700,3.266000032,735000,3.052400112,735000,31.43000031,6056700,28.95000076,6056700,24.90700912,9026600,21.93132973,9026600,30.37392044,24590800,27.03375053,24590800,7.090000153,21421000,5.699999809,21421000,1.649999976,5900,1.620000005,5900,10.93791485,163100,9.952606201,163100,6.764444351,428100,6.373333454,428100,45.09999847,1738900,42.18999863,1738900,31.07999992,1082600,23,1082600,18.59000015,7278900,16.79999924,7278900
5/6/2010 2:43,29.87999916,128613000,27.90999985,128613000,36.8928566,321465200,28.4642849,321465200,17.45192337,189407700,14.56730747,189407700,1.120000005,155700,1.049999952,155700,3.266000032,735000,3.052400112,735000,31.43000031,6056700,28.95000076,6056700,24.90700912,9026600,21.93132973,9026600,30.37392044,24590800,27.03375053,24590800,7.090000153,21421000,5.699999809,21421000,1.649999976,5900,1.620000005,5900,10.93791485,163100,9.952606201,163100,6.764444351,428100,6.373333454,428100,45.09999847,1738900,42.18999863,1738900,31.07999992,1082600,23,1082600,18.59000015,7278900,16.79999924,7278900
5/6/2010 2:44,29.87999916,128613000,27.90999985,128613000,36.8928566,321465200,28.4642849,321465200,17.45192337,189407700,14.56730747,189407700,1.120000005,155700,1.049999952,155700,3.266000032,735000,3.052400112,735000,31.43000031,6056700,28.95000076,6056700,24.90700912,9026600,21.93132973,9026600,30.37392044,24590800,27.03375053,24590800,7.090000153,21421000,5.699999809,21421000,1.649999976,5900,1.620000005,5900,10.93791485,163100,9.952606201,163100,6.764444351,428100,6.373333454,428100,45.09999847,1738900,42.18999863,1738900,31.07999992,1082600,23,1082600,18.59000015,7278900,16.79999924,7278900
5/6/2010 2:45,29.87999916,128613000,27.90999985,128613000,36.8928566,321465200,28.4642849,321465200,17.45192337,189407700,14.56730747,189407700,1.120000005,155700,1.049999952,155700,3.266000032,735000,3.052400112,735000,31.43000031,6056700,28.95000076,6056700,24.90700912,9026600,21.93132973,9026600,30.37392044,24590800,27.03375053,24590800,7.090000153,21421000,5.699999809,21421000,1.649999976,5900,1.620000005,5900,10.93791485,163100,9.952606201,163100,6.764444351,428100,6.373333454,428100,45.09999847,1738900,42.18999863,1738900,31.07999992,1082600,23,1082600,18.59000015,7278900,16.79999924,7278900
5/6/2010 2:46,29.87999916,128613000,27.90999985,128613000,36.8928566,321465200,28.4642849,321465200,17.45192337,189407700,14.56730747,189407700,1.120000005,155700,1.049999952,155700,3.266000032,735000,3.052400112,735000,31.43000031,6056700,28.95000076,6056700,24.90700912,9026600,21.93132973,9026600,30.37392044,24590800,27.03375053,24590800,7.090000153,21421000,5.699999809,21421000,1.649999976,5900,1.620000005,5900,10.93791485,163100,9.952606201,163100,6.764444351,428100,6.373333454,428100,45.09999847,1738900,42.18999863,1738900,31.07999992,1082600,23,1082600,18.59000015,7278900,16.79999924,7278900
5/6/2010 2:47,29.87999916,128613000,27.90999985,128613000,36.8928566,321465200,28.4642849,321465200,17.45192337,189407700,14.56730747,189407700,1.120000005,155700,1.049999952,155700,3.266000032,735000,3.052400112,735000,31.43000031,6056700,28.95000076,6056700,24.90700912,9026600,21.93132973,9026600,30.37392044,24590800,27.03375053,24590800,7.090000153,21421000,5.699999809,21421000,1.649999976,5900,1.620000005,5900,10.93791485,163100,9.952606201,163100,6.764444351,428100,6.373333454,428100,45.09999847,1738900,42.18999863,1738900,31.07999992,1082600,23,1082600,18.59000015,7278900,16.79999924,7278900
5/6/2010 2:48,29.87999916,128613000,27.90999985,128613000,36.8928566,321465200,28.4642849,321465200,17.45192337,189407700,14.56730747,189407700,1.120000005,155700,1.049999952,155700,3.266000032,735000,3.052400112,735000,31.43000031,6056700,28.95000076,6056700,24.90700912,9026600,21.93132973,9026600,30.37392044,24590800,27.03375053,24590800,7.090000153,21421000,5.699999809,21421000,1.649999976,5900,1.620000005,5900,10.93791485,163100,9.952606201,163100,6.764444351,428100,6.373333454,428100,45.09999847,1738900,42.18999863,1738900,31.07999992,1082600,23,1082600,18.59000015,7278900,16.79999924,7278900
5/6/2010 2:49,29.87999916,128613000,27.90999985,128613000,36.8928566,321465200,28.4642849,321465200,17.45192337,189407700,14.56730747,189407700,1.120000005,155700,1.049999952,155700,3.266000032,735000,3.052400112,735000,31.43000031,6056700,28.95000076,6056700,24.90700912,9026600,21.93132973,9026600,30.37392044,24590800,27.03375053,24590800,7.090000153,21421000,5.699999809,21421000,1.649999976,5900,1.620000005,5900,10.93791485,163100,9.952606201,163100,6.764444351,428100,6.373333454,428100,45.09999847,1738900,42.18999863,1738900,31.07999992,1082600,23,1082600,18.59000015,7278900,16.79999924,7278900
5/6/2010 2:50,29.87999916,128613000,27.90999985,128613000,36.8928566,321465200,28.4642849,321465200,17.45192337,189407700,14.56730747,189407700,1.120000005,155700,1.049999952,155700,3.266000032,735000,3.052400112,735000,31.43000031,6056700,28.95000076,6056700,24.90700912,9026600,21.93132973,9026600,30.37392044,24590800,27.03375053,24590800,7.090000153,21421000,5.699999809,21421000,1.649999976,5900,1.620000005,5900,10.93791485,163100,9.952606201,163100,6.764444351,428100,6.373333454,428100,45.09999847,1738900,42.18999863,1738900,31.07999992,1082600,23,1082600,18.59000015,7278900,16.79999924,7278900
5/6/2010 2:51,29.87999916,128613000,27.90999985,128613000,36.8928566,321465200,28.4642849,321465200,17.45192337,189407700,14.56730747,189407700,1.120000005,155700,1.049999952,155700,3.266000032,735000,3.052400112,735000,31.43000031,6056700,28.95000076,6056700,24.90700912,9026600,21.93132973,9026600,30.37392044,24590800,27.03375053,24590800,7.090000153,21421000,5.699999809,21421000,1.649999976,5900,1.620000005,5900,10.93791485,163100,9.952606201,163100,6.764444351,428100,6.373333454,428100,45.09999847,1738900,42.18999863,1738900,31.07999992,1082600,23,1082600,18.59000015,7278900,16.79999924,7278900
5/6/2010 2:52,29.87999916,128613000,27.90999985,128613000,36.8928566,321465200,28.4642849,321465200,17.45192337,189407700,14.56730747,189407700,1.120000005,155700,1.049999952,155700,3.266000032,735000,3.052400112,735000,31.43000031,6056700,28.95000076,6056700,24.90700912,9026600,21.93132973,9026600,30.37392044,24590800,27.03375053,24590800,7.090000153,21421000,5.699999809,21421000,1.649999976,5900,1.620000005,5900,10.93791485,163100,9.952606201,163100,6.764444351,428100,6.373333454,428100,45.09999847,1738900,42.18999863,1738900,31.07999992,1082600,23,1082600,18.59000015,7278900,16.79999924,7278900
5/6/2010 2:53,29.87999916,128613000,27.90999985,128613000,36.8928566,321465200,28.4642849,321465200,17.45192337,189407700,14.56730747,189407700,1.120000005,155700,1.049999952,155700,3.266000032,735000,3.052400112,735000,31.43000031,6056700,28.95000076,6056700,24.90700912,9026600,21.93132973,9026600,30.37392044,24590800,27.03375053,24590800,7.090000153,21421000,5.699999809,21421000,1.649999976,5900,1.620000005,5900,10.93791485,163100,9.952606201,163100,6.764444351,428100,6.373333454,428100,45.09999847,1738900,42.18999863,1738900,31.07999992,1082600,23,1082600,18.59000015,7278900,16.79999924,7278900
5/6/2010 2:54,29.87999916,128613000,27.90999985,128613000,36.8928566,321465200,28.4642849,321465200,17.45192337,189407700,14.56730747,189407700,1.120000005,155700,1.049999952,155700,3.266000032,735000,3.052400112,735000,31.43000031,6056700,28.95000076,6056700,24.90700912,9026600,21.93132973,9026600,30.37392044,24590800,27.03375053,24590800,7.090000153,21421000,5.699999809,21421000,1.649999976,5900,1.620000005,5900,10.93791485,163100,9.952606201,163100,6.764444351,428100,6.373333454,428100,45.09999847,1738900,42.18999863,1738900,31.07999992,1082600,23,1082600,18.59000015,7278900,16.79999924,7278900
5/6/2010 2:55,29.87999916,128613000,27.90999985,128613000,36.8928566,321465200,28.4642849,321465200,17.45192337,189407700,14.56730747,189407700,1.120000005,155700,1.049999952,155700,3.266000032,735000,3.052400112,735000,31.43000031,6056700,28.95000076,6056700,24.90700912,9026600,21.93132973,9026600,30.37392044,24590800,27.03375053,24590800,7.090000153,21421000,5.699999809,21421000,1.649999976,5900,1.620000005,5900,10.93791485,163100,9.952606201,163100,6.764444351,428100,6.373333454,428100,45.09999847,1738900,42.18999863,1738900,31.07999992,1082600,23,1082600,18.59000015,7278900,16.79999924,7278900
5/6/2010 2:56,29.87999916,128613000,27.90999985,128613000,36.8928566,321465200,28.4642849,321465200,17.45192337,189407700,14.56730747,189407700,1.120000005,155700,1.049999952,155700,3.266000032,735000,3.052400112,735000,31.43000031,6056700,28.95000076,6056700,24.90700912,9026600,21.93132973,9026600,30.37392044,24590800,27.03375053,24590800,7.090000153,21421000,5.699999809,21421000,1.649999976,5900,1.620000005,5900,10.93791485,163100,9.952606201,163100,6.764444351,428100,6.373333454,428100,45.09999847,1738900,42.18999863,1738900,31.07999992,1082600,23,1082600,18.59000015,7278900,16.79999924,7278900
5/6/2010 2:57,29.87999916,128613000,27.90999985,128613000,36.8928566,321465200,28.4642849,321465200,17.45192337,189407700,14.56730747,189407700,1.120000005,155700,1.049999952,155700,3.266000032,735000,3.052400112,735000,31.43000031,6056700,28.95000076,6056700,24.90700912,9026600,21.93132973,9026600,30.37392044,24590800,27.03375053,24590800,7.090000153,21421000,5.699999809,21421000,1.649999976,5900,1.620000005,5900,10.93791485,163100,9.952606201,163100,6.764444351,428100,6.373333454,428100,45.09999847,1738900,42.18999863,1738900,31.07999992,1082600,23,1082600,18.59000015,7278900,16.79999924,7278900
5/6/2010 2:58,29.87999916,128613000,27.90999985,128613000,36.8928566,321465200,28.4642849,321465200,17.45192337,189407700,14.56730747,189407700,1.120000005,155700,1.049999952,155700,3.266000032,735000,3.052400112,735000,31.43000031,6056700,28.95000076,6056700,24.90700912,9026600,21.93132973,9026600,30.37392044,24590800,27.03375053,24590800,7.090000153,21421000,5.699999809,21421000,1.649999976,5900,1.620000005,5900,10.93791485,163100,9.952606201,163100,6.764444351,428100,6.373333454,428100,45.09999847,1738900,42.18999863,1738900,31.07999992,1082600,23,1082600,18.59000015,7278900,16.79999924,7278900
5/6/2010 2:59,29.87999916,128613000,27.90999985,128613000,36.8928566,321465200,28.4642849,321465200,17.45192337,189407700,14.56730747,189407700,1.120000005,155700,1.049999952,155700,3.266000032,735000,3.052400112,735000,31.43000031,6056700,28.95000076,6056700,24.90700912,9026600,21.93132973,9026600,30.37392044,24590800,27.03375053,24590800,7.090000153,21421000,5.699999809,21421000,1.649999976,5900,1.620000005,5900,10.93791485,163100,9.952606201,163100,6.764444351,428100,6.373333454,428100,45.09999847,1738900,42.18999863,1738900,31.07999992,1082600,23,1082600,18.59000015,7278900,16.79999924,7278900
5/6/2010 3:00,29.87999916,128613000,27.90999985,128613000,36.8928566,321465200,28.4642849,321465200,17.45192337,189407700,14.56730747,189407700,1.120000005,155700,1.049999952,155700,3.266000032,735000,3.052400112,735000,31.43000031,6056700,28.95000076,6056700,24.90700912,9026600,21.93132973,9026600,30.37392044,24590800,27.03375053,24590800,7.090000153,21421000,5.699999809,21421000,1.649999976,5900,1.620000005,5900,10.93791485,163100,9.952606201,163100,6.764444351,428100,6.373333454,428100,45.09999847,1738900,42.18999863,1738900,31.07999992,1082600,23,1082600,18.59000015,7278900,16.79999924,7278900
5/6/2010 3:01,29.87999916,128613000,27.90999985,128613000,36.8928566,321465200,28.4642849,321465200,17.45192337,189407700,14.56730747,189407700,1.120000005,155700,1.049999952,155700,3.266000032,735000,3.052400112,735000,31.43000031,6056700,28.95000076,6056700,24.90700912,9026600,21.93132973,9026600,30.37392044,24590800,27.03375053,24590800,7.090000153,21421000,5.699999809,21421000,1.649999976,5900,1.620000005,5900,10.93791485,163100,9.952606201,163100,6.764444351,428100,6.373333454,428100,45.09999847,1738900,42.18999863,1738900,31.07999992,1082600,23,1082600,18.59000015,7278900,16.79999924,7278900
5/6/2010 3:02,29.87999916,128613000,27.90999985,128613000,36.8928566,321465200,28.4642849,321465200,17.45192337,189407700,14.56730747,189407700,1.120000005,155700,1.049999952,155700,3.266000032,735000,3.052400112,735000,31.43000031,6056700,28.95000076,6056700,24.90700912,9026600,21.93132973,9026600,30.37392044,24590800,27.03375053,24590800,7.090000153,21421000,5.699999809,21421000,1.649999976,5900,1.620000005,5900,10.93791485,163100,9.952606201,163100,6.764444351,428100,6.373333454,428100,45.09999847,1738900,42.18999863,1738900,31.07999992,1082600,23,1082600,18.59000015,7278900,16.79999924,7278900
5/6/2010 3:03,29.87999916,128613000,27.90999985,128613000,36.8928566,321465200,28.4642849,321465200,17.45192337,189407700,14.56730747,189407700,1.120000005,155700,1.049999952,155700,3.266000032,735000,3.052400112,735000,31.43000031,6056700,28.95000076,6056700,24.90700912,9026600,21.93132973,9026600,30.37392044,24590800,27.03375053,24590800,7.090000153,21421000,5.699999809,21421000,1.649999976,5900,1.620000005,5900,10.93791485,163100,9.952606201,163100,6.764444351,428100,6.373333454,428100,45.09999847,1738900,42.18999863,1738900,31.07999992,1082600,23,1082600,18.59000015,7278900,16.79999924,7278900
5/6/2010 3:04,29.87999916,128613000,27.90999985,128613000,36.8928566,321465200,28.4642849,321465200,17.45192337,189407700,14.56730747,189407700,1.120000005,155700,1.049999952,155700,3.266000032,735000,3.052400112,735000,31.43000031,6056700,28.95000076,6056700,24.90700912,9026600,21.93132973,9026600,30.37392044,24590800,27.03375053,24590800,7.090000153,21421000,5.699999809,21421000,1.649999976,5900,1.620000005,5900,10.93791485,163100,9.952606201,163100,6.764444351,428100,6.373333454,428100,45.09999847,1738900,42.18999863,1738900,31.07999992,1082600,23,1082600,18.59000015,7278900,16.79999924,7278900
5/6/2010 3:05,29.87999916,128613000,27.90999985,128613000,36.8928566,321465200,28.4642849,321465200,17.45192337,189407700,14.56730747,189407700,1.120000005,155700,1.049999952,155700,3.266000032,735000,3.052400112,735000,31.43000031,6056700,28.95000076,6056700,24.90700912,9026600,21.93132973,9026600,30.37392044,24590800,27.03375053,24590800,7.090000153,21421000,5.699999809,21421000,1.649999976,5900,1.620000005,5900,10.93791485,163100,9.952606201,163100,6.764444351,428100,6.373333454,428100,45.09999847,1738900,42.18999863,1738900,31.07999992,1082600,23,1082600,18.59000015,7278900,16.79999924,7278900
5/6/2010 3:06,29.87999916,128613000,27.90999985,128613000,36.8928566,321465200,28.4642849,321465200,17.45192337,189407700,14.56730747,189407700,1.120000005,155700,1.049999952,155700,3.266000032,735000,3.052400112,735000,31.43000031,6056700,28.95000076,6056700,24.90700912,9026600,21.93132973,9026600,30.37392044,24590800,27.03375053,24590800,7.090000153,21421000,5.699999809,21421000,1.649999976,5900,1.620000005,5900,10.93791485,163100,9.952606201,163100,6.764444351,428100,6.373333454,428100,45.09999847,1738900,42.18999863,1738900,31.07999992,1082600,23,1082600,18.59000015,7278900,16.79999924,7278900
5/6/2010 3:07,29.87999916,128613000,27.90999985,128613000,36.8928566,321465200,28.4642849,321465200,17.45192337,189407700,14.56730747,189407700,1.120000005,155700,1.049999952,155700,3.266000032,735000,3.052400112,735000,31.43000031,6056700,28.95000076,6056700,24.90700912,9026600,21.93132973,9026600,30.37392044,24590800,27.03375053,24590800,7.090000153,21421000,5.699999809,21421000,1.649999976,5900,1.620000005,5900,10.93791485,163100,9.952606201,163100,6.764444351,428100,6.373333454,428100,45.09999847,1738900,42.18999863,1738900,31.07999992,1082600,23,1082600,18.59000015,7278900,16.79999924,7278900
5/6/2010 3:08,29.87999916,128613000,27.90999985,128613000,36.8928566,321465200,28.4642849,321465200,17.45192337,189407700,14.56730747,189407700,1.120000005,155700,1.049999952,155700,3.266000032,735000,3.052400112,735000,31.43000031,6056700,28.95000076,6056700,24.90700912,9026600,21.93132973,9026600,30.37392044,24590800,27.03375053,24590800,7.090000153,21421000,5.699999809,21421000,1.649999976,5900,1.620000005,5900,10.93791485,163100,9.952606201,163100,6.764444351,428100,6.373333454,428100,45.09999847,1738900,42.18999863,1738900,31.07999992,1082600,23,1082600,18.59000015,7278900,16.79999924,7278900
5/6/2010 3:09,29.87999916,128613000,27.90999985,128613000,36.8928566,321465200,28.4642849,321465200,17.45192337,189407700,14.56730747,189407700,1.120000005,155700,1.049999952,155700,3.266000032,735000,3.052400112,735000,31.43000031,6056700,28.95000076,6056700,24.90700912,9026600,21.93132973,9026600,30.37392044,24590800,27.03375053,24590800,7.090000153,21421000,5.699999809,21421000,1.649999976,5900,1.620000005,5900,10.93791485,163100,9.952606201,163100,6.764444351,428100,6.373333454,428100,45.09999847,1738900,42.18999863,1738900,31.07999992,1082600,23,1082600,18.59000015,7278900,16.79999924,7278900
5/6/2010 3:10,29.87999916,128613000,27.90999985,128613000,36.8928566,321465200,28.4642849,321465200,17.45192337,189407700,14.56730747,189407700,1.120000005,155700,1.049999952,155700,3.266000032,735000,3.052400112,735000,31.43000031,6056700,28.95000076,6056700,24.90700912,9026600,21.93132973,9026600,30.37392044,24590800,27.03375053,24590800,7.090000153,21421000,5.699999809,21421000,1.649999976,5900,1.620000005,5900,10.93791485,163100,9.952606201,163100,6.764444351,428100,6.373333454,428100,45.09999847,1738900,42.18999863,1738900,31.07999992,1082600,23,1082600,18.59000015,7278900,16.79999924,7278900
5/6/2010 3:11,29.87999916,128613000,27.90999985,128613000,36.8928566,321465200,28.4642849,321465200,17.45192337,189407700,14.56730747,189407700,1.120000005,155700,1.049999952,155700,3.266000032,735000,3.052400112,735000,31.43000031,6056700,28.95000076,6056700,24.90700912,9026600,21.93132973,9026600,30.37392044,24590800,27.03375053,24590800,7.090000153,21421000,5.699999809,21421000,1.649999976,5900,1.620000005,5900,10.93791485,163100,9.952606201,163100,6.764444351,428100,6.373333454,428100,45.09999847,1738900,42.18999863,1738900,31.07999992,1082600,23,1082600,18.59000015,7278900,16.79999924,7278900
5/6/2010 3:12,29.87999916,128613000,27.90999985,128613000,36.8928566,321465200,28.4642849,321465200,17.45192337,189407700,14.56730747,189407700,1.120000005,155700,1.049999952,155700,3.266000032,735000,3.052400112,735000,31.43000031,6056700,28.95000076,6056700,24.90700912,9026600,21.93132973,9026600,30.37392044,24590800,27.03375053,24590800,7.090000153,21421000,5.699999809,21421000,1.649999976,5900,1.620000005,5900,10.93791485,163100,9.952606201,163100,6.764444351,428100,6.373333454,428100,45.09999847,1738900,42.18999863,1738900,31.07999992,1082600,23,1082600,18.59000015,7278900,16.79999924,7278900
5/6/2010 3:13,29.87999916,128613000,27.90999985,128613000,36.8928566,321465200,28.4642849,321465200,17.45192337,189407700,14.56730747,189407700,1.120000005,155700,1.049999952,155700,3.266000032,735000,3.052400112,735000,31.43000031,6056700,28.95000076,6056700,24.90700912,9026600,21.93132973,9026600,30.37392044,24590800,27.03375053,24590800,7.090000153,21421000,5.699999809,21421000,1.649999976,5900,1.620000005,5900,10.93791485,163100,9.952606201,163100,6.764444351,428100,6.373333454,428100,45.09999847,1738900,42.18999863,1738900,31.07999992,1082600,23,1082600,18.59000015,7278900,16.79999924,7278900
5/6/2010 3:14,29.87999916,128613000,27.90999985,128613000,36.8928566,321465200,28.4642849,321465200,17.45192337,189407700,14.56730747,189407700,1.120000005,155700,1.049999952,155700,3.266000032,735000,3.052400112,735000,31.43000031,6056700,28.95000076,6056700,24.90700912,9026600,21.93132973,9026600,30.37392044,24590800,27.03375053,24590800,7.090000153,21421000,5.699999809,21421000,1.649999976,5900,1.620000005,5900,10.93791485,163100,9.952606201,163100,6.764444351,428100,6.373333454,428100,45.09999847,1738900,42.18999863,1738900,31.07999992,1082600,23,1082600,18.59000015,7278900,16.79999924,7278900
5/6/2010 3:15,29.87999916,128613000,27.90999985,128613000,36.8928566,321465200,28.4642849,321465200,17.45192337,189407700,14.56730747,189407700,1.120000005,155700,1.049999952,155700,3.266000032,735000,3.052400112,735000,31.43000031,6056700,28.95000076,6056700,24.90700912,9026600,21.93132973,9026600,30.37392044,24590800,27.03375053,24590800,7.090000153,21421000,5.699999809,21421000,1.649999976,5900,1.620000005,5900,10.93791485,163100,9.952606201,163100,6.764444351,428100,6.373333454,428100,45.09999847,1738900,42.18999863,1738900,31.07999992,1082600,23,1082600,18.59000015,7278900,16.79999924,7278900
5/6/2010 3:16,29.87999916,128613000,27.90999985,128613000,36.8928566,321465200,28.4642849,321465200,17.45192337,189407700,14.56730747,189407700,1.120000005,155700,1.049999952,155700,3.266000032,735000,3.052400112,735000,31.43000031,6056700,28.95000076,6056700,24.90700912,9026600,21.93132973,9026600,30.37392044,24590800,27.03375053,24590800,7.090000153,21421000,5.699999809,21421000,1.649999976,5900,1.620000005,5900,10.93791485,163100,9.952606201,163100,6.764444351,428100,6.373333454,428100,45.09999847,1738900,42.18999863,1738900,31.07999992,1082600,23,1082600,18.59000015,7278900,16.79999924,7278900
5/6/2010 3:17,29.87999916,128613000,27.90999985,128613000,36.8928566,321465200,28.4642849,321465200,17.45192337,189407700,14.56730747,189407700,1.120000005,155700,1.049999952,155700,3.266000032,735000,3.052400112,735000,31.43000031,6056700,28.95000076,6056700,24.90700912,9026600,21.93132973,9026600,30.37392044,24590800,27.03375053,24590800,7.090000153,21421000,5.699999809,21421000,1.649999976,5900,1.620000005,5900,10.93791485,163100,9.952606201,163100,6.764444351,428100,6.373333454,428100,45.09999847,1738900,42.18999863,1738900,31.07999992,1082600,23,1082600,18.59000015,7278900,16.79999924,7278900
5/6/2010 3:18,29.87999916,128613000,27.90999985,128613000,36.8928566,321465200,28.4642849,321465200,17.45192337,189407700,14.56730747,189407700,1.120000005,155700,1.049999952,155700,3.266000032,735000,3.052400112,735000,31.43000031,6056700,28.95000076,6056700,24.90700912,9026600,21.93132973,9026600,30.37392044,24590800,27.03375053,24590800,7.090000153,21421000,5.699999809,21421000,1.649999976,5900,1.620000005,5900,10.93791485,163100,9.952606201,163100,6.764444351,428100,6.373333454,428100,45.09999847,1738900,42.18999863,1738900,31.07999992,1082600,23,1082600,18.59000015,7278900,16.79999924,7278900
5/6/2010 3:19,29.87999916,128613000,27.90999985,128613000,36.8928566,321465200,28.4642849,321465200,17.45192337,189407700,14.56730747,189407700,1.120000005,155700,1.049999952,155700,3.266000032,735000,3.052400112,735000,31.43000031,6056700,28.95000076,6056700,24.90700912,9026600,21.93132973,9026600,30.37392044,24590800,27.03375053,24590800,7.090000153,21421000,5.699999809,21421000,1.649999976,5900,1.620000005,5900,10.93791485,163100,9.952606201,163100,6.764444351,428100,6.373333454,428100,45.09999847,1738900,42.18999863,1738900,31.07999992,1082600,23,1082600,18.59000015,7278900,16.79999924,7278900
5/6/2010 3:20,29.87999916,128613000,27.90999985,128613000,36.8928566,321465200,28.4642849,321465200,17.45192337,189407700,14.56730747,189407700,1.120000005,155700,1.049999952,155700,3.266000032,735000,3.052400112,735000,31.43000031,6056700,28.95000076,6056700,24.90700912,9026600,21.93132973,9026600,30.37392044,24590800,27.03375053,24590800,7.090000153,21421000,5.699999809,21421000,1.649999976,5900,1.620000005,5900,10.93791485,163100,9.952606201,163100,6.764444351,428100,6.373333454,428100,45.09999847,1738900,42.18999863,1738900,31.07999992,1082600,23,1082600,18.59000015,7278900,16.79999924,7278900
5/6/2010 3:21,29.87999916,128613000,27.90999985,128613000,36.8928566,321465200,28.4642849,321465200,17.45192337,189407700,14.56730747,189407700,1.120000005,155700,1.049999952,155700,3.266000032,735000,3.052400112,735000,31.43000031,6056700,28.95000076,6056700,24.90700912,9026600,21.93132973,9026600,30.37392044,24590800,27.03375053,24590800,7.090000153,21421000,5.699999809,21421000,1.649999976,5900,1.620000005,5900,10.93791485,163100,9.952606201,163100,6.764444351,428100,6.373333454,428100,45.09999847,1738900,42.18999863,1738900,31.07999992,1082600,23,1082600,18.59000015,7278900,16.79999924,7278900
5/6/2010 3:22,29.87999916,128613000,27.90999985,128613000,36.8928566,321465200,28.4642849,321465200,17.45192337,189407700,14.56730747,189407700,1.120000005,155700,1.049999952,155700,3.266000032,735000,3.052400112,735000,31.43000031,6056700,28.95000076,6056700,24.90700912,9026600,21.93132973,9026600,30.37392044,24590800,27.03375053,24590800,7.090000153,21421000,5.699999809,21421000,1.649999976,5900,1.620000005,5900,10.93791485,163100,9.952606201,163100,6.764444351,428100,6.373333454,428100,45.09999847,1738900,42.18999863,1738900,31.07999992,1082600,23,1082600,18.59000015,7278900,16.79999924,7278900
5/6/2010 3:23,29.87999916,128613000,27.90999985,128613000,36.8928566,321465200,28.4642849,321465200,17.45192337,189407700,14.56730747,189407700,1.120000005,155700,1.049999952,155700,3.266000032,735000,3.052400112,735000,31.43000031,6056700,28.95000076,6056700,24.90700912,9026600,21.93132973,9026600,30.37392044,24590800,27.03375053,24590800,7.090000153,21421000,5.699999809,21421000,1.649999976,5900,1.620000005,5900,10.93791485,163100,9.952606201,163100,6.764444351,428100,6.373333454,428100,45.09999847,1738900,42.18999863,1738900,31.07999992,1082600,23,1082600,18.59000015,7278900,16.79999924,7278900
5/6/2010 3:24,29.87999916,128613000,27.90999985,128613000,36.8928566,321465200,28.4642849,321465200,17.45192337,189407700,14.56730747,189407700,1.120000005,155700,1.049999952,155700,3.266000032,735000,3.052400112,735000,31.43000031,6056700,28.95000076,6056700,24.90700912,9026600,21.93132973,9026600,30.37392044,24590800,27.03375053,24590800,7.090000153,21421000,5.699999809,21421000,1.649999976,5900,1.620000005,5900,10.93791485,163100,9.952606201,163100,6.764444351,428100,6.373333454,428100,45.09999847,1738900,42.18999863,1738900,31.07999992,1082600,23,1082600,18.59000015,7278900,16.79999924,7278900
5/6/2010 3:25,29.87999916,128613000,27.90999985,128613000,36.8928566,321465200,28.4642849,321465200,17.45192337,189407700,14.56730747,189407700,1.120000005,155700,1.049999952,155700,3.266000032,735000,3.052400112,735000,31.43000031,6056700,28.95000076,6056700,24.90700912,9026600,21.93132973,9026600,30.37392044,24590800,27.03375053,24590800,7.090000153,21421000,5.699999809,21421000,1.649999976,5900,1.620000005,5900,10.93791485,163100,9.952606201,163100,6.764444351,428100,6.373333454,428100,45.09999847,1738900,42.18999863,1738900,31.07999992,1082600,23,1082600,18.59000015,7278900,16.79999924,7278900
5/6/2010 3:26,29.87999916,128613000,27.90999985,128613000,36.8928566,321465200,28.4642849,321465200,17.45192337,189407700,14.56730747,189407700,1.120000005,155700,1.049999952,155700,3.266000032,735000,3.052400112,735000,31.43000031,6056700,28.95000076,6056700,24.90700912,9026600,21.93132973,9026600,30.37392044,24590800,27.03375053,24590800,7.090000153,21421000,5.699999809,21421000,1.649999976,5900,1.620000005,5900,10.93791485,163100,9.952606201,163100,6.764444351,428100,6.373333454,428100,45.09999847,1738900,42.18999863,1738900,31.07999992,1082600,23,1082600,18.59000015,7278900,16.79999924,7278900
5/6/2010 3:27,29.87999916,128613000,27.90999985,128613000,36.8928566,321465200,28.4642849,321465200,17.45192337,189407700,14.56730747,189407700,1.120000005,155700,1.049999952,155700,3.266000032,735000,3.052400112,735000,31.43000031,6056700,28.95000076,6056700,24.90700912,9026600,21.93132973,9026600,30.37392044,24590800,27.03375053,24590800,7.090000153,21421000,5.699999809,21421000,1.649999976,5900,1.620000005,5900,10.93791485,163100,9.952606201,163100,6.764444351,428100,6.373333454,428100,45.09999847,1738900,42.18999863,1738900,31.07999992,1082600,23,1082600,18.59000015,7278900,16.79999924,7278900
5/6/2010 3:28,29.87999916,128613000,27.90999985,128613000,36.8928566,321465200,28.4642849,321465200,17.45192337,189407700,14.56730747,189407700,1.120000005,155700,1.049999952,155700,3.266000032,735000,3.052400112,735000,31.43000031,6056700,28.95000076,6056700,24.90700912,9026600,21.93132973,9026600,30.37392044,24590800,27.03375053,24590800,7.090000153,21421000,5.699999809,21421000,1.649999976,5900,1.620000005,5900,10.93791485,163100,9.952606201,163100,6.764444351,428100,6.373333454,428100,45.09999847,1738900,42.18999863,1738900,31.07999992,1082600,23,1082600,18.59000015,7278900,16.79999924,7278900
5/6/2010 3:29,29.87999916,128613000,27.90999985,128613000,36.8928566,321465200,28.4642849,321465200,17.45192337,189407700,14.56730747,189407700,1.120000005,155700,1.049999952,155700,3.266000032,735000,3.052400112,735000,31.43000031,6056700,28.95000076,6056700,24.90700912,9026600,21.93132973,9026600,30.37392044,24590800,27.03375053,24590800,7.090000153,21421000,5.699999809,21421000,1.649999976,5900,1.620000005,5900,10.93791485,163100,9.952606201,163100,6.764444351,428100,6.373333454,428100,45.09999847,1738900,42.18999863,1738900,31.07999992,1082600,23,1082600,18.59000015,7278900,16.79999924,7278900
5/6/2010 3:30,29.87999916,128613000,27.90999985,128613000,36.8928566,321465200,28.4642849,321465200,17.45192337,189407700,14.56730747,189407700,1.120000005,155700,1.049999952,155700,3.266000032,735000,3.052400112,735000,31.43000031,6056700,28.95000076,6056700,24.90700912,9026600,21.93132973,9026600,30.37392044,24590800,27.03375053,24590800,7.090000153,21421000,5.699999809,21421000,1.649999976,5900,1.620000005,5900,10.93791485,163100,9.952606201,163100,6.764444351,428100,6.373333454,428100,45.09999847,1738900,42.18999863,1738900,31.07999992,1082600,23,1082600,18.59000015,7278900,16.79999924,7278900
5/6/2010 3:31,29.87999916,128613000,27.90999985,128613000,36.8928566,321465200,28.4642849,321465200,17.45192337,189407700,14.56730747,189407700,1.120000005,155700,1.049999952,155700,3.266000032,735000,3.052400112,735000,31.43000031,6056700,28.95000076,6056700,24.90700912,9026600,21.93132973,9026600,30.37392044,24590800,27.03375053,24590800,7.090000153,21421000,5.699999809,21421000,1.649999976,5900,1.620000005,5900,10.93791485,163100,9.952606201,163100,6.764444351,428100,6.373333454,428100,45.09999847,1738900,42.18999863,1738900,31.07999992,1082600,23,1082600,18.59000015,7278900,16.79999924,7278900
5/6/2010 3:32,29.87999916,128613000,27.90999985,128613000,36.8928566,321465200,28.4642849,321465200,17.45192337,189407700,14.56730747,189407700,1.120000005,155700,1.049999952,155700,3.266000032,735000,3.052400112,735000,31.43000031,6056700,28.95000076,6056700,24.90700912,9026600,21.93132973,9026600,30.37392044,24590800,27.03375053,24590800,7.090000153,21421000,5.699999809,21421000,1.649999976,5900,1.620000005,5900,10.93791485,163100,9.952606201,163100,6.764444351,428100,6.373333454,428100,45.09999847,1738900,42.18999863,1738900,31.07999992,1082600,23,1082600,18.59000015,7278900,16.79999924,7278900
5/6/2010 3:33,29.87999916,128613000,27.90999985,128613000,36.8928566,321465200,28.4642849,321465200,17.45192337,189407700,14.56730747,189407700,1.120000005,155700,1.049999952,155700,3.266000032,735000,3.052400112,735000,31.43000031,6056700,28.95000076,6056700,24.90700912,9026600,21.93132973,9026600,30.37392044,24590800,27.03375053,24590800,7.090000153,21421000,5.699999809,21421000,1.649999976,5900,1.620000005,5900,10.93791485,163100,9.952606201,163100,6.764444351,428100,6.373333454,428100,45.09999847,1738900,42.18999863,1738900,31.07999992,1082600,23,1082600,18.59000015,7278900,16.79999924,7278900
5/6/2010 3:34,29.87999916,128613000,27.90999985,128613000,36.8928566,321465200,28.4642849,321465200,17.45192337,189407700,14.56730747,189407700,1.120000005,155700,1.049999952,155700,3.266000032,735000,3.052400112,735000,31.43000031,6056700,28.95000076,6056700,24.90700912,9026600,21.93132973,9026600,30.37392044,24590800,27.03375053,24590800,7.090000153,21421000,5.699999809,21421000,1.649999976,5900,1.620000005,5900,10.93791485,163100,9.952606201,163100,6.764444351,428100,6.373333454,428100,45.09999847,1738900,42.18999863,1738900,31.07999992,1082600,23,1082600,18.59000015,7278900,16.79999924,7278900
5/6/2010 3:35,29.87999916,128613000,27.90999985,128613000,36.8928566,321465200,28.4642849,321465200,17.45192337,189407700,14.56730747,189407700,1.120000005,155700,1.049999952,155700,3.266000032,735000,3.052400112,735000,31.43000031,6056700,28.95000076,6056700,24.90700912,9026600,21.93132973,9026600,30.37392044,24590800,27.03375053,24590800,7.090000153,21421000,5.699999809,21421000,1.649999976,5900,1.620000005,5900,10.93791485,163100,9.952606201,163100,6.764444351,428100,6.373333454,428100,45.09999847,1738900,42.18999863,1738900,31.07999992,1082600,23,1082600,18.59000015,7278900,16.79999924,7278900
5/6/2010 3:36,29.87999916,128613000,27.90999985,128613000,36.8928566,321465200,28.4642849,321465200,17.45192337,189407700,14.56730747,189407700,1.120000005,155700,1.049999952,155700,3.266000032,735000,3.052400112,735000,31.43000031,6056700,28.95000076,6056700,24.90700912,9026600,21.93132973,9026600,30.37392044,24590800,27.03375053,24590800,7.090000153,21421000,5.699999809,21421000,1.649999976,5900,1.620000005,5900,10.93791485,163100,9.952606201,163100,6.764444351,428100,6.373333454,428100,45.09999847,1738900,42.18999863,1738900,31.07999992,1082600,23,1082600,18.59000015,7278900,16.79999924,7278900
5/6/2010 3:37,29.87999916,128613000,27.90999985,128613000,36.8928566,321465200,28.4642849,321465200,17.45192337,189407700,14.56730747,189407700,1.120000005,155700,1.049999952,155700,3.266000032,735000,3.052400112,735000,31.43000031,6056700,28.95000076,6056700,24.90700912,9026600,21.93132973,9026600,30.37392044,24590800,27.03375053,24590800,7.090000153,21421000,5.699999809,21421000,1.649999976,5900,1.620000005,5900,10.93791485,163100,9.952606201,163100,6.764444351,428100,6.373333454,428100,45.09999847,1738900,42.18999863,1738900,31.07999992,1082600,23,1082600,18.59000015,7278900,16.79999924,7278900
5/6/2010 3:38,29.87999916,128613000,27.90999985,128613000,36.8928566,321465200,28.4642849,321465200,17.45192337,189407700,14.56730747,189407700,1.120000005,155700,1.049999952,155700,3.266000032,735000,3.052400112,735000,31.43000031,6056700,28.95000076,6056700,24.90700912,9026600,21.93132973,9026600,30.37392044,24590800,27.03375053,24590800,7.090000153,21421000,5.699999809,21421000,1.649999976,5900,1.620000005,5900,10.93791485,163100,9.952606201,163100,6.764444351,428100,6.373333454,428100,45.09999847,1738900,42.18999863,1738900,31.07999992,1082600,23,1082600,18.59000015,7278900,16.79999924,7278900
5/6/2010 3:39,29.87999916,128613000,27.90999985,128613000,36.8928566,321465200,28.4642849,321465200,17.45192337,189407700,14.56730747,189407700,1.120000005,155700,1.049999952,155700,3.266000032,735000,3.052400112,735000,31.43000031,6056700,28.95000076,6056700,24.90700912,9026600,21.93132973,9026600,30.37392044,24590800,27.03375053,24590800,7.090000153,21421000,5.699999809,21421000,1.649999976,5900,1.620000005,5900,10.93791485,163100,9.952606201,163100,6.764444351,428100,6.373333454,428100,45.09999847,1738900,42.18999863,1738900,31.07999992,1082600,23,1082600,18.59000015,7278900,16.79999924,7278900
5/6/2010 3:40,29.87999916,128613000,27.90999985,128613000,36.8928566,321465200,28.4642849,321465200,17.45192337,189407700,14.56730747,189407700,1.120000005,155700,1.049999952,155700,3.266000032,735000,3.052400112,735000,31.43000031,6056700,28.95000076,6056700,24.90700912,9026600,21.93132973,9026600,30.37392044,24590800,27.03375053,24590800,7.090000153,21421000,5.699999809,21421000,1.649999976,5900,1.620000005,5900,10.93791485,163100,9.952606201,163100,6.764444351,428100,6.373333454,428100,45.09999847,1738900,42.18999863,1738900,31.07999992,1082600,23,1082600,18.59000015,7278900,16.79999924,7278900
5/6/2010 3:41,29.87999916,128613000,27.90999985,128613000,36.8928566,321465200,28.4642849,321465200,17.45192337,189407700,14.56730747,189407700,1.120000005,155700,1.049999952,155700,3.266000032,735000,3.052400112,735000,31.43000031,6056700,28.95000076,6056700,24.90700912,9026600,21.93132973,9026600,30.37392044,24590800,27.03375053,24590800,7.090000153,21421000,5.699999809,21421000,1.649999976,5900,1.620000005,5900,10.93791485,163100,9.952606201,163100,6.764444351,428100,6.373333454,428100,45.09999847,1738900,42.18999863,1738900,31.07999992,1082600,23,1082600,18.59000015,7278900,16.79999924,7278900
5/6/2010 3:42,29.87999916,128613000,27.90999985,128613000,36.8928566,321465200,28.4642849,321465200,17.45192337,189407700,14.56730747,189407700,1.120000005,155700,1.049999952,155700,3.266000032,735000,3.052400112,735000,31.43000031,6056700,28.95000076,6056700,24.90700912,9026600,21.93132973,9026600,30.37392044,24590800,27.03375053,24590800,7.090000153,21421000,5.699999809,21421000,1.649999976,5900,1.620000005,5900,10.93791485,163100,9.952606201,163100,6.764444351,428100,6.373333454,428100,45.09999847,1738900,42.18999863,1738900,31.07999992,1082600,23,1082600,18.59000015,7278900,16.79999924,7278900
5/6/2010 3:43,29.87999916,128613000,27.90999985,128613000,36.8928566,321465200,28.4642849,321465200,17.45192337,189407700,14.56730747,189407700,1.120000005,155700,1.049999952,155700,3.266000032,735000,3.052400112,735000,31.43000031,6056700,28.95000076,6056700,24.90700912,9026600,21.93132973,9026600,30.37392044,24590800,27.03375053,24590800,7.090000153,21421000,5.699999809,21421000,1.649999976,5900,1.620000005,5900,10.93791485,163100,9.952606201,163100,6.764444351,428100,6.373333454,428100,45.09999847,1738900,42.18999863,1738900,31.07999992,1082600,23,1082600,18.59000015,7278900,16.79999924,7278900
5/6/2010 3:44,29.87999916,128613000,27.90999985,128613000,36.8928566,321465200,28.4642849,321465200,17.45192337,189407700,14.56730747,189407700,1.120000005,155700,1.049999952,155700,3.266000032,735000,3.052400112,735000,31.43000031,6056700,28.95000076,6056700,24.90700912,9026600,21.93132973,9026600,30.37392044,24590800,27.03375053,24590800,7.090000153,21421000,5.699999809,21421000,1.649999976,5900,1.620000005,5900,10.93791485,163100,9.952606201,163100,6.764444351,428100,6.373333454,428100,45.09999847,1738900,42.18999863,1738900,31.07999992,1082600,23,1082600,18.59000015,7278900,16.79999924,7278900
5/6/2010 3:45,29.87999916,128613000,27.90999985,128613000,36.8928566,321465200,28.4642849,321465200,17.45192337,189407700,14.56730747,189407700,1.120000005,155700,1.049999952,155700,3.266000032,735000,3.052400112,735000,31.43000031,6056700,28.95000076,6056700,24.90700912,9026600,21.93132973,9026600,30.37392044,24590800,27.03375053,24590800,7.090000153,21421000,5.699999809,21421000,1.649999976,5900,1.620000005,5900,10.93791485,163100,9.952606201,163100,6.764444351,428100,6.373333454,428100,45.09999847,1738900,42.18999863,1738900,31.07999992,1082600,23,1082600,18.59000015,7278900,16.79999924,7278900
5/6/2010 3:46,29.87999916,128613000,27.90999985,128613000,36.8928566,321465200,28.4642849,321465200,17.45192337,189407700,14.56730747,189407700,1.120000005,155700,1.049999952,155700,3.266000032,735000,3.052400112,735000,31.43000031,6056700,28.95000076,6056700,24.90700912,9026600,21.93132973,9026600,30.37392044,24590800,27.03375053,24590800,7.090000153,21421000,5.699999809,21421000,1.649999976,5900,1.620000005,5900,10.93791485,163100,9.952606201,163100,6.764444351,428100,6.373333454,428100,45.09999847,1738900,42.18999863,1738900,31.07999992,1082600,23,1082600,18.59000015,7278900,16.79999924,7278900
5/6/2010 3:47,29.87999916,128613000,27.90999985,128613000,36.8928566,321465200,28.4642849,321465200,17.45192337,189407700,14.56730747,189407700,1.120000005,155700,1.049999952,155700,3.266000032,735000,3.052400112,735000,31.43000031,6056700,28.95000076,6056700,24.90700912,9026600,21.93132973,9026600,30.37392044,24590800,27.03375053,24590800,7.090000153,21421000,5.699999809,21421000,1.649999976,5900,1.620000005,5900,10.93791485,163100,9.952606201,163100,6.764444351,428100,6.373333454,428100,45.09999847,1738900,42.18999863,1738900,31.07999992,1082600,23,1082600,18.59000015,7278900,16.79999924,7278900
5/6/2010 3:48,29.87999916,128613000,27.90999985,128613000,36.8928566,321465200,28.4642849,321465200,17.45192337,189407700,14.56730747,189407700,1.120000005,155700,1.049999952,155700,3.266000032,735000,3.052400112,735000,31.43000031,6056700,28.95000076,6056700,24.90700912,9026600,21.93132973,9026600,30.37392044,24590800,27.03375053,24590800,7.090000153,21421000,5.699999809,21421000,1.649999976,5900,1.620000005,5900,10.93791485,163100,9.952606201,163100,6.764444351,428100,6.373333454,428100,45.09999847,1738900,42.18999863,1738900,31.07999992,1082600,23,1082600,18.59000015,7278900,16.79999924,7278900
5/6/2010 3:49,29.87999916,128613000,27.90999985,128613000,36.8928566,321465200,28.4642849,321465200,17.45192337,189407700,14.56730747,189407700,1.120000005,155700,1.049999952,155700,3.266000032,735000,3.052400112,735000,31.43000031,6056700,28.95000076,6056700,24.90700912,9026600,21.93132973,9026600,30.37392044,24590800,27.03375053,24590800,7.090000153,21421000,5.699999809,21421000,1.649999976,5900,1.620000005,5900,10.93791485,163100,9.952606201,163100,6.764444351,428100,6.373333454,428100,45.09999847,1738900,42.18999863,1738900,31.07999992,1082600,23,1082600,18.59000015,7278900,16.79999924,7278900
5/6/2010 3:50,29.87999916,128613000,27.90999985,128613000,36.8928566,321465200,28.4642849,321465200,17.45192337,189407700,14.56730747,189407700,1.120000005,155700,1.049999952,155700,3.266000032,735000,3.052400112,735000,31.43000031,6056700,28.95000076,6056700,24.90700912,9026600,21.93132973,9026600,30.37392044,24590800,27.03375053,24590800,7.090000153,21421000,5.699999809,21421000,1.649999976,5900,1.620000005,5900,10.93791485,163100,9.952606201,163100,6.764444351,428100,6.373333454,428100,45.09999847,1738900,42.18999863,1738900,31.07999992,1082600,23,1082600,18.59000015,7278900,16.79999924,7278900
5/6/2010 3:51,29.87999916,128613000,27.90999985,128613000,36.8928566,321465200,28.4642849,321465200,17.45192337,189407700,14.56730747,189407700,1.120000005,155700,1.049999952,155700,3.266000032,735000,3.052400112,735000,31.43000031,6056700,28.95000076,6056700,24.90700912,9026600,21.93132973,9026600,30.37392044,24590800,27.03375053,24590800,7.090000153,21421000,5.699999809,21421000,1.649999976,5900,1.620000005,5900,10.93791485,163100,9.952606201,163100,6.764444351,428100,6.373333454,428100,45.09999847,1738900,42.18999863,1738900,31.07999992,1082600,23,1082600,18.59000015,7278900,16.79999924,7278900
5/6/2010 3:52,29.87999916,128613000,27.90999985,128613000,36.8928566,321465200,28.4642849,321465200,17.45192337,189407700,14.56730747,189407700,1.120000005,155700,1.049999952,155700,3.266000032,735000,3.052400112,735000,31.43000031,6056700,28.95000076,6056700,24.90700912,9026600,21.93132973,9026600,30.37392044,24590800,27.03375053,24590800,7.090000153,21421000,5.699999809,21421000,1.649999976,5900,1.620000005,5900,10.93791485,163100,9.952606201,163100,6.764444351,428100,6.373333454,428100,45.09999847,1738900,42.18999863,1738900,31.07999992,1082600,23,1082600,18.59000015,7278900,16.79999924,7278900
5/6/2010 3:53,29.87999916,128613000,27.90999985,128613000,36.8928566,321465200,28.4642849,321465200,17.45192337,189407700,14.56730747,189407700,1.120000005,155700,1.049999952,155700,3.266000032,735000,3.052400112,735000,31.43000031,6056700,28.95000076,6056700,24.90700912,9026600,21.93132973,9026600,30.37392044,24590800,27.03375053,24590800,7.090000153,21421000,5.699999809,21421000,1.649999976,5900,1.620000005,5900,10.93791485,163100,9.952606201,163100,6.764444351,428100,6.373333454,428100,45.09999847,1738900,42.18999863,1738900,31.07999992,1082600,23,1082600,18.59000015,7278900,16.79999924,7278900
5/6/2010 3:54,29.87999916,128613000,27.90999985,128613000,36.8928566,321465200,28.4642849,321465200,17.45192337,189407700,14.56730747,189407700,1.120000005,155700,1.049999952,155700,3.266000032,735000,3.052400112,735000,31.43000031,6056700,28.95000076,6056700,24.90700912,9026600,21.93132973,9026600,30.37392044,24590800,27.03375053,24590800,7.090000153,21421000,5.699999809,21421000,1.649999976,5900,1.620000005,5900,10.93791485,163100,9.952606201,163100,6.764444351,428100,6.373333454,428100,45.09999847,1738900,42.18999863,1738900,31.07999992,1082600,23,1082600,18.59000015,7278900,16.79999924,7278900
5/6/2010 3:55,29.87999916,128613000,27.90999985,128613000,36.8928566,321465200,28.4642849,321465200,17.45192337,189407700,14.56730747,189407700,1.120000005,155700,1.049999952,155700,3.266000032,735000,3.052400112,735000,31.43000031,6056700,28.95000076,6056700,24.90700912,9026600,21.93132973,9026600,30.37392044,24590800,27.03375053,24590800,7.090000153,21421000,5.699999809,21421000,1.649999976,5900,1.620000005,5900,10.93791485,163100,9.952606201,163100,6.764444351,428100,6.373333454,428100,45.09999847,1738900,42.18999863,1738900,31.07999992,1082600,23,1082600,18.59000015,7278900,16.79999924,7278900
5/6/2010 3:56,29.87999916,128613000,27.90999985,128613000,36.8928566,321465200,28.4642849,321465200,17.45192337,189407700,14.56730747,189407700,1.120000005,155700,1.049999952,155700,3.266000032,735000,3.052400112,735000,31.43000031,6056700,28.95000076,6056700,24.90700912,9026600,21.93132973,9026600,30.37392044,24590800,27.03375053,24590800,7.090000153,21421000,5.699999809,21421000,1.649999976,5900,1.620000005,5900,10.93791485,163100,9.952606201,163100,6.764444351,428100,6.373333454,428100,45.09999847,1738900,42.18999863,1738900,31.07999992,1082600,23,1082600,18.59000015,7278900,16.79999924,7278900
5/6/2010 3:57,29.87999916,128613000,27.90999985,128613000,36.8928566,321465200,28.4642849,321465200,17.45192337,189407700,14.56730747,189407700,1.120000005,155700,1.049999952,155700,3.266000032,735000,3.052400112,735000,31.43000031,6056700,28.95000076,6056700,24.90700912,9026600,21.93132973,9026600,30.37392044,24590800,27.03375053,24590800,7.090000153,21421000,5.699999809,21421000,1.649999976,5900,1.620000005,5900,10.93791485,163100,9.952606201,163100,6.764444351,428100,6.373333454,428100,45.09999847,1738900,42.18999863,1738900,31.07999992,1082600,23,1082600,18.59000015,7278900,16.79999924,7278900
5/6/2010 3:58,29.87999916,128613000,27.90999985,128613000,36.8928566,321465200,28.4642849,321465200,17.45192337,189407700,14.56730747,189407700,1.120000005,155700,1.049999952,155700,3.266000032,735000,3.052400112,735000,31.43000031,6056700,28.95000076,6056700,24.90700912,9026600,21.93132973,9026600,30.37392044,24590800,27.03375053,24590800,7.090000153,21421000,5.699999809,21421000,1.649999976,5900,1.620000005,5900,10.93791485,163100,9.952606201,163100,6.764444351,428100,6.373333454,428100,45.09999847,1738900,42.18999863,1738900,31.07999992,1082600,23,1082600,18.59000015,7278900,16.79999924,7278900
5/6/2010 3:59,29.87999916,128613000,27.90999985,128613000,36.8928566,321465200,28.4642849,321465200,17.45192337,189407700,14.56730747,189407700,1.120000005,155700,1.049999952,155700,3.266000032,735000,3.052400112,735000,31.43000031,6056700,28.95000076,6056700,24.90700912,9026600,21.93132973,9026600,30.37392044,24590800,27.03375053,24590800,7.090000153,21421000,5.699999809,21421000,1.649999976,5900,1.620000005,5900,10.93791485,163100,9.952606201,163100,6.764444351,428100,6.373333454,428100,45.09999847,1738900,42.18999863,1738900,31.07999992,1082600,23,1082600,18.59000015,7278900,16.79999924,7278900
5/6/2010 4:00,29.87999916,128613000,27.90999985,128613000,36.8928566,321465200,28.4642849,321465200,17.45192337,189407700,14.56730747,189407700,1.120000005,155700,1.049999952,155700,3.266000032,735000,3.052400112,735000,31.43000031,6056700,28.95000076,6056700,24.90700912,9026600,21.93132973,9026600,30.37392044,24590800,27.03375053,24590800,7.090000153,21421000,5.699999809,21421000,1.649999976,5900,1.620000005,5900,10.93791485,163100,9.952606201,163100,6.764444351,428100,6.373333454,428100,45.09999847,1738900,42.18999863,1738900,31.07999992,1082600,23,1082600,18.59000015,7278900,16.79999924,7278900
5/6/2010 4:01,29.87999916,128613000,27.90999985,128613000,36.8928566,321465200,28.4642849,321465200,17.45192337,189407700,14.56730747,189407700,1.120000005,155700,1.049999952,155700,3.266000032,735000,3.052400112,735000,31.43000031,6056700,28.95000076,6056700,24.90700912,9026600,21.93132973,9026600,30.37392044,24590800,27.03375053,24590800,7.090000153,21421000,5.699999809,21421000,1.649999976,5900,1.620000005,5900,10.93791485,163100,9.952606201,163100,6.764444351,428100,6.373333454,428100,45.09999847,1738900,42.18999863,1738900,31.07999992,1082600,23,1082600,18.59000015,7278900,16.79999924,7278900
5/6/2010 4:02,29.87999916,128613000,27.90999985,128613000,36.8928566,321465200,28.4642849,321465200,17.45192337,189407700,14.56730747,189407700,1.120000005,155700,1.049999952,155700,3.266000032,735000,3.052400112,735000,31.43000031,6056700,28.95000076,6056700,24.90700912,9026600,21.93132973,9026600,30.37392044,24590800,27.03375053,24590800,7.090000153,21421000,5.699999809,21421000,1.649999976,5900,1.620000005,5900,10.93791485,163100,9.952606201,163100,6.764444351,428100,6.373333454,428100,45.09999847,1738900,42.18999863,1738900,31.07999992,1082600,23,1082600,18.59000015,7278900,16.79999924,7278900
5/6/2010 4:03,29.87999916,128613000,27.90999985,128613000,36.8928566,321465200,28.4642849,321465200,17.45192337,189407700,14.56730747,189407700,1.120000005,155700,1.049999952,155700,3.266000032,735000,3.052400112,735000,31.43000031,6056700,28.95000076,6056700,24.90700912,9026600,21.93132973,9026600,30.37392044,24590800,27.03375053,24590800,7.090000153,21421000,5.699999809,21421000,1.649999976,5900,1.620000005,5900,10.93791485,163100,9.952606201,163100,6.764444351,428100,6.373333454,428100,45.09999847,1738900,42.18999863,1738900,31.07999992,1082600,23,1082600,18.59000015,7278900,16.79999924,7278900
5/6/2010 4:04,29.87999916,128613000,27.90999985,128613000,36.8928566,321465200,28.4642849,321465200,17.45192337,189407700,14.56730747,189407700,1.120000005,155700,1.049999952,155700,3.266000032,735000,3.052400112,735000,31.43000031,6056700,28.95000076,6056700,24.90700912,9026600,21.93132973,9026600,30.37392044,24590800,27.03375053,24590800,7.090000153,21421000,5.699999809,21421000,1.649999976,5900,1.620000005,5900,10.93791485,163100,9.952606201,163100,6.764444351,428100,6.373333454,428100,45.09999847,1738900,42.18999863,1738900,31.07999992,1082600,23,1082600,18.59000015,7278900,16.79999924,7278900
5/6/2010 4:05,29.87999916,128613000,27.90999985,128613000,36.8928566,321465200,28.4642849,321465200,17.45192337,189407700,14.56730747,189407700,1.120000005,155700,1.049999952,155700,3.266000032,735000,3.052400112,735000,31.43000031,6056700,28.95000076,6056700,24.90700912,9026600,21.93132973,9026600,30.37392044,24590800,27.03375053,24590800,7.090000153,21421000,5.699999809,21421000,1.649999976,5900,1.620000005,5900,10.93791485,163100,9.952606201,163100,6.764444351,428100,6.373333454,428100,45.09999847,1738900,42.18999863,1738900,31.07999992,1082600,23,1082600,18.59000015,7278900,16.79999924,7278900
5/6/2010 4:06,29.87999916,128613000,27.90999985,128613000,36.8928566,321465200,28.4642849,321465200,17.45192337,189407700,14.56730747,189407700,1.120000005,155700,1.049999952,155700,3.266000032,735000,3.052400112,735000,31.43000031,6056700,28.95000076,6056700,24.90700912,9026600,21.93132973,9026600,30.37392044,24590800,27.03375053,24590800,7.090000153,21421000,5.699999809,21421000,1.649999976,5900,1.620000005,5900,10.93791485,163100,9.952606201,163100,6.764444351,428100,6.373333454,428100,45.09999847,1738900,42.18999863,1738900,31.07999992,1082600,23,1082600,18.59000015,7278900,16.79999924,7278900
5/6/2010 4:07,29.87999916,128613000,27.90999985,128613000,36.8928566,321465200,28.4642849,321465200,17.45192337,189407700,14.56730747,189407700,1.120000005,155700,1.049999952,155700,3.266000032,735000,3.052400112,735000,31.43000031,6056700,28.95000076,6056700,24.90700912,9026600,21.93132973,9026600,30.37392044,24590800,27.03375053,24590800,7.090000153,21421000,5.699999809,21421000,1.649999976,5900,1.620000005,5900,10.93791485,163100,9.952606201,163100,6.764444351,428100,6.373333454,428100,45.09999847,1738900,42.18999863,1738900,31.07999992,1082600,23,1082600,18.59000015,7278900,16.79999924,7278900
5/6/2010 4:08,29.87999916,128613000,27.90999985,128613000,36.8928566,321465200,28.4642849,321465200,17.45192337,189407700,14.56730747,189407700,1.120000005,155700,1.049999952,155700,3.266000032,735000,3.052400112,735000,31.43000031,6056700,28.95000076,6056700,24.90700912,9026600,21.93132973,9026600,30.37392044,24590800,27.03375053,24590800,7.090000153,21421000,5.699999809,21421000,1.649999976,5900,1.620000005,5900,10.93791485,163100,9.952606201,163100,6.764444351,428100,6.373333454,428100,45.09999847,1738900,42.18999863,1738900,31.07999992,1082600,23,1082600,18.59000015,7278900,16.79999924,7278900
5/6/2010 4:09,29.87999916,128613000,27.90999985,128613000,36.8928566,321465200,28.4642849,321465200,17.45192337,189407700,14.56730747,189407700,1.120000005,155700,1.049999952,155700,3.266000032,735000,3.052400112,735000,31.43000031,6056700,28.95000076,6056700,24.90700912,9026600,21.93132973,9026600,30.37392044,24590800,27.03375053,24590800,7.090000153,21421000,5.699999809,21421000,1.649999976,5900,1.620000005,5900,10.93791485,163100,9.952606201,163100,6.764444351,428100,6.373333454,428100,45.09999847,1738900,42.18999863,1738900,31.07999992,1082600,23,1082600,18.59000015,7278900,16.79999924,7278900
5/6/2010 4:10,29.87999916,128613000,27.90999985,128613000,36.8928566,321465200,28.4642849,321465200,17.45192337,189407700,14.56730747,189407700,1.120000005,155700,1.049999952,155700,3.266000032,735000,3.052400112,735000,31.43000031,6056700,28.95000076,6056700,24.90700912,9026600,21.93132973,9026600,30.37392044,24590800,27.03375053,24590800,7.090000153,21421000,5.699999809,21421000,1.649999976,5900,1.620000005,5900,10.93791485,163100,9.952606201,163100,6.764444351,428100,6.373333454,428100,45.09999847,1738900,42.18999863,1738900,31.07999992,1082600,23,1082600,18.59000015,7278900,16.79999924,7278900
5/6/2010 4:11,29.87999916,128613000,27.90999985,128613000,36.8928566,321465200,28.4642849,321465200,17.45192337,189407700,14.56730747,189407700,1.120000005,155700,1.049999952,155700,3.266000032,735000,3.052400112,735000,31.43000031,6056700,28.95000076,6056700,24.90700912,9026600,21.93132973,9026600,30.37392044,24590800,27.03375053,24590800,7.090000153,21421000,5.699999809,21421000,1.649999976,5900,1.620000005,5900,10.93791485,163100,9.952606201,163100,6.764444351,428100,6.373333454,428100,45.09999847,1738900,42.18999863,1738900,31.07999992,1082600,23,1082600,18.59000015,7278900,16.79999924,7278900
5/6/2010 4:12,29.87999916,128613000,27.90999985,128613000,36.8928566,321465200,28.4642849,321465200,17.45192337,189407700,14.56730747,189407700,1.120000005,155700,1.049999952,155700,3.266000032,735000,3.052400112,735000,31.43000031,6056700,28.95000076,6056700,24.90700912,9026600,21.93132973,9026600,30.37392044,24590800,27.03375053,24590800,7.090000153,21421000,5.699999809,21421000,1.649999976,5900,1.620000005,5900,10.93791485,163100,9.952606201,163100,6.764444351,428100,6.373333454,428100,45.09999847,1738900,42.18999863,1738900,31.07999992,1082600,23,1082600,18.59000015,7278900,16.79999924,7278900
5/6/2010 4:13,29.87999916,128613000,27.90999985,128613000,36.8928566,321465200,28.4642849,321465200,17.45192337,189407700,14.56730747,189407700,1.120000005,155700,1.049999952,155700,3.266000032,735000,3.052400112,735000,31.43000031,6056700,28.95000076,6056700,24.90700912,9026600,21.93132973,9026600,30.37392044,24590800,27.03375053,24590800,7.090000153,21421000,5.699999809,21421000,1.649999976,5900,1.620000005,5900,10.93791485,163100,9.952606201,163100,6.764444351,428100,6.373333454,428100,45.09999847,1738900,42.18999863,1738900,31.07999992,1082600,23,1082600,18.59000015,7278900,16.79999924,7278900
5/6/2010 4:14,29.87999916,128613000,27.90999985,128613000,36.8928566,321465200,28.4642849,321465200,17.45192337,189407700,14.56730747,189407700,1.120000005,155700,1.049999952,155700,3.266000032,735000,3.052400112,735000,31.43000031,6056700,28.95000076,6056700,24.90700912,9026600,21.93132973,9026600,30.37392044,24590800,27.03375053,24590800,7.090000153,21421000,5.699999809,21421000,1.649999976,5900,1.620000005,5900,10.93791485,163100,9.952606201,163100,6.764444351,428100,6.373333454,428100,45.09999847,1738900,42.18999863,1738900,31.07999992,1082600,23,1082600,18.59000015,7278900,16.79999924,7278900
5/6/2010 4:15,29.87999916,128613000,27.90999985,128613000,36.8928566,321465200,28.4642849,321465200,17.45192337,189407700,14.56730747,189407700,1.120000005,155700,1.049999952,155700,3.266000032,735000,3.052400112,735000,31.43000031,6056700,28.95000076,6056700,24.90700912,9026600,21.93132973,9026600,30.37392044,24590800,27.03375053,24590800,7.090000153,21421000,5.699999809,21421000,1.649999976,5900,1.620000005,5900,10.93791485,163100,9.952606201,163100,6.764444351,428100,6.373333454,428100,45.09999847,1738900,42.18999863,1738900,31.07999992,1082600,23,1082600,18.59000015,7278900,16.79999924,7278900
5/6/2010 4:16,29.87999916,128613000,27.90999985,128613000,36.8928566,321465200,28.4642849,321465200,17.45192337,189407700,14.56730747,189407700,1.120000005,155700,1.049999952,155700,3.266000032,735000,3.052400112,735000,31.43000031,6056700,28.95000076,6056700,24.90700912,9026600,21.93132973,9026600,30.37392044,24590800,27.03375053,24590800,7.090000153,21421000,5.699999809,21421000,1.649999976,5900,1.620000005,5900,10.93791485,163100,9.952606201,163100,6.764444351,428100,6.373333454,428100,45.09999847,1738900,42.18999863,1738900,31.07999992,1082600,23,1082600,18.59000015,7278900,16.79999924,7278900
5/6/2010 4:17,29.87999916,128613000,27.90999985,128613000,36.8928566,321465200,28.4642849,321465200,17.45192337,189407700,14.56730747,189407700,1.120000005,155700,1.049999952,155700,3.266000032,735000,3.052400112,735000,31.43000031,6056700,28.95000076,6056700,24.90700912,9026600,21.93132973,9026600,30.37392044,24590800,27.03375053,24590800,7.090000153,21421000,5.699999809,21421000,1.649999976,5900,1.620000005,5900,10.93791485,163100,9.952606201,163100,6.764444351,428100,6.373333454,428100,45.09999847,1738900,42.18999863,1738900,31.07999992,1082600,23,1082600,18.59000015,7278900,16.79999924,7278900
5/6/2010 4:18,29.87999916,128613000,27.90999985,128613000,36.8928566,321465200,28.4642849,321465200,17.45192337,189407700,14.56730747,189407700,1.120000005,155700,1.049999952,155700,3.266000032,735000,3.052400112,735000,31.43000031,6056700,28.95000076,6056700,24.90700912,9026600,21.93132973,9026600,30.37392044,24590800,27.03375053,24590800,7.090000153,21421000,5.699999809,21421000,1.649999976,5900,1.620000005,5900,10.93791485,163100,9.952606201,163100,6.764444351,428100,6.373333454,428100,45.09999847,1738900,42.18999863,1738900,31.07999992,1082600,23,1082600,18.59000015,7278900,16.79999924,7278900
5/6/2010 4:19,29.87999916,128613000,27.90999985,128613000,36.8928566,321465200,28.4642849,321465200,17.45192337,189407700,14.56730747,189407700,1.120000005,155700,1.049999952,155700,3.266000032,735000,3.052400112,735000,31.43000031,6056700,28.95000076,6056700,24.90700912,9026600,21.93132973,9026600,30.37392044,24590800,27.03375053,24590800,7.090000153,21421000,5.699999809,21421000,1.649999976,5900,1.620000005,5900,10.93791485,163100,9.952606201,163100,6.764444351,428100,6.373333454,428100,45.09999847,1738900,42.18999863,1738900,31.07999992,1082600,23,1082600,18.59000015,7278900,16.79999924,7278900
5/6/2010 4:20,29.87999916,128613000,27.90999985,128613000,36.8928566,321465200,28.4642849,321465200,17.45192337,189407700,14.56730747,189407700,1.120000005,155700,1.049999952,155700,3.266000032,735000,3.052400112,735000,31.43000031,6056700,28.95000076,6056700,24.90700912,9026600,21.93132973,9026600,30.37392044,24590800,27.03375053,24590800,7.090000153,21421000,5.699999809,21421000,1.649999976,5900,1.620000005,5900,10.93791485,163100,9.952606201,163100,6.764444351,428100,6.373333454,428100,45.09999847,1738900,42.18999863,1738900,31.07999992,1082600,23,1082600,18.59000015,7278900,16.79999924,7278900
5/6/2010 4:21,29.87999916,128613000,27.90999985,128613000,36.8928566,321465200,28.4642849,321465200,17.45192337,189407700,14.56730747,189407700,1.120000005,155700,1.049999952,155700,3.266000032,735000,3.052400112,735000,31.43000031,6056700,28.95000076,6056700,24.90700912,9026600,21.93132973,9026600,30.37392044,24590800,27.03375053,24590800,7.090000153,21421000,5.699999809,21421000,1.649999976,5900,1.620000005,5900,10.93791485,163100,9.952606201,163100,6.764444351,428100,6.373333454,428100,45.09999847,1738900,42.18999863,1738900,31.07999992,1082600,23,1082600,18.59000015,7278900,16.79999924,7278900
5/6/2010 4:22,29.87999916,128613000,27.90999985,128613000,36.8928566,321465200,28.4642849,321465200,17.45192337,189407700,14.56730747,189407700,1.120000005,155700,1.049999952,155700,3.266000032,735000,3.052400112,735000,31.43000031,6056700,28.95000076,6056700,24.90700912,9026600,21.93132973,9026600,30.37392044,24590800,27.03375053,24590800,7.090000153,21421000,5.699999809,21421000,1.649999976,5900,1.620000005,5900,10.93791485,163100,9.952606201,163100,6.764444351,428100,6.373333454,428100,45.09999847,1738900,42.18999863,1738900,31.07999992,1082600,23,1082600,18.59000015,7278900,16.79999924,7278900
5/6/2010 4:23,29.87999916,128613000,27.90999985,128613000,36.8928566,321465200,28.4642849,321465200,17.45192337,189407700,14.56730747,189407700,1.120000005,155700,1.049999952,155700,3.266000032,735000,3.052400112,735000,31.43000031,6056700,28.95000076,6056700,24.90700912,9026600,21.93132973,9026600,30.37392044,24590800,27.03375053,24590800,7.090000153,21421000,5.699999809,21421000,1.649999976,5900,1.620000005,5900,10.93791485,163100,9.952606201,163100,6.764444351,428100,6.373333454,428100,45.09999847,1738900,42.18999863,1738900,31.07999992,1082600,23,1082600,18.59000015,7278900,16.79999924,7278900
5/6/2010 4:24,29.87999916,128613000,27.90999985,128613000,36.8928566,321465200,28.4642849,321465200,17.45192337,189407700,14.56730747,189407700,1.120000005,155700,1.049999952,155700,3.266000032,735000,3.052400112,735000,31.43000031,6056700,28.95000076,6056700,24.90700912,9026600,21.93132973,9026600,30.37392044,24590800,27.03375053,24590800,7.090000153,21421000,5.699999809,21421000,1.649999976,5900,1.620000005,5900,10.93791485,163100,9.952606201,163100,6.764444351,428100,6.373333454,428100,45.09999847,1738900,42.18999863,1738900,31.07999992,1082600,23,1082600,18.59000015,7278900,16.79999924,7278900
5/6/2010 4:25,29.87999916,128613000,27.90999985,128613000,36.8928566,321465200,28.4642849,321465200,17.45192337,189407700,14.56730747,189407700,1.120000005,155700,1.049999952,155700,3.266000032,735000,3.052400112,735000,31.43000031,6056700,28.95000076,6056700,24.90700912,9026600,21.93132973,9026600,30.37392044,24590800,27.03375053,24590800,7.090000153,21421000,5.699999809,21421000,1.649999976,5900,1.620000005,5900,10.93791485,163100,9.952606201,163100,6.764444351,428100,6.373333454,428100,45.09999847,1738900,42.18999863,1738900,31.07999992,1082600,23,1082600,18.59000015,7278900,16.79999924,7278900
5/6/2010 4:26,29.87999916,128613000,27.90999985,128613000,36.8928566,321465200,28.4642849,321465200,17.45192337,189407700,14.56730747,189407700,1.120000005,155700,1.049999952,155700,3.266000032,735000,3.052400112,735000,31.43000031,6056700,28.95000076,6056700,24.90700912,9026600,21.93132973,9026600,30.37392044,24590800,27.03375053,24590800,7.090000153,21421000,5.699999809,21421000,1.649999976,5900,1.620000005,5900,10.93791485,163100,9.952606201,163100,6.764444351,428100,6.373333454,428100,45.09999847,1738900,42.18999863,1738900,31.07999992,1082600,23,1082600,18.59000015,7278900,16.79999924,7278900
5/6/2010 4:27,29.87999916,128613000,27.90999985,128613000,36.8928566,321465200,28.4642849,321465200,17.45192337,189407700,14.56730747,189407700,1.120000005,155700,1.049999952,155700,3.266000032,735000,3.052400112,735000,31.43000031,6056700,28.95000076,6056700,24.90700912,9026600,21.93132973,9026600,30.37392044,24590800,27.03375053,24590800,7.090000153,21421000,5.699999809,21421000,1.649999976,5900,1.620000005,5900,10.93791485,163100,9.952606201,163100,6.764444351,428100,6.373333454,428100,45.09999847,1738900,42.18999863,1738900,31.07999992,1082600,23,1082600,18.59000015,7278900,16.79999924,7278900
5/6/2010 4:28,29.87999916,128613000,27.90999985,128613000,36.8928566,321465200,28.4642849,321465200,17.45192337,189407700,14.56730747,189407700,1.120000005,155700,1.049999952,155700,3.266000032,735000,3.052400112,735000,31.43000031,6056700,28.95000076,6056700,24.90700912,9026600,21.93132973,9026600,30.37392044,24590800,27.03375053,24590800,7.090000153,21421000,5.699999809,21421000,1.649999976,5900,1.620000005,5900,10.93791485,163100,9.952606201,163100,6.764444351,428100,6.373333454,428100,45.09999847,1738900,42.18999863,1738900,31.07999992,1082600,23,1082600,18.59000015,7278900,16.79999924,7278900
5/6/2010 4:29,29.87999916,128613000,27.90999985,128613000,36.8928566,321465200,28.4642849,321465200,17.45192337,189407700,14.56730747,189407700,1.120000005,155700,1.049999952,155700,3.266000032,735000,3.052400112,735000,31.43000031,6056700,28.95000076,6056700,24.90700912,9026600,21.93132973,9026600,30.37392044,24590800,27.03375053,24590800,7.090000153,21421000,5.699999809,21421000,1.649999976,5900,1.620000005,5900,10.93791485,163100,9.952606201,163100,6.764444351,428100,6.373333454,428100,45.09999847,1738900,42.18999863,1738900,31.07999992,1082600,23,1082600,18.59000015,7278900,16.79999924,7278900
5/6/2010 4:30,29.87999916,128613000,27.90999985,128613000,36.8928566,321465200,28.4642849,321465200,17.45192337,189407700,14.56730747,189407700,1.120000005,155700,1.049999952,155700,3.266000032,735000,3.052400112,735000,31.43000031,6056700,28.95000076,6056700,24.90700912,9026600,21.93132973,9026600,30.37392044,24590800,27.03375053,24590800,7.090000153,21421000,5.699999809,21421000,1.649999976,5900,1.620000005,5900,10.93791485,163100,9.952606201,163100,6.764444351,428100,6.373333454,428100,45.09999847,1738900,42.18999863,1738900,31.07999992,1082600,23,1082600,18.59000015,7278900,16.79999924,7278900
5/6/2010 4:31,29.87999916,128613000,27.90999985,128613000,36.8928566,321465200,28.4642849,321465200,17.45192337,189407700,14.56730747,189407700,1.120000005,155700,1.049999952,155700,3.266000032,735000,3.052400112,735000,31.43000031,6056700,28.95000076,6056700,24.90700912,9026600,21.93132973,9026600,30.37392044,24590800,27.03375053,24590800,7.090000153,21421000,5.699999809,21421000,1.649999976,5900,1.620000005,5900,10.93791485,163100,9.952606201,163100,6.764444351,428100,6.373333454,428100,45.09999847,1738900,42.18999863,1738900,31.07999992,1082600,23,1082600,18.59000015,7278900,16.79999924,7278900
5/6/2010 4:32,29.87999916,128613000,27.90999985,128613000,36.8928566,321465200,28.4642849,321465200,17.45192337,189407700,14.56730747,189407700,1.120000005,155700,1.049999952,155700,3.266000032,735000,3.052400112,735000,31.43000031,6056700,28.95000076,6056700,24.90700912,9026600,21.93132973,9026600,30.37392044,24590800,27.03375053,24590800,7.090000153,21421000,5.699999809,21421000,1.649999976,5900,1.620000005,5900,10.93791485,163100,9.952606201,163100,6.764444351,428100,6.373333454,428100,45.09999847,1738900,42.18999863,1738900,31.07999992,1082600,23,1082600,18.59000015,7278900,16.79999924,7278900
5/6/2010 4:33,29.87999916,128613000,27.90999985,128613000,36.8928566,321465200,28.4642849,321465200,17.45192337,189407700,14.56730747,189407700,1.120000005,155700,1.049999952,155700,3.266000032,735000,3.052400112,735000,31.43000031,6056700,28.95000076,6056700,24.90700912,9026600,21.93132973,9026600,30.37392044,24590800,27.03375053,24590800,7.090000153,21421000,5.699999809,21421000,1.649999976,5900,1.620000005,5900,10.93791485,163100,9.952606201,163100,6.764444351,428100,6.373333454,428100,45.09999847,1738900,42.18999863,1738900,31.07999992,1082600,23,1082600,18.59000015,7278900,16.79999924,7278900
5/6/2010 4:34,29.87999916,128613000,27.90999985,128613000,36.8928566,321465200,28.4642849,321465200,17.45192337,189407700,14.56730747,189407700,1.120000005,155700,1.049999952,155700,3.266000032,735000,3.052400112,735000,31.43000031,6056700,28.95000076,6056700,24.90700912,9026600,21.93132973,9026600,30.37392044,24590800,27.03375053,24590800,7.090000153,21421000,5.699999809,21421000,1.649999976,5900,1.620000005,5900,10.93791485,163100,9.952606201,163100,6.764444351,428100,6.373333454,428100,45.09999847,1738900,42.18999863,1738900,31.07999992,1082600,23,1082600,18.59000015,7278900,16.79999924,7278900
5/6/2010 4:35,29.87999916,128613000,27.90999985,128613000,36.8928566,321465200,28.4642849,321465200,17.45192337,189407700,14.56730747,189407700,1.120000005,155700,1.049999952,155700,3.266000032,735000,3.052400112,735000,31.43000031,6056700,28.95000076,6056700,24.90700912,9026600,21.93132973,9026600,30.37392044,24590800,27.03375053,24590800,7.090000153,21421000,5.699999809,21421000,1.649999976,5900,1.620000005,5900,10.93791485,163100,9.952606201,163100,6.764444351,428100,6.373333454,428100,45.09999847,1738900,42.18999863,1738900,31.07999992,1082600,23,1082600,18.59000015,7278900,16.79999924,7278900
5/6/2010 4:36,29.87999916,128613000,27.90999985,128613000,36.8928566,321465200,28.4642849,321465200,17.45192337,189407700,14.56730747,189407700,1.120000005,155700,1.049999952,155700,3.266000032,735000,3.052400112,735000,31.43000031,6056700,28.95000076,6056700,24.90700912,9026600,21.93132973,9026600,30.37392044,24590800,27.03375053,24590800,7.090000153,21421000,5.699999809,21421000,1.649999976,5900,1.620000005,5900,10.93791485,163100,9.952606201,163100,6.764444351,428100,6.373333454,428100,45.09999847,1738900,42.18999863,1738900,31.07999992,1082600,23,1082600,18.59000015,7278900,16.79999924,7278900
5/6/2010 4:37,29.87999916,128613000,27.90999985,128613000,36.8928566,321465200,28.4642849,321465200,17.45192337,189407700,14.56730747,189407700,1.120000005,155700,1.049999952,155700,3.266000032,735000,3.052400112,735000,31.43000031,6056700,28.95000076,6056700,24.90700912,9026600,21.93132973,9026600,30.37392044,24590800,27.03375053,24590800,7.090000153,21421000,5.699999809,21421000,1.649999976,5900,1.620000005,5900,10.93791485,163100,9.952606201,163100,6.764444351,428100,6.373333454,428100,45.09999847,1738900,42.18999863,1738900,31.07999992,1082600,23,1082600,18.59000015,7278900,16.79999924,7278900
5/6/2010 4:38,29.87999916,128613000,27.90999985,128613000,36.8928566,321465200,28.4642849,321465200,17.45192337,189407700,14.56730747,189407700,1.120000005,155700,1.049999952,155700,3.266000032,735000,3.052400112,735000,31.43000031,6056700,28.95000076,6056700,24.90700912,9026600,21.93132973,9026600,30.37392044,24590800,27.03375053,24590800,7.090000153,21421000,5.699999809,21421000,1.649999976,5900,1.620000005,5900,10.93791485,163100,9.952606201,163100,6.764444351,428100,6.373333454,428100,45.09999847,1738900,42.18999863,1738900,31.07999992,1082600,23,1082600,18.59000015,7278900,16.79999924,7278900
5/6/2010 4:39,29.87999916,128613000,27.90999985,128613000,36.8928566,321465200,28.4642849,321465200,17.45192337,189407700,14.56730747,189407700,1.120000005,155700,1.049999952,155700,3.266000032,735000,3.052400112,735000,31.43000031,6056700,28.95000076,6056700,24.90700912,9026600,21.93132973,9026600,30.37392044,24590800,27.03375053,24590800,7.090000153,21421000,5.699999809,21421000,1.649999976,5900,1.620000005,5900,10.93791485,163100,9.952606201,163100,6.764444351,428100,6.373333454,428100,45.09999847,1738900,42.18999863,1738900,31.07999992,1082600,23,1082600,18.59000015,7278900,16.79999924,7278900
5/6/2010 4:40,29.87999916,128613000,27.90999985,128613000,36.8928566,321465200,28.4642849,321465200,17.45192337,189407700,14.56730747,189407700,1.120000005,155700,1.049999952,155700,3.266000032,735000,3.052400112,735000,31.43000031,6056700,28.95000076,6056700,24.90700912,9026600,21.93132973,9026600,30.37392044,24590800,27.03375053,24590800,7.090000153,21421000,5.699999809,21421000,1.649999976,5900,1.620000005,5900,10.93791485,163100,9.952606201,163100,6.764444351,428100,6.373333454,428100,45.09999847,1738900,42.18999863,1738900,31.07999992,1082600,23,1082600,18.59000015,7278900,16.79999924,7278900
5/6/2010 4:41,29.87999916,128613000,27.90999985,128613000,36.8928566,321465200,28.4642849,321465200,17.45192337,189407700,14.56730747,189407700,1.120000005,155700,1.049999952,155700,3.266000032,735000,3.052400112,735000,31.43000031,6056700,28.95000076,6056700,24.90700912,9026600,21.93132973,9026600,30.37392044,24590800,27.03375053,24590800,7.090000153,21421000,5.699999809,21421000,1.649999976,5900,1.620000005,5900,10.93791485,163100,9.952606201,163100,6.764444351,428100,6.373333454,428100,45.09999847,1738900,42.18999863,1738900,31.07999992,1082600,23,1082600,18.59000015,7278900,16.79999924,7278900
5/6/2010 4:42,29.87999916,128613000,27.90999985,128613000,36.8928566,321465200,28.4642849,321465200,17.45192337,189407700,14.56730747,189407700,1.120000005,155700,1.049999952,155700,3.266000032,735000,3.052400112,735000,31.43000031,6056700,28.95000076,6056700,24.90700912,9026600,21.93132973,9026600,30.37392044,24590800,27.03375053,24590800,7.090000153,21421000,5.699999809,21421000,1.649999976,5900,1.620000005,5900,10.93791485,163100,9.952606201,163100,6.764444351,428100,6.373333454,428100,45.09999847,1738900,42.18999863,1738900,31.07999992,1082600,23,1082600,18.59000015,7278900,16.79999924,7278900
5/6/2010 4:43,29.87999916,128613000,27.90999985,128613000,36.8928566,321465200,28.4642849,321465200,17.45192337,189407700,14.56730747,189407700,1.120000005,155700,1.049999952,155700,3.266000032,735000,3.052400112,735000,31.43000031,6056700,28.95000076,6056700,24.90700912,9026600,21.93132973,9026600,30.37392044,24590800,27.03375053,24590800,7.090000153,21421000,5.699999809,21421000,1.649999976,5900,1.620000005,5900,10.93791485,163100,9.952606201,163100,6.764444351,428100,6.373333454,428100,45.09999847,1738900,42.18999863,1738900,31.07999992,1082600,23,1082600,18.59000015,7278900,16.79999924,7278900
5/6/2010 4:44,29.87999916,128613000,27.90999985,128613000,36.8928566,321465200,28.4642849,321465200,17.45192337,189407700,14.56730747,189407700,1.120000005,155700,1.049999952,155700,3.266000032,735000,3.052400112,735000,31.43000031,6056700,28.95000076,6056700,24.90700912,9026600,21.93132973,9026600,30.37392044,24590800,27.03375053,24590800,7.090000153,21421000,5.699999809,21421000,1.649999976,5900,1.620000005,5900,10.93791485,163100,9.952606201,163100,6.764444351,428100,6.373333454,428100,45.09999847,1738900,42.18999863,1738900,31.07999992,1082600,23,1082600,18.59000015,7278900,16.79999924,7278900
5/6/2010 4:45,29.87999916,128613000,27.90999985,128613000,36.8928566,321465200,28.4642849,321465200,17.45192337,189407700,14.56730747,189407700,1.120000005,155700,1.049999952,155700,3.266000032,735000,3.052400112,735000,31.43000031,6056700,28.95000076,6056700,24.90700912,9026600,21.93132973,9026600,30.37392044,24590800,27.03375053,24590800,7.090000153,21421000,5.699999809,21421000,1.649999976,5900,1.620000005,5900,10.93791485,163100,9.952606201,163100,6.764444351,428100,6.373333454,428100,45.09999847,1738900,42.18999863,1738900,31.07999992,1082600,23,1082600,18.59000015,7278900,16.79999924,7278900
5/6/2010 4:46,29.87999916,128613000,27.90999985,128613000,36.8928566,321465200,28.4642849,321465200,17.45192337,189407700,14.56730747,189407700,1.120000005,155700,1.049999952,155700,3.266000032,735000,3.052400112,735000,31.43000031,6056700,28.95000076,6056700,24.90700912,9026600,21.93132973,9026600,30.37392044,24590800,27.03375053,24590800,7.090000153,21421000,5.699999809,21421000,1.649999976,5900,1.620000005,5900,10.93791485,163100,9.952606201,163100,6.764444351,428100,6.373333454,428100,45.09999847,1738900,42.18999863,1738900,31.07999992,1082600,23,1082600,18.59000015,7278900,16.79999924,7278900
5/6/2010 4:47,29.87999916,128613000,27.90999985,128613000,36.8928566,321465200,28.4642849,321465200,17.45192337,189407700,14.56730747,189407700,1.120000005,155700,1.049999952,155700,3.266000032,735000,3.052400112,735000,31.43000031,6056700,28.95000076,6056700,24.90700912,9026600,21.93132973,9026600,30.37392044,24590800,27.03375053,24590800,7.090000153,21421000,5.699999809,21421000,1.649999976,5900,1.620000005,5900,10.93791485,163100,9.952606201,163100,6.764444351,428100,6.373333454,428100,45.09999847,1738900,42.18999863,1738900,31.07999992,1082600,23,1082600,18.59000015,7278900,16.79999924,7278900
5/6/2010 4:48,29.87999916,128613000,27.90999985,128613000,36.8928566,321465200,28.4642849,321465200,17.45192337,189407700,14.56730747,189407700,1.120000005,155700,1.049999952,155700,3.266000032,735000,3.052400112,735000,31.43000031,6056700,28.95000076,6056700,24.90700912,9026600,21.93132973,9026600,30.37392044,24590800,27.03375053,24590800,7.090000153,21421000,5.699999809,21421000,1.649999976,5900,1.620000005,5900,10.93791485,163100,9.952606201,163100,6.764444351,428100,6.373333454,428100,45.09999847,1738900,42.18999863,1738900,31.07999992,1082600,23,1082600,18.59000015,7278900,16.79999924,7278900
5/6/2010 4:49,29.87999916,128613000,27.90999985,128613000,36.8928566,321465200,28.4642849,321465200,17.45192337,189407700,14.56730747,189407700,1.120000005,155700,1.049999952,155700,3.266000032,735000,3.052400112,735000,31.43000031,6056700,28.95000076,6056700,24.90700912,9026600,21.93132973,9026600,30.37392044,24590800,27.03375053,24590800,7.090000153,21421000,5.699999809,21421000,1.649999976,5900,1.620000005,5900,10.93791485,163100,9.952606201,163100,6.764444351,428100,6.373333454,428100,45.09999847,1738900,42.18999863,1738900,31.07999992,1082600,23,1082600,18.59000015,7278900,16.79999924,7278900
5/6/2010 4:50,29.87999916,128613000,27.90999985,128613000,36.8928566,321465200,28.4642849,321465200,17.45192337,189407700,14.56730747,189407700,1.120000005,155700,1.049999952,155700,3.266000032,735000,3.052400112,735000,31.43000031,6056700,28.95000076,6056700,24.90700912,9026600,21.93132973,9026600,30.37392044,24590800,27.03375053,24590800,7.090000153,21421000,5.699999809,21421000,1.649999976,5900,1.620000005,5900,10.93791485,163100,9.952606201,163100,6.764444351,428100,6.373333454,428100,45.09999847,1738900,42.18999863,1738900,31.07999992,1082600,23,1082600,18.59000015,7278900,16.79999924,7278900
5/6/2010 4:51,29.87999916,128613000,27.90999985,128613000,36.8928566,321465200,28.4642849,321465200,17.45192337,189407700,14.56730747,189407700,1.120000005,155700,1.049999952,155700,3.266000032,735000,3.052400112,735000,31.43000031,6056700,28.95000076,6056700,24.90700912,9026600,21.93132973,9026600,30.37392044,24590800,27.03375053,24590800,7.090000153,21421000,5.699999809,21421000,1.649999976,5900,1.620000005,5900,10.93791485,163100,9.952606201,163100,6.764444351,428100,6.373333454,428100,45.09999847,1738900,42.18999863,1738900,31.07999992,1082600,23,1082600,18.59000015,7278900,16.79999924,7278900
5/6/2010 4:52,29.87999916,128613000,27.90999985,128613000,36.8928566,321465200,28.4642849,321465200,17.45192337,189407700,14.56730747,189407700,1.120000005,155700,1.049999952,155700,3.266000032,735000,3.052400112,735000,31.43000031,6056700,28.95000076,6056700,24.90700912,9026600,21.93132973,9026600,30.37392044,24590800,27.03375053,24590800,7.090000153,21421000,5.699999809,21421000,1.649999976,5900,1.620000005,5900,10.93791485,163100,9.952606201,163100,6.764444351,428100,6.373333454,428100,45.09999847,1738900,42.18999863,1738900,31.07999992,1082600,23,1082600,18.59000015,7278900,16.79999924,7278900
5/6/2010 4:53,29.87999916,128613000,27.90999985,128613000,36.8928566,321465200,28.4642849,321465200,17.45192337,189407700,14.56730747,189407700,1.120000005,155700,1.049999952,155700,3.266000032,735000,3.052400112,735000,31.43000031,6056700,28.95000076,6056700,24.90700912,9026600,21.93132973,9026600,30.37392044,24590800,27.03375053,24590800,7.090000153,21421000,5.699999809,21421000,1.649999976,5900,1.620000005,5900,10.93791485,163100,9.952606201,163100,6.764444351,428100,6.373333454,428100,45.09999847,1738900,42.18999863,1738900,31.07999992,1082600,23,1082600,18.59000015,7278900,16.79999924,7278900
5/6/2010 4:54,29.87999916,128613000,27.90999985,128613000,36.8928566,321465200,28.4642849,321465200,17.45192337,189407700,14.56730747,189407700,1.120000005,155700,1.049999952,155700,3.266000032,735000,3.052400112,735000,31.43000031,6056700,28.95000076,6056700,24.90700912,9026600,21.93132973,9026600,30.37392044,24590800,27.03375053,24590800,7.090000153,21421000,5.699999809,21421000,1.649999976,5900,1.620000005,5900,10.93791485,163100,9.952606201,163100,6.764444351,428100,6.373333454,428100,45.09999847,1738900,42.18999863,1738900,31.07999992,1082600,23,1082600,18.59000015,7278900,16.79999924,7278900
5/6/2010 4:55,29.87999916,128613000,27.90999985,128613000,36.8928566,321465200,28.4642849,321465200,17.45192337,189407700,14.56730747,189407700,1.120000005,155700,1.049999952,155700,3.266000032,735000,3.052400112,735000,31.43000031,6056700,28.95000076,6056700,24.90700912,9026600,21.93132973,9026600,30.37392044,24590800,27.03375053,24590800,7.090000153,21421000,5.699999809,21421000,1.649999976,5900,1.620000005,5900,10.93791485,163100,9.952606201,163100,6.764444351,428100,6.373333454,428100,45.09999847,1738900,42.18999863,1738900,31.07999992,1082600,23,1082600,18.59000015,7278900,16.79999924,7278900
5/6/2010 4:56,29.87999916,128613000,27.90999985,128613000,36.8928566,321465200,28.4642849,321465200,17.45192337,189407700,14.56730747,189407700,1.120000005,155700,1.049999952,155700,3.266000032,735000,3.052400112,735000,31.43000031,6056700,28.95000076,6056700,24.90700912,9026600,21.93132973,9026600,30.37392044,24590800,27.03375053,24590800,7.090000153,21421000,5.699999809,21421000,1.649999976,5900,1.620000005,5900,10.93791485,163100,9.952606201,163100,6.764444351,428100,6.373333454,428100,45.09999847,1738900,42.18999863,1738900,31.07999992,1082600,23,1082600,18.59000015,7278900,16.79999924,7278900
5/6/2010 4:57,29.87999916,128613000,27.90999985,128613000,36.8928566,321465200,28.4642849,321465200,17.45192337,189407700,14.56730747,189407700,1.120000005,155700,1.049999952,155700,3.266000032,735000,3.052400112,735000,31.43000031,6056700,28.95000076,6056700,24.90700912,9026600,21.93132973,9026600,30.37392044,24590800,27.03375053,24590800,7.090000153,21421000,5.699999809,21421000,1.649999976,5900,1.620000005,5900,10.93791485,163100,9.952606201,163100,6.764444351,428100,6.373333454,428100,45.09999847,1738900,42.18999863,1738900,31.07999992,1082600,23,1082600,18.59000015,7278900,16.79999924,7278900
5/6/2010 4:58,29.87999916,128613000,27.90999985,128613000,36.8928566,321465200,28.4642849,321465200,17.45192337,189407700,14.56730747,189407700,1.120000005,155700,1.049999952,155700,3.266000032,735000,3.052400112,735000,31.43000031,6056700,28.95000076,6056700,24.90700912,9026600,21.93132973,9026600,30.37392044,24590800,27.03375053,24590800,7.090000153,21421000,5.699999809,21421000,1.649999976,5900,1.620000005,5900,10.93791485,163100,9.952606201,163100,6.764444351,428100,6.373333454,428100,45.09999847,1738900,42.18999863,1738900,31.07999992,1082600,23,1082600,18.59000015,7278900,16.79999924,7278900
5/6/2010 4:59,29.87999916,128613000,27.90999985,128613000,36.8928566,321465200,28.4642849,321465200,17.45192337,189407700,14.56730747,189407700,1.120000005,155700,1.049999952,155700,3.266000032,735000,3.052400112,735000,31.43000031,6056700,28.95000076,6056700,24.90700912,9026600,21.93132973,9026600,30.37392044,24590800,27.03375053,24590800,7.090000153,21421000,5.699999809,21421000,1.649999976,5900,1.620000005,5900,10.93791485,163100,9.952606201,163100,6.764444351,428100,6.373333454,428100,45.09999847,1738900,42.18999863,1738900,31.07999992,1082600,23,1082600,18.59000015,7278900,16.79999924,7278900
5/6/2010 5:00,29.87999916,128613000,27.90999985,128613000,36.8928566,321465200,28.4642849,321465200,17.45192337,189407700,14.56730747,189407700,1.120000005,155700,1.049999952,155700,3.266000032,735000,3.052400112,735000,31.43000031,6056700,28.95000076,6056700,24.90700912,9026600,21.93132973,9026600,30.37392044,24590800,27.03375053,24590800,7.090000153,21421000,5.699999809,21421000,1.649999976,5900,1.620000005,5900,10.93791485,163100,9.952606201,163100,6.764444351,428100,6.373333454,428100,45.09999847,1738900,42.18999863,1738900,31.07999992,1082600,23,1082600,18.59000015,7278900,16.79999924,7278900
5/6/2010 5:01,29.87999916,128613000,27.90999985,128613000,36.8928566,321465200,28.4642849,321465200,17.45192337,189407700,14.56730747,189407700,1.120000005,155700,1.049999952,155700,3.266000032,735000,3.052400112,735000,31.43000031,6056700,28.95000076,6056700,24.90700912,9026600,21.93132973,9026600,30.37392044,24590800,27.03375053,24590800,7.090000153,21421000,5.699999809,21421000,1.649999976,5900,1.620000005,5900,10.93791485,163100,9.952606201,163100,6.764444351,428100,6.373333454,428100,45.09999847,1738900,42.18999863,1738900,31.07999992,1082600,23,1082600,18.59000015,7278900,16.79999924,7278900
5/6/2010 5:02,29.87999916,128613000,27.90999985,128613000,36.8928566,321465200,28.4642849,321465200,17.45192337,189407700,14.56730747,189407700,1.120000005,155700,1.049999952,155700,3.266000032,735000,3.052400112,735000,31.43000031,6056700,28.95000076,6056700,24.90700912,9026600,21.93132973,9026600,30.37392044,24590800,27.03375053,24590800,7.090000153,21421000,5.699999809,21421000,1.649999976,5900,1.620000005,5900,10.93791485,163100,9.952606201,163100,6.764444351,428100,6.373333454,428100,45.09999847,1738900,42.18999863,1738900,31.07999992,1082600,23,1082600,18.59000015,7278900,16.79999924,7278900
5/6/2010 5:03,29.87999916,128613000,27.90999985,128613000,36.8928566,321465200,28.4642849,321465200,17.45192337,189407700,14.56730747,189407700,1.120000005,155700,1.049999952,155700,3.266000032,735000,3.052400112,735000,31.43000031,6056700,28.95000076,6056700,24.90700912,9026600,21.93132973,9026600,30.37392044,24590800,27.03375053,24590800,7.090000153,21421000,5.699999809,21421000,1.649999976,5900,1.620000005,5900,10.93791485,163100,9.952606201,163100,6.764444351,428100,6.373333454,428100,45.09999847,1738900,42.18999863,1738900,31.07999992,1082600,23,1082600,18.59000015,7278900,16.79999924,7278900
5/6/2010 5:04,29.87999916,128613000,27.90999985,128613000,36.8928566,321465200,28.4642849,321465200,17.45192337,189407700,14.56730747,189407700,1.120000005,155700,1.049999952,155700,3.266000032,735000,3.052400112,735000,31.43000031,6056700,28.95000076,6056700,24.90700912,9026600,21.93132973,9026600,30.37392044,24590800,27.03375053,24590800,7.090000153,21421000,5.699999809,21421000,1.649999976,5900,1.620000005,5900,10.93791485,163100,9.952606201,163100,6.764444351,428100,6.373333454,428100,45.09999847,1738900,42.18999863,1738900,31.07999992,1082600,23,1082600,18.59000015,7278900,16.79999924,7278900
5/6/2010 5:05,29.87999916,128613000,27.90999985,128613000,36.8928566,321465200,28.4642849,321465200,17.45192337,189407700,14.56730747,189407700,1.120000005,155700,1.049999952,155700,3.266000032,735000,3.052400112,735000,31.43000031,6056700,28.95000076,6056700,24.90700912,9026600,21.93132973,9026600,30.37392044,24590800,27.03375053,24590800,7.090000153,21421000,5.699999809,21421000,1.649999976,5900,1.620000005,5900,10.93791485,163100,9.952606201,163100,6.764444351,428100,6.373333454,428100,45.09999847,1738900,42.18999863,1738900,31.07999992,1082600,23,1082600,18.59000015,7278900,16.79999924,7278900
5/6/2010 5:06,29.87999916,128613000,27.90999985,128613000,36.8928566,321465200,28.4642849,321465200,17.45192337,189407700,14.56730747,189407700,1.120000005,155700,1.049999952,155700,3.266000032,735000,3.052400112,735000,31.43000031,6056700,28.95000076,6056700,24.90700912,9026600,21.93132973,9026600,30.37392044,24590800,27.03375053,24590800,7.090000153,21421000,5.699999809,21421000,1.649999976,5900,1.620000005,5900,10.93791485,163100,9.952606201,163100,6.764444351,428100,6.373333454,428100,45.09999847,1738900,42.18999863,1738900,31.07999992,1082600,23,1082600,18.59000015,7278900,16.79999924,7278900
5/6/2010 5:07,29.87999916,128613000,27.90999985,128613000,36.8928566,321465200,28.4642849,321465200,17.45192337,189407700,14.56730747,189407700,1.120000005,155700,1.049999952,155700,3.266000032,735000,3.052400112,735000,31.43000031,6056700,28.95000076,6056700,24.90700912,9026600,21.93132973,9026600,30.37392044,24590800,27.03375053,24590800,7.090000153,21421000,5.699999809,21421000,1.649999976,5900,1.620000005,5900,10.93791485,163100,9.952606201,163100,6.764444351,428100,6.373333454,428100,45.09999847,1738900,42.18999863,1738900,31.07999992,1082600,23,1082600,18.59000015,7278900,16.79999924,7278900
5/6/2010 5:08,29.87999916,128613000,27.90999985,128613000,36.8928566,321465200,28.4642849,321465200,17.45192337,189407700,14.56730747,189407700,1.120000005,155700,1.049999952,155700,3.266000032,735000,3.052400112,735000,31.43000031,6056700,28.95000076,6056700,24.90700912,9026600,21.93132973,9026600,30.37392044,24590800,27.03375053,24590800,7.090000153,21421000,5.699999809,21421000,1.649999976,5900,1.620000005,5900,10.93791485,163100,9.952606201,163100,6.764444351,428100,6.373333454,428100,45.09999847,1738900,42.18999863,1738900,31.07999992,1082600,23,1082600,18.59000015,7278900,16.79999924,7278900
5/6/2010 5:09,29.87999916,128613000,27.90999985,128613000,36.8928566,321465200,28.4642849,321465200,17.45192337,189407700,14.56730747,189407700,1.120000005,155700,1.049999952,155700,3.266000032,735000,3.052400112,735000,31.43000031,6056700,28.95000076,6056700,24.90700912,9026600,21.93132973,9026600,30.37392044,24590800,27.03375053,24590800,7.090000153,21421000,5.699999809,21421000,1.649999976,5900,1.620000005,5900,10.93791485,163100,9.952606201,163100,6.764444351,428100,6.373333454,428100,45.09999847,1738900,42.18999863,1738900,31.07999992,1082600,23,1082600,18.59000015,7278900,16.79999924,7278900
5/6/2010 5:10,29.87999916,128613000,27.90999985,128613000,36.8928566,321465200,28.4642849,321465200,17.45192337,189407700,14.56730747,189407700,1.120000005,155700,1.049999952,155700,3.266000032,735000,3.052400112,735000,31.43000031,6056700,28.95000076,6056700,24.90700912,9026600,21.93132973,9026600,30.37392044,24590800,27.03375053,24590800,7.090000153,21421000,5.699999809,21421000,1.649999976,5900,1.620000005,5900,10.93791485,163100,9.952606201,163100,6.764444351,428100,6.373333454,428100,45.09999847,1738900,42.18999863,1738900,31.07999992,1082600,23,1082600,18.59000015,7278900,16.79999924,7278900
5/6/2010 5:11,29.87999916,128613000,27.90999985,128613000,36.8928566,321465200,28.4642849,321465200,17.45192337,189407700,14.56730747,189407700,1.120000005,155700,1.049999952,155700,3.266000032,735000,3.052400112,735000,31.43000031,6056700,28.95000076,6056700,24.90700912,9026600,21.93132973,9026600,30.37392044,24590800,27.03375053,24590800,7.090000153,21421000,5.699999809,21421000,1.649999976,5900,1.620000005,5900,10.93791485,163100,9.952606201,163100,6.764444351,428100,6.373333454,428100,45.09999847,1738900,42.18999863,1738900,31.07999992,1082600,23,1082600,18.59000015,7278900,16.79999924,7278900
5/6/2010 5:12,29.87999916,128613000,27.90999985,128613000,36.8928566,321465200,28.4642849,321465200,17.45192337,189407700,14.56730747,189407700,1.120000005,155700,1.049999952,155700,3.266000032,735000,3.052400112,735000,31.43000031,6056700,28.95000076,6056700,24.90700912,9026600,21.93132973,9026600,30.37392044,24590800,27.03375053,24590800,7.090000153,21421000,5.699999809,21421000,1.649999976,5900,1.620000005,5900,10.93791485,163100,9.952606201,163100,6.764444351,428100,6.373333454,428100,45.09999847,1738900,42.18999863,1738900,31.07999992,1082600,23,1082600,18.59000015,7278900,16.79999924,7278900
5/6/2010 5:13,29.87999916,128613000,27.90999985,128613000,36.8928566,321465200,28.4642849,321465200,17.45192337,189407700,14.56730747,189407700,1.120000005,155700,1.049999952,155700,3.266000032,735000,3.052400112,735000,31.43000031,6056700,28.95000076,6056700,24.90700912,9026600,21.93132973,9026600,30.37392044,24590800,27.03375053,24590800,7.090000153,21421000,5.699999809,21421000,1.649999976,5900,1.620000005,5900,10.93791485,163100,9.952606201,163100,6.764444351,428100,6.373333454,428100,45.09999847,1738900,42.18999863,1738900,31.07999992,1082600,23,1082600,18.59000015,7278900,16.79999924,7278900
5/6/2010 5:14,29.87999916,128613000,27.90999985,128613000,36.8928566,321465200,28.4642849,321465200,17.45192337,189407700,14.56730747,189407700,1.120000005,155700,1.049999952,155700,3.266000032,735000,3.052400112,735000,31.43000031,6056700,28.95000076,6056700,24.90700912,9026600,21.93132973,9026600,30.37392044,24590800,27.03375053,24590800,7.090000153,21421000,5.699999809,21421000,1.649999976,5900,1.620000005,5900,10.93791485,163100,9.952606201,163100,6.764444351,428100,6.373333454,428100,45.09999847,1738900,42.18999863,1738900,31.07999992,1082600,23,1082600,18.59000015,7278900,16.79999924,7278900
5/6/2010 5:15,29.87999916,128613000,27.90999985,128613000,36.8928566,321465200,28.4642849,321465200,17.45192337,189407700,14.56730747,189407700,1.120000005,155700,1.049999952,155700,3.266000032,735000,3.052400112,735000,31.43000031,6056700,28.95000076,6056700,24.90700912,9026600,21.93132973,9026600,30.37392044,24590800,27.03375053,24590800,7.090000153,21421000,5.699999809,21421000,1.649999976,5900,1.620000005,5900,10.93791485,163100,9.952606201,163100,6.764444351,428100,6.373333454,428100,45.09999847,1738900,42.18999863,1738900,31.07999992,1082600,23,1082600,18.59000015,7278900,16.79999924,7278900
5/6/2010 5:16,29.87999916,128613000,27.90999985,128613000,36.8928566,321465200,28.4642849,321465200,17.45192337,189407700,14.56730747,189407700,1.120000005,155700,1.049999952,155700,3.266000032,735000,3.052400112,735000,31.43000031,6056700,28.95000076,6056700,24.90700912,9026600,21.93132973,9026600,30.37392044,24590800,27.03375053,24590800,7.090000153,21421000,5.699999809,21421000,1.649999976,5900,1.620000005,5900,10.93791485,163100,9.952606201,163100,6.764444351,428100,6.373333454,428100,45.09999847,1738900,42.18999863,1738900,31.07999992,1082600,23,1082600,18.59000015,7278900,16.79999924,7278900
5/6/2010 5:17,29.87999916,128613000,27.90999985,128613000,36.8928566,321465200,28.4642849,321465200,17.45192337,189407700,14.56730747,189407700,1.120000005,155700,1.049999952,155700,3.266000032,735000,3.052400112,735000,31.43000031,6056700,28.95000076,6056700,24.90700912,9026600,21.93132973,9026600,30.37392044,24590800,27.03375053,24590800,7.090000153,21421000,5.699999809,21421000,1.649999976,5900,1.620000005,5900,10.93791485,163100,9.952606201,163100,6.764444351,428100,6.373333454,428100,45.09999847,1738900,42.18999863,1738900,31.07999992,1082600,23,1082600,18.59000015,7278900,16.79999924,7278900
5/6/2010 5:18,29.87999916,128613000,27.90999985,128613000,36.8928566,321465200,28.4642849,321465200,17.45192337,189407700,14.56730747,189407700,1.120000005,155700,1.049999952,155700,3.266000032,735000,3.052400112,735000,31.43000031,6056700,28.95000076,6056700,24.90700912,9026600,21.93132973,9026600,30.37392044,24590800,27.03375053,24590800,7.090000153,21421000,5.699999809,21421000,1.649999976,5900,1.620000005,5900,10.93791485,163100,9.952606201,163100,6.764444351,428100,6.373333454,428100,45.09999847,1738900,42.18999863,1738900,31.07999992,1082600,23,1082600,18.59000015,7278900,16.79999924,7278900
5/6/2010 5:19,29.87999916,128613000,27.90999985,128613000,36.8928566,321465200,28.4642849,321465200,17.45192337,189407700,14.56730747,189407700,1.120000005,155700,1.049999952,155700,3.266000032,735000,3.052400112,735000,31.43000031,6056700,28.95000076,6056700,24.90700912,9026600,21.93132973,9026600,30.37392044,24590800,27.03375053,24590800,7.090000153,21421000,5.699999809,21421000,1.649999976,5900,1.620000005,5900,10.93791485,163100,9.952606201,163100,6.764444351,428100,6.373333454,428100,45.09999847,1738900,42.18999863,1738900,31.07999992,1082600,23,1082600,18.59000015,7278900,16.79999924,7278900
5/6/2010 5:20,29.87999916,128613000,27.90999985,128613000,36.8928566,321465200,28.4642849,321465200,17.45192337,189407700,14.56730747,189407700,1.120000005,155700,1.049999952,155700,3.266000032,735000,3.052400112,735000,31.43000031,6056700,28.95000076,6056700,24.90700912,9026600,21.93132973,9026600,30.37392044,24590800,27.03375053,24590800,7.090000153,21421000,5.699999809,21421000,1.649999976,5900,1.620000005,5900,10.93791485,163100,9.952606201,163100,6.764444351,428100,6.373333454,428100,45.09999847,1738900,42.18999863,1738900,31.07999992,1082600,23,1082600,18.59000015,7278900,16.79999924,7278900
5/6/2010 5:21,29.87999916,128613000,27.90999985,128613000,36.8928566,321465200,28.4642849,321465200,17.45192337,189407700,14.56730747,189407700,1.120000005,155700,1.049999952,155700,3.266000032,735000,3.052400112,735000,31.43000031,6056700,28.95000076,6056700,24.90700912,9026600,21.93132973,9026600,30.37392044,24590800,27.03375053,24590800,7.090000153,21421000,5.699999809,21421000,1.649999976,5900,1.620000005,5900,10.93791485,163100,9.952606201,163100,6.764444351,428100,6.373333454,428100,45.09999847,1738900,42.18999863,1738900,31.07999992,1082600,23,1082600,18.59000015,7278900,16.79999924,7278900
5/6/2010 5:22,29.87999916,128613000,27.90999985,128613000,36.8928566,321465200,28.4642849,321465200,17.45192337,189407700,14.56730747,189407700,1.120000005,155700,1.049999952,155700,3.266000032,735000,3.052400112,735000,31.43000031,6056700,28.95000076,6056700,24.90700912,9026600,21.93132973,9026600,30.37392044,24590800,27.03375053,24590800,7.090000153,21421000,5.699999809,21421000,1.649999976,5900,1.620000005,5900,10.93791485,163100,9.952606201,163100,6.764444351,428100,6.373333454,428100,45.09999847,1738900,42.18999863,1738900,31.07999992,1082600,23,1082600,18.59000015,7278900,16.79999924,7278900
5/6/2010 5:23,29.87999916,128613000,27.90999985,128613000,36.8928566,321465200,28.4642849,321465200,17.45192337,189407700,14.56730747,189407700,1.120000005,155700,1.049999952,155700,3.266000032,735000,3.052400112,735000,31.43000031,6056700,28.95000076,6056700,24.90700912,9026600,21.93132973,9026600,30.37392044,24590800,27.03375053,24590800,7.090000153,21421000,5.699999809,21421000,1.649999976,5900,1.620000005,5900,10.93791485,163100,9.952606201,163100,6.764444351,428100,6.373333454,428100,45.09999847,1738900,42.18999863,1738900,31.07999992,1082600,23,1082600,18.59000015,7278900,16.79999924,7278900
5/6/2010 5:24,29.87999916,128613000,27.90999985,128613000,36.8928566,321465200,28.4642849,321465200,17.45192337,189407700,14.56730747,189407700,1.120000005,155700,1.049999952,155700,3.266000032,735000,3.052400112,735000,31.43000031,6056700,28.95000076,6056700,24.90700912,9026600,21.93132973,9026600,30.37392044,24590800,27.03375053,24590800,7.090000153,21421000,5.699999809,21421000,1.649999976,5900,1.620000005,5900,10.93791485,163100,9.952606201,163100,6.764444351,428100,6.373333454,428100,45.09999847,1738900,42.18999863,1738900,31.07999992,1082600,23,1082600,18.59000015,7278900,16.79999924,7278900
5/6/2010 5:25,29.87999916,128613000,27.90999985,128613000,36.8928566,321465200,28.4642849,321465200,17.45192337,189407700,14.56730747,189407700,1.120000005,155700,1.049999952,155700,3.266000032,735000,3.052400112,735000,31.43000031,6056700,28.95000076,6056700,24.90700912,9026600,21.93132973,9026600,30.37392044,24590800,27.03375053,24590800,7.090000153,21421000,5.699999809,21421000,1.649999976,5900,1.620000005,5900,10.93791485,163100,9.952606201,163100,6.764444351,428100,6.373333454,428100,45.09999847,1738900,42.18999863,1738900,31.07999992,1082600,23,1082600,18.59000015,7278900,16.79999924,7278900
5/6/2010 5:26,29.87999916,128613000,27.90999985,128613000,36.8928566,321465200,28.4642849,321465200,17.45192337,189407700,14.56730747,189407700,1.120000005,155700,1.049999952,155700,3.266000032,735000,3.052400112,735000,31.43000031,6056700,28.95000076,6056700,24.90700912,9026600,21.93132973,9026600,30.37392044,24590800,27.03375053,24590800,7.090000153,21421000,5.699999809,21421000,1.649999976,5900,1.620000005,5900,10.93791485,163100,9.952606201,163100,6.764444351,428100,6.373333454,428100,45.09999847,1738900,42.18999863,1738900,31.07999992,1082600,23,1082600,18.59000015,7278900,16.79999924,7278900
5/6/2010 5:27,29.87999916,128613000,27.90999985,128613000,36.8928566,321465200,28.4642849,321465200,17.45192337,189407700,14.56730747,189407700,1.120000005,155700,1.049999952,155700,3.266000032,735000,3.052400112,735000,31.43000031,6056700,28.95000076,6056700,24.90700912,9026600,21.93132973,9026600,30.37392044,24590800,27.03375053,24590800,7.090000153,21421000,5.699999809,21421000,1.649999976,5900,1.620000005,5900,10.93791485,163100,9.952606201,163100,6.764444351,428100,6.373333454,428100,45.09999847,1738900,42.18999863,1738900,31.07999992,1082600,23,1082600,18.59000015,7278900,16.79999924,7278900
5/6/2010 5:28,29.87999916,128613000,27.90999985,128613000,36.8928566,321465200,28.4642849,321465200,17.45192337,189407700,14.56730747,189407700,1.120000005,155700,1.049999952,155700,3.266000032,735000,3.052400112,735000,31.43000031,6056700,28.95000076,6056700,24.90700912,9026600,21.93132973,9026600,30.37392044,24590800,27.03375053,24590800,7.090000153,21421000,5.699999809,21421000,1.649999976,5900,1.620000005,5900,10.93791485,163100,9.952606201,163100,6.764444351,428100,6.373333454,428100,45.09999847,1738900,42.18999863,1738900,31.07999992,1082600,23,1082600,18.59000015,7278900,16.79999924,7278900
5/6/2010 5:29,29.87999916,128613000,27.90999985,128613000,36.8928566,321465200,28.4642849,321465200,17.45192337,189407700,14.56730747,189407700,1.120000005,155700,1.049999952,155700,3.266000032,735000,3.052400112,735000,31.43000031,6056700,28.95000076,6056700,24.90700912,9026600,21.93132973,9026600,30.37392044,24590800,27.03375053,24590800,7.090000153,21421000,5.699999809,21421000,1.649999976,5900,1.620000005,5900,10.93791485,163100,9.952606201,163100,6.764444351,428100,6.373333454,428100,45.09999847,1738900,42.18999863,1738900,31.07999992,1082600,23,1082600,18.59000015,7278900,16.79999924,7278900
5/6/2010 5:30,29.87999916,128613000,27.90999985,128613000,36.8928566,321465200,28.4642849,321465200,17.45192337,189407700,14.56730747,189407700,1.120000005,155700,1.049999952,155700,3.266000032,735000,3.052400112,735000,31.43000031,6056700,28.95000076,6056700,24.90700912,9026600,21.93132973,9026600,30.37392044,24590800,27.03375053,24590800,7.090000153,21421000,5.699999809,21421000,1.649999976,5900,1.620000005,5900,10.93791485,163100,9.952606201,163100,6.764444351,428100,6.373333454,428100,45.09999847,1738900,42.18999863,1738900,31.07999992,1082600,23,1082600,18.59000015,7278900,16.79999924,7278900
5/6/2010 5:31,29.87999916,128613000,27.90999985,128613000,36.8928566,321465200,28.4642849,321465200,17.45192337,189407700,14.56730747,189407700,1.120000005,155700,1.049999952,155700,3.266000032,735000,3.052400112,735000,31.43000031,6056700,28.95000076,6056700,24.90700912,9026600,21.93132973,9026600,30.37392044,24590800,27.03375053,24590800,7.090000153,21421000,5.699999809,21421000,1.649999976,5900,1.620000005,5900,10.93791485,163100,9.952606201,163100,6.764444351,428100,6.373333454,428100,45.09999847,1738900,42.18999863,1738900,31.07999992,1082600,23,1082600,18.59000015,7278900,16.79999924,7278900
5/6/2010 5:32,29.87999916,128613000,27.90999985,128613000,36.8928566,321465200,28.4642849,321465200,17.45192337,189407700,14.56730747,189407700,1.120000005,155700,1.049999952,155700,3.266000032,735000,3.052400112,735000,31.43000031,6056700,28.95000076,6056700,24.90700912,9026600,21.93132973,9026600,30.37392044,24590800,27.03375053,24590800,7.090000153,21421000,5.699999809,21421000,1.649999976,5900,1.620000005,5900,10.93791485,163100,9.952606201,163100,6.764444351,428100,6.373333454,428100,45.09999847,1738900,42.18999863,1738900,31.07999992,1082600,23,1082600,18.59000015,7278900,16.79999924,7278900
5/6/2010 5:33,29.87999916,128613000,27.90999985,128613000,36.8928566,321465200,28.4642849,321465200,17.45192337,189407700,14.56730747,189407700,1.120000005,155700,1.049999952,155700,3.266000032,735000,3.052400112,735000,31.43000031,6056700,28.95000076,6056700,24.90700912,9026600,21.93132973,9026600,30.37392044,24590800,27.03375053,24590800,7.090000153,21421000,5.699999809,21421000,1.649999976,5900,1.620000005,5900,10.93791485,163100,9.952606201,163100,6.764444351,428100,6.373333454,428100,45.09999847,1738900,42.18999863,1738900,31.07999992,1082600,23,1082600,18.59000015,7278900,16.79999924,7278900
5/6/2010 5:34,29.87999916,128613000,27.90999985,128613000,36.8928566,321465200,28.4642849,321465200,17.45192337,189407700,14.56730747,189407700,1.120000005,155700,1.049999952,155700,3.266000032,735000,3.052400112,735000,31.43000031,6056700,28.95000076,6056700,24.90700912,9026600,21.93132973,9026600,30.37392044,24590800,27.03375053,24590800,7.090000153,21421000,5.699999809,21421000,1.649999976,5900,1.620000005,5900,10.93791485,163100,9.952606201,163100,6.764444351,428100,6.373333454,428100,45.09999847,1738900,42.18999863,1738900,31.07999992,1082600,23,1082600,18.59000015,7278900,16.79999924,7278900
5/6/2010 5:35,29.87999916,128613000,27.90999985,128613000,36.8928566,321465200,28.4642849,321465200,17.45192337,189407700,14.56730747,189407700,1.120000005,155700,1.049999952,155700,3.266000032,735000,3.052400112,735000,31.43000031,6056700,28.95000076,6056700,24.90700912,9026600,21.93132973,9026600,30.37392044,24590800,27.03375053,24590800,7.090000153,21421000,5.699999809,21421000,1.649999976,5900,1.620000005,5900,10.93791485,163100,9.952606201,163100,6.764444351,428100,6.373333454,428100,45.09999847,1738900,42.18999863,1738900,31.07999992,1082600,23,1082600,18.59000015,7278900,16.79999924,7278900
5/6/2010 5:36,29.87999916,128613000,27.90999985,128613000,36.8928566,321465200,28.4642849,321465200,17.45192337,189407700,14.56730747,189407700,1.120000005,155700,1.049999952,155700,3.266000032,735000,3.052400112,735000,31.43000031,6056700,28.95000076,6056700,24.90700912,9026600,21.93132973,9026600,30.37392044,24590800,27.03375053,24590800,7.090000153,21421000,5.699999809,21421000,1.649999976,5900,1.620000005,5900,10.93791485,163100,9.952606201,163100,6.764444351,428100,6.373333454,428100,45.09999847,1738900,42.18999863,1738900,31.07999992,1082600,23,1082600,18.59000015,7278900,16.79999924,7278900
5/6/2010 5:37,29.87999916,128613000,27.90999985,128613000,36.8928566,321465200,28.4642849,321465200,17.45192337,189407700,14.56730747,189407700,1.120000005,155700,1.049999952,155700,3.266000032,735000,3.052400112,735000,31.43000031,6056700,28.95000076,6056700,24.90700912,9026600,21.93132973,9026600,30.37392044,24590800,27.03375053,24590800,7.090000153,21421000,5.699999809,21421000,1.649999976,5900,1.620000005,5900,10.93791485,163100,9.952606201,163100,6.764444351,428100,6.373333454,428100,45.09999847,1738900,42.18999863,1738900,31.07999992,1082600,23,1082600,18.59000015,7278900,16.79999924,7278900
5/6/2010 5:38,29.87999916,128613000,27.90999985,128613000,36.8928566,321465200,28.4642849,321465200,17.45192337,189407700,14.56730747,189407700,1.120000005,155700,1.049999952,155700,3.266000032,735000,3.052400112,735000,31.43000031,6056700,28.95000076,6056700,24.90700912,9026600,21.93132973,9026600,30.37392044,24590800,27.03375053,24590800,7.090000153,21421000,5.699999809,21421000,1.649999976,5900,1.620000005,5900,10.93791485,163100,9.952606201,163100,6.764444351,428100,6.373333454,428100,45.09999847,1738900,42.18999863,1738900,31.07999992,1082600,23,1082600,18.59000015,7278900,16.79999924,7278900
5/6/2010 5:39,29.87999916,128613000,27.90999985,128613000,36.8928566,321465200,28.4642849,321465200,17.45192337,189407700,14.56730747,189407700,1.120000005,155700,1.049999952,155700,3.266000032,735000,3.052400112,735000,31.43000031,6056700,28.95000076,6056700,24.90700912,9026600,21.93132973,9026600,30.37392044,24590800,27.03375053,24590800,7.090000153,21421000,5.699999809,21421000,1.649999976,5900,1.620000005,5900,10.93791485,163100,9.952606201,163100,6.764444351,428100,6.373333454,428100,45.09999847,1738900,42.18999863,1738900,31.07999992,1082600,23,1082600,18.59000015,7278900,16.79999924,7278900
5/6/2010 5:40,29.87999916,128613000,27.90999985,128613000,36.8928566,321465200,28.4642849,321465200,17.45192337,189407700,14.56730747,189407700,1.120000005,155700,1.049999952,155700,3.266000032,735000,3.052400112,735000,31.43000031,6056700,28.95000076,6056700,24.90700912,9026600,21.93132973,9026600,30.37392044,24590800,27.03375053,24590800,7.090000153,21421000,5.699999809,21421000,1.649999976,5900,1.620000005,5900,10.93791485,163100,9.952606201,163100,6.764444351,428100,6.373333454,428100,45.09999847,1738900,42.18999863,1738900,31.07999992,1082600,23,1082600,18.59000015,7278900,16.79999924,7278900
5/6/2010 5:41,29.87999916,128613000,27.90999985,128613000,36.8928566,321465200,28.4642849,321465200,17.45192337,189407700,14.56730747,189407700,1.120000005,155700,1.049999952,155700,3.266000032,735000,3.052400112,735000,31.43000031,6056700,28.95000076,6056700,24.90700912,9026600,21.93132973,9026600,30.37392044,24590800,27.03375053,24590800,7.090000153,21421000,5.699999809,21421000,1.649999976,5900,1.620000005,5900,10.93791485,163100,9.952606201,163100,6.764444351,428100,6.373333454,428100,45.09999847,1738900,42.18999863,1738900,31.07999992,1082600,23,1082600,18.59000015,7278900,16.79999924,7278900
5/6/2010 5:42,29.87999916,128613000,27.90999985,128613000,36.8928566,321465200,28.4642849,321465200,17.45192337,189407700,14.56730747,189407700,1.120000005,155700,1.049999952,155700,3.266000032,735000,3.052400112,735000,31.43000031,6056700,28.95000076,6056700,24.90700912,9026600,21.93132973,9026600,30.37392044,24590800,27.03375053,24590800,7.090000153,21421000,5.699999809,21421000,1.649999976,5900,1.620000005,5900,10.93791485,163100,9.952606201,163100,6.764444351,428100,6.373333454,428100,45.09999847,1738900,42.18999863,1738900,31.07999992,1082600,23,1082600,18.59000015,7278900,16.79999924,7278900
5/6/2010 5:43,29.87999916,128613000,27.90999985,128613000,36.8928566,321465200,28.4642849,321465200,17.45192337,189407700,14.56730747,189407700,1.120000005,155700,1.049999952,155700,3.266000032,735000,3.052400112,735000,31.43000031,6056700,28.95000076,6056700,24.90700912,9026600,21.93132973,9026600,30.37392044,24590800,27.03375053,24590800,7.090000153,21421000,5.699999809,21421000,1.649999976,5900,1.620000005,5900,10.93791485,163100,9.952606201,163100,6.764444351,428100,6.373333454,428100,45.09999847,1738900,42.18999863,1738900,31.07999992,1082600,23,1082600,18.59000015,7278900,16.79999924,7278900
5/6/2010 5:44,29.87999916,128613000,27.90999985,128613000,36.8928566,321465200,28.4642849,321465200,17.45192337,189407700,14.56730747,189407700,1.120000005,155700,1.049999952,155700,3.266000032,735000,3.052400112,735000,31.43000031,6056700,28.95000076,6056700,24.90700912,9026600,21.93132973,9026600,30.37392044,24590800,27.03375053,24590800,7.090000153,21421000,5.699999809,21421000,1.649999976,5900,1.620000005,5900,10.93791485,163100,9.952606201,163100,6.764444351,428100,6.373333454,428100,45.09999847,1738900,42.18999863,1738900,31.07999992,1082600,23,1082600,18.59000015,7278900,16.79999924,7278900
5/6/2010 5:45,29.87999916,128613000,27.90999985,128613000,36.8928566,321465200,28.4642849,321465200,17.45192337,189407700,14.56730747,189407700,1.120000005,155700,1.049999952,155700,3.266000032,735000,3.052400112,735000,31.43000031,6056700,28.95000076,6056700,24.90700912,9026600,21.93132973,9026600,30.37392044,24590800,27.03375053,24590800,7.090000153,21421000,5.699999809,21421000,1.649999976,5900,1.620000005,5900,10.93791485,163100,9.952606201,163100,6.764444351,428100,6.373333454,428100,45.09999847,1738900,42.18999863,1738900,31.07999992,1082600,23,1082600,18.59000015,7278900,16.79999924,7278900
5/6/2010 5:46,29.87999916,128613000,27.90999985,128613000,36.8928566,321465200,28.4642849,321465200,17.45192337,189407700,14.56730747,189407700,1.120000005,155700,1.049999952,155700,3.266000032,735000,3.052400112,735000,31.43000031,6056700,28.95000076,6056700,24.90700912,9026600,21.93132973,9026600,30.37392044,24590800,27.03375053,24590800,7.090000153,21421000,5.699999809,21421000,1.649999976,5900,1.620000005,5900,10.93791485,163100,9.952606201,163100,6.764444351,428100,6.373333454,428100,45.09999847,1738900,42.18999863,1738900,31.07999992,1082600,23,1082600,18.59000015,7278900,16.79999924,7278900
5/6/2010 5:47,29.87999916,128613000,27.90999985,128613000,36.8928566,321465200,28.4642849,321465200,17.45192337,189407700,14.56730747,189407700,1.120000005,155700,1.049999952,155700,3.266000032,735000,3.052400112,735000,31.43000031,6056700,28.95000076,6056700,24.90700912,9026600,21.93132973,9026600,30.37392044,24590800,27.03375053,24590800,7.090000153,21421000,5.699999809,21421000,1.649999976,5900,1.620000005,5900,10.93791485,163100,9.952606201,163100,6.764444351,428100,6.373333454,428100,45.09999847,1738900,42.18999863,1738900,31.07999992,1082600,23,1082600,18.59000015,7278900,16.79999924,7278900
5/6/2010 5:48,29.87999916,128613000,27.90999985,128613000,36.8928566,321465200,28.4642849,321465200,17.45192337,189407700,14.56730747,189407700,1.120000005,155700,1.049999952,155700,3.266000032,735000,3.052400112,735000,31.43000031,6056700,28.95000076,6056700,24.90700912,9026600,21.93132973,9026600,30.37392044,24590800,27.03375053,24590800,7.090000153,21421000,5.699999809,21421000,1.649999976,5900,1.620000005,5900,10.93791485,163100,9.952606201,163100,6.764444351,428100,6.373333454,428100,45.09999847,1738900,42.18999863,1738900,31.07999992,1082600,23,1082600,18.59000015,7278900,16.79999924,7278900
5/6/2010 5:49,29.87999916,128613000,27.90999985,128613000,36.8928566,321465200,28.4642849,321465200,17.45192337,189407700,14.56730747,189407700,1.120000005,155700,1.049999952,155700,3.266000032,735000,3.052400112,735000,31.43000031,6056700,28.95000076,6056700,24.90700912,9026600,21.93132973,9026600,30.37392044,24590800,27.03375053,24590800,7.090000153,21421000,5.699999809,21421000,1.649999976,5900,1.620000005,5900,10.93791485,163100,9.952606201,163100,6.764444351,428100,6.373333454,428100,45.09999847,1738900,42.18999863,1738900,31.07999992,1082600,23,1082600,18.59000015,7278900,16.79999924,7278900
5/6/2010 5:50,29.87999916,128613000,27.90999985,128613000,36.8928566,321465200,28.4642849,321465200,17.45192337,189407700,14.56730747,189407700,1.120000005,155700,1.049999952,155700,3.266000032,735000,3.052400112,735000,31.43000031,6056700,28.95000076,6056700,24.90700912,9026600,21.93132973,9026600,30.37392044,24590800,27.03375053,24590800,7.090000153,21421000,5.699999809,21421000,1.649999976,5900,1.620000005,5900,10.93791485,163100,9.952606201,163100,6.764444351,428100,6.373333454,428100,45.09999847,1738900,42.18999863,1738900,31.07999992,1082600,23,1082600,18.59000015,7278900,16.79999924,7278900
5/6/2010 5:51,29.87999916,128613000,27.90999985,128613000,36.8928566,321465200,28.4642849,321465200,17.45192337,189407700,14.56730747,189407700,1.120000005,155700,1.049999952,155700,3.266000032,735000,3.052400112,735000,31.43000031,6056700,28.95000076,6056700,24.90700912,9026600,21.93132973,9026600,30.37392044,24590800,27.03375053,24590800,7.090000153,21421000,5.699999809,21421000,1.649999976,5900,1.620000005,5900,10.93791485,163100,9.952606201,163100,6.764444351,428100,6.373333454,428100,45.09999847,1738900,42.18999863,1738900,31.07999992,1082600,23,1082600,18.59000015,7278900,16.79999924,7278900
5/6/2010 5:52,29.87999916,128613000,27.90999985,128613000,36.8928566,321465200,28.4642849,321465200,17.45192337,189407700,14.56730747,189407700,1.120000005,155700,1.049999952,155700,3.266000032,735000,3.052400112,735000,31.43000031,6056700,28.95000076,6056700,24.90700912,9026600,21.93132973,9026600,30.37392044,24590800,27.03375053,24590800,7.090000153,21421000,5.699999809,21421000,1.649999976,5900,1.620000005,5900,10.93791485,163100,9.952606201,163100,6.764444351,428100,6.373333454,428100,45.09999847,1738900,42.18999863,1738900,31.07999992,1082600,23,1082600,18.59000015,7278900,16.79999924,7278900
5/6/2010 5:53,29.87999916,128613000,27.90999985,128613000,36.8928566,321465200,28.4642849,321465200,17.45192337,189407700,14.56730747,189407700,1.120000005,155700,1.049999952,155700,3.266000032,735000,3.052400112,735000,31.43000031,6056700,28.95000076,6056700,24.90700912,9026600,21.93132973,9026600,30.37392044,24590800,27.03375053,24590800,7.090000153,21421000,5.699999809,21421000,1.649999976,5900,1.620000005,5900,10.93791485,163100,9.952606201,163100,6.764444351,428100,6.373333454,428100,45.09999847,1738900,42.18999863,1738900,31.07999992,1082600,23,1082600,18.59000015,7278900,16.79999924,7278900
5/6/2010 5:54,29.87999916,128613000,27.90999985,128613000,36.8928566,321465200,28.4642849,321465200,17.45192337,189407700,14.56730747,189407700,1.120000005,155700,1.049999952,155700,3.266000032,735000,3.052400112,735000,31.43000031,6056700,28.95000076,6056700,24.90700912,9026600,21.93132973,9026600,30.37392044,24590800,27.03375053,24590800,7.090000153,21421000,5.699999809,21421000,1.649999976,5900,1.620000005,5900,10.93791485,163100,9.952606201,163100,6.764444351,428100,6.373333454,428100,45.09999847,1738900,42.18999863,1738900,31.07999992,1082600,23,1082600,18.59000015,7278900,16.79999924,7278900
5/6/2010 5:55,29.87999916,128613000,27.90999985,128613000,36.8928566,321465200,28.4642849,321465200,17.45192337,189407700,14.56730747,189407700,1.120000005,155700,1.049999952,155700,3.266000032,735000,3.052400112,735000,31.43000031,6056700,28.95000076,6056700,24.90700912,9026600,21.93132973,9026600,30.37392044,24590800,27.03375053,24590800,7.090000153,21421000,5.699999809,21421000,1.649999976,5900,1.620000005,5900,10.93791485,163100,9.952606201,163100,6.764444351,428100,6.373333454,428100,45.09999847,1738900,42.18999863,1738900,31.07999992,1082600,23,1082600,18.59000015,7278900,16.79999924,7278900
5/6/2010 5:56,29.87999916,128613000,27.90999985,128613000,36.8928566,321465200,28.4642849,321465200,17.45192337,189407700,14.56730747,189407700,1.120000005,155700,1.049999952,155700,3.266000032,735000,3.052400112,735000,31.43000031,6056700,28.95000076,6056700,24.90700912,9026600,21.93132973,9026600,30.37392044,24590800,27.03375053,24590800,7.090000153,21421000,5.699999809,21421000,1.649999976,5900,1.620000005,5900,10.93791485,163100,9.952606201,163100,6.764444351,428100,6.373333454,428100,45.09999847,1738900,42.18999863,1738900,31.07999992,1082600,23,1082600,18.59000015,7278900,16.79999924,7278900
5/6/2010 5:57,29.87999916,128613000,27.90999985,128613000,36.8928566,321465200,28.4642849,321465200,17.45192337,189407700,14.56730747,189407700,1.120000005,155700,1.049999952,155700,3.266000032,735000,3.052400112,735000,31.43000031,6056700,28.95000076,6056700,24.90700912,9026600,21.93132973,9026600,30.37392044,24590800,27.03375053,24590800,7.090000153,21421000,5.699999809,21421000,1.649999976,5900,1.620000005,5900,10.93791485,163100,9.952606201,163100,6.764444351,428100,6.373333454,428100,45.09999847,1738900,42.18999863,1738900,31.07999992,1082600,23,1082600,18.59000015,7278900,16.79999924,7278900
5/6/2010 5:58,29.87999916,128613000,27.90999985,128613000,36.8928566,321465200,28.4642849,321465200,17.45192337,189407700,14.56730747,189407700,1.120000005,155700,1.049999952,155700,3.266000032,735000,3.052400112,735000,31.43000031,6056700,28.95000076,6056700,24.90700912,9026600,21.93132973,9026600,30.37392044,24590800,27.03375053,24590800,7.090000153,21421000,5.699999809,21421000,1.649999976,5900,1.620000005,5900,10.93791485,163100,9.952606201,163100,6.764444351,428100,6.373333454,428100,45.09999847,1738900,42.18999863,1738900,31.07999992,1082600,23,1082600,18.59000015,7278900,16.79999924,7278900
5/6/2010 5:59,29.87999916,128613000,27.90999985,128613000,36.8928566,321465200,28.4642849,321465200,17.45192337,189407700,14.56730747,189407700,1.120000005,155700,1.049999952,155700,3.266000032,735000,3.052400112,735000,31.43000031,6056700,28.95000076,6056700,24.90700912,9026600,21.93132973,9026600,30.37392044,24590800,27.03375053,24590800,7.090000153,21421000,5.699999809,21421000,1.649999976,5900,1.620000005,5900,10.93791485,163100,9.952606201,163100,6.764444351,428100,6.373333454,428100,45.09999847,1738900,42.18999863,1738900,31.07999992,1082600,23,1082600,18.59000015,7278900,16.79999924,7278900
5/6/2010 6:00,29.87999916,128613000,27.90999985,128613000,36.8928566,321465200,28.4642849,321465200,17.45192337,189407700,14.56730747,189407700,1.120000005,155700,1.049999952,155700,3.266000032,735000,3.052400112,735000,31.43000031,6056700,28.95000076,6056700,24.90700912,9026600,21.93132973,9026600,30.37392044,24590800,27.03375053,24590800,7.090000153,21421000,5.699999809,21421000,1.649999976,5900,1.620000005,5900,10.93791485,163100,9.952606201,163100,6.764444351,428100,6.373333454,428100,45.09999847,1738900,42.18999863,1738900,31.07999992,1082600,23,1082600,18.59000015,7278900,16.79999924,7278900
5/6/2010 6:01,29.87999916,128613000,27.90999985,128613000,36.8928566,321465200,28.4642849,321465200,17.45192337,189407700,14.56730747,189407700,1.120000005,155700,1.049999952,155700,3.266000032,735000,3.052400112,735000,31.43000031,6056700,28.95000076,6056700,24.90700912,9026600,21.93132973,9026600,30.37392044,24590800,27.03375053,24590800,7.090000153,21421000,5.699999809,21421000,1.649999976,5900,1.620000005,5900,10.93791485,163100,9.952606201,163100,6.764444351,428100,6.373333454,428100,45.09999847,1738900,42.18999863,1738900,31.07999992,1082600,23,1082600,18.59000015,7278900,16.79999924,7278900
5/6/2010 6:02,29.87999916,128613000,27.90999985,128613000,36.8928566,321465200,28.4642849,321465200,17.45192337,189407700,14.56730747,189407700,1.120000005,155700,1.049999952,155700,3.266000032,735000,3.052400112,735000,31.43000031,6056700,28.95000076,6056700,24.90700912,9026600,21.93132973,9026600,30.37392044,24590800,27.03375053,24590800,7.090000153,21421000,5.699999809,21421000,1.649999976,5900,1.620000005,5900,10.93791485,163100,9.952606201,163100,6.764444351,428100,6.373333454,428100,45.09999847,1738900,42.18999863,1738900,31.07999992,1082600,23,1082600,18.59000015,7278900,16.79999924,7278900
5/6/2010 6:03,29.87999916,128613000,27.90999985,128613000,36.8928566,321465200,28.4642849,321465200,17.45192337,189407700,14.56730747,189407700,1.120000005,155700,1.049999952,155700,3.266000032,735000,3.052400112,735000,31.43000031,6056700,28.95000076,6056700,24.90700912,9026600,21.93132973,9026600,30.37392044,24590800,27.03375053,24590800,7.090000153,21421000,5.699999809,21421000,1.649999976,5900,1.620000005,5900,10.93791485,163100,9.952606201,163100,6.764444351,428100,6.373333454,428100,45.09999847,1738900,42.18999863,1738900,31.07999992,1082600,23,1082600,18.59000015,7278900,16.79999924,7278900
5/6/2010 6:04,29.87999916,128613000,27.90999985,128613000,36.8928566,321465200,28.4642849,321465200,17.45192337,189407700,14.56730747,189407700,1.120000005,155700,1.049999952,155700,3.266000032,735000,3.052400112,735000,31.43000031,6056700,28.95000076,6056700,24.90700912,9026600,21.93132973,9026600,30.37392044,24590800,27.03375053,24590800,7.090000153,21421000,5.699999809,21421000,1.649999976,5900,1.620000005,5900,10.93791485,163100,9.952606201,163100,6.764444351,428100,6.373333454,428100,45.09999847,1738900,42.18999863,1738900,31.07999992,1082600,23,1082600,18.59000015,7278900,16.79999924,7278900
5/6/2010 6:05,29.87999916,128613000,27.90999985,128613000,36.8928566,321465200,28.4642849,321465200,17.45192337,189407700,14.56730747,189407700,1.120000005,155700,1.049999952,155700,3.266000032,735000,3.052400112,735000,31.43000031,6056700,28.95000076,6056700,24.90700912,9026600,21.93132973,9026600,30.37392044,24590800,27.03375053,24590800,7.090000153,21421000,5.699999809,21421000,1.649999976,5900,1.620000005,5900,10.93791485,163100,9.952606201,163100,6.764444351,428100,6.373333454,428100,45.09999847,1738900,42.18999863,1738900,31.07999992,1082600,23,1082600,18.59000015,7278900,16.79999924,7278900
5/6/2010 6:06,29.87999916,128613000,27.90999985,128613000,36.8928566,321465200,28.4642849,321465200,17.45192337,189407700,14.56730747,189407700,1.120000005,155700,1.049999952,155700,3.266000032,735000,3.052400112,735000,31.43000031,6056700,28.95000076,6056700,24.90700912,9026600,21.93132973,9026600,30.37392044,24590800,27.03375053,24590800,7.090000153,21421000,5.699999809,21421000,1.649999976,5900,1.620000005,5900,10.93791485,163100,9.952606201,163100,6.764444351,428100,6.373333454,428100,45.09999847,1738900,42.18999863,1738900,31.07999992,1082600,23,1082600,18.59000015,7278900,16.79999924,7278900
5/6/2010 6:07,29.87999916,128613000,27.90999985,128613000,36.8928566,321465200,28.4642849,321465200,17.45192337,189407700,14.56730747,189407700,1.120000005,155700,1.049999952,155700,3.266000032,735000,3.052400112,735000,31.43000031,6056700,28.95000076,6056700,24.90700912,9026600,21.93132973,9026600,30.37392044,24590800,27.03375053,24590800,7.090000153,21421000,5.699999809,21421000,1.649999976,5900,1.620000005,5900,10.93791485,163100,9.952606201,163100,6.764444351,428100,6.373333454,428100,45.09999847,1738900,42.18999863,1738900,31.07999992,1082600,23,1082600,18.59000015,7278900,16.79999924,7278900
5/6/2010 6:08,29.87999916,128613000,27.90999985,128613000,36.8928566,321465200,28.4642849,321465200,17.45192337,189407700,14.56730747,189407700,1.120000005,155700,1.049999952,155700,3.266000032,735000,3.052400112,735000,31.43000031,6056700,28.95000076,6056700,24.90700912,9026600,21.93132973,9026600,30.37392044,24590800,27.03375053,24590800,7.090000153,21421000,5.699999809,21421000,1.649999976,5900,1.620000005,5900,10.93791485,163100,9.952606201,163100,6.764444351,428100,6.373333454,428100,45.09999847,1738900,42.18999863,1738900,31.07999992,1082600,23,1082600,18.59000015,7278900,16.79999924,7278900
5/6/2010 6:09,29.87999916,128613000,27.90999985,128613000,36.8928566,321465200,28.4642849,321465200,17.45192337,189407700,14.56730747,189407700,1.120000005,155700,1.049999952,155700,3.266000032,735000,3.052400112,735000,31.43000031,6056700,28.95000076,6056700,24.90700912,9026600,21.93132973,9026600,30.37392044,24590800,27.03375053,24590800,7.090000153,21421000,5.699999809,21421000,1.649999976,5900,1.620000005,5900,10.93791485,163100,9.952606201,163100,6.764444351,428100,6.373333454,428100,45.09999847,1738900,42.18999863,1738900,31.07999992,1082600,23,1082600,18.59000015,7278900,16.79999924,7278900
5/6/2010 6:10,29.87999916,128613000,27.90999985,128613000,36.8928566,321465200,28.4642849,321465200,17.45192337,189407700,14.56730747,189407700,1.120000005,155700,1.049999952,155700,3.266000032,735000,3.052400112,735000,31.43000031,6056700,28.95000076,6056700,24.90700912,9026600,21.93132973,9026600,30.37392044,24590800,27.03375053,24590800,7.090000153,21421000,5.699999809,21421000,1.649999976,5900,1.620000005,5900,10.93791485,163100,9.952606201,163100,6.764444351,428100,6.373333454,428100,45.09999847,1738900,42.18999863,1738900,31.07999992,1082600,23,1082600,18.59000015,7278900,16.79999924,7278900
5/6/2010 6:11,29.87999916,128613000,27.90999985,128613000,36.8928566,321465200,28.4642849,321465200,17.45192337,189407700,14.56730747,189407700,1.120000005,155700,1.049999952,155700,3.266000032,735000,3.052400112,735000,31.43000031,6056700,28.95000076,6056700,24.90700912,9026600,21.93132973,9026600,30.37392044,24590800,27.03375053,24590800,7.090000153,21421000,5.699999809,21421000,1.649999976,5900,1.620000005,5900,10.93791485,163100,9.952606201,163100,6.764444351,428100,6.373333454,428100,45.09999847,1738900,42.18999863,1738900,31.07999992,1082600,23,1082600,18.59000015,7278900,16.79999924,7278900
5/6/2010 6:12,29.87999916,128613000,27.90999985,128613000,36.8928566,321465200,28.4642849,321465200,17.45192337,189407700,14.56730747,189407700,1.120000005,155700,1.049999952,155700,3.266000032,735000,3.052400112,735000,31.43000031,6056700,28.95000076,6056700,24.90700912,9026600,21.93132973,9026600,30.37392044,24590800,27.03375053,24590800,7.090000153,21421000,5.699999809,21421000,1.649999976,5900,1.620000005,5900,10.93791485,163100,9.952606201,163100,6.764444351,428100,6.373333454,428100,45.09999847,1738900,42.18999863,1738900,31.07999992,1082600,23,1082600,18.59000015,7278900,16.79999924,7278900
5/6/2010 6:13,29.87999916,128613000,27.90999985,128613000,36.8928566,321465200,28.4642849,321465200,17.45192337,189407700,14.56730747,189407700,1.120000005,155700,1.049999952,155700,3.266000032,735000,3.052400112,735000,31.43000031,6056700,28.95000076,6056700,24.90700912,9026600,21.93132973,9026600,30.37392044,24590800,27.03375053,24590800,7.090000153,21421000,5.699999809,21421000,1.649999976,5900,1.620000005,5900,10.93791485,163100,9.952606201,163100,6.764444351,428100,6.373333454,428100,45.09999847,1738900,42.18999863,1738900,31.07999992,1082600,23,1082600,18.59000015,7278900,16.79999924,7278900
5/6/2010 6:14,29.87999916,128613000,27.90999985,128613000,36.8928566,321465200,28.4642849,321465200,17.45192337,189407700,14.56730747,189407700,1.120000005,155700,1.049999952,155700,3.266000032,735000,3.052400112,735000,31.43000031,6056700,28.95000076,6056700,24.90700912,9026600,21.93132973,9026600,30.37392044,24590800,27.03375053,24590800,7.090000153,21421000,5.699999809,21421000,1.649999976,5900,1.620000005,5900,10.93791485,163100,9.952606201,163100,6.764444351,428100,6.373333454,428100,45.09999847,1738900,42.18999863,1738900,31.07999992,1082600,23,1082600,18.59000015,7278900,16.79999924,7278900
5/6/2010 6:15,29.87999916,128613000,27.90999985,128613000,36.8928566,321465200,28.4642849,321465200,17.45192337,189407700,14.56730747,189407700,1.120000005,155700,1.049999952,155700,3.266000032,735000,3.052400112,735000,31.43000031,6056700,28.95000076,6056700,24.90700912,9026600,21.93132973,9026600,30.37392044,24590800,27.03375053,24590800,7.090000153,21421000,5.699999809,21421000,1.649999976,5900,1.620000005,5900,10.93791485,163100,9.952606201,163100,6.764444351,428100,6.373333454,428100,45.09999847,1738900,42.18999863,1738900,31.07999992,1082600,23,1082600,18.59000015,7278900,16.79999924,7278900
5/6/2010 6:16,29.87999916,128613000,27.90999985,128613000,36.8928566,321465200,28.4642849,321465200,17.45192337,189407700,14.56730747,189407700,1.120000005,155700,1.049999952,155700,3.266000032,735000,3.052400112,735000,31.43000031,6056700,28.95000076,6056700,24.90700912,9026600,21.93132973,9026600,30.37392044,24590800,27.03375053,24590800,7.090000153,21421000,5.699999809,21421000,1.649999976,5900,1.620000005,5900,10.93791485,163100,9.952606201,163100,6.764444351,428100,6.373333454,428100,45.09999847,1738900,42.18999863,1738900,31.07999992,1082600,23,1082600,18.59000015,7278900,16.79999924,7278900
5/6/2010 6:17,29.87999916,128613000,27.90999985,128613000,36.8928566,321465200,28.4642849,321465200,17.45192337,189407700,14.56730747,189407700,1.120000005,155700,1.049999952,155700,3.266000032,735000,3.052400112,735000,31.43000031,6056700,28.95000076,6056700,24.90700912,9026600,21.93132973,9026600,30.37392044,24590800,27.03375053,24590800,7.090000153,21421000,5.699999809,21421000,1.649999976,5900,1.620000005,5900,10.93791485,163100,9.952606201,163100,6.764444351,428100,6.373333454,428100,45.09999847,1738900,42.18999863,1738900,31.07999992,1082600,23,1082600,18.59000015,7278900,16.79999924,7278900
5/6/2010 6:18,29.87999916,128613000,27.90999985,128613000,36.8928566,321465200,28.4642849,321465200,17.45192337,189407700,14.56730747,189407700,1.120000005,155700,1.049999952,155700,3.266000032,735000,3.052400112,735000,31.43000031,6056700,28.95000076,6056700,24.90700912,9026600,21.93132973,9026600,30.37392044,24590800,27.03375053,24590800,7.090000153,21421000,5.699999809,21421000,1.649999976,5900,1.620000005,5900,10.93791485,163100,9.952606201,163100,6.764444351,428100,6.373333454,428100,45.09999847,1738900,42.18999863,1738900,31.07999992,1082600,23,1082600,18.59000015,7278900,16.79999924,7278900
5/6/2010 6:19,29.87999916,128613000,27.90999985,128613000,36.8928566,321465200,28.4642849,321465200,17.45192337,189407700,14.56730747,189407700,1.120000005,155700,1.049999952,155700,3.266000032,735000,3.052400112,735000,31.43000031,6056700,28.95000076,6056700,24.90700912,9026600,21.93132973,9026600,30.37392044,24590800,27.03375053,24590800,7.090000153,21421000,5.699999809,21421000,1.649999976,5900,1.620000005,5900,10.93791485,163100,9.952606201,163100,6.764444351,428100,6.373333454,428100,45.09999847,1738900,42.18999863,1738900,31.07999992,1082600,23,1082600,18.59000015,7278900,16.79999924,7278900
5/6/2010 6:20,29.87999916,128613000,27.90999985,128613000,36.8928566,321465200,28.4642849,321465200,17.45192337,189407700,14.56730747,189407700,1.120000005,155700,1.049999952,155700,3.266000032,735000,3.052400112,735000,31.43000031,6056700,28.95000076,6056700,24.90700912,9026600,21.93132973,9026600,30.37392044,24590800,27.03375053,24590800,7.090000153,21421000,5.699999809,21421000,1.649999976,5900,1.620000005,5900,10.93791485,163100,9.952606201,163100,6.764444351,428100,6.373333454,428100,45.09999847,1738900,42.18999863,1738900,31.07999992,1082600,23,1082600,18.59000015,7278900,16.79999924,7278900
5/6/2010 6:21,29.87999916,128613000,27.90999985,128613000,36.8928566,321465200,28.4642849,321465200,17.45192337,189407700,14.56730747,189407700,1.120000005,155700,1.049999952,155700,3.266000032,735000,3.052400112,735000,31.43000031,6056700,28.95000076,6056700,24.90700912,9026600,21.93132973,9026600,30.37392044,24590800,27.03375053,24590800,7.090000153,21421000,5.699999809,21421000,1.649999976,5900,1.620000005,5900,10.93791485,163100,9.952606201,163100,6.764444351,428100,6.373333454,428100,45.09999847,1738900,42.18999863,1738900,31.07999992,1082600,23,1082600,18.59000015,7278900,16.79999924,7278900
5/6/2010 6:22,29.87999916,128613000,27.90999985,128613000,36.8928566,321465200,28.4642849,321465200,17.45192337,189407700,14.56730747,189407700,1.120000005,155700,1.049999952,155700,3.266000032,735000,3.052400112,735000,31.43000031,6056700,28.95000076,6056700,24.90700912,9026600,21.93132973,9026600,30.37392044,24590800,27.03375053,24590800,7.090000153,21421000,5.699999809,21421000,1.649999976,5900,1.620000005,5900,10.93791485,163100,9.952606201,163100,6.764444351,428100,6.373333454,428100,45.09999847,1738900,42.18999863,1738900,31.07999992,1082600,23,1082600,18.59000015,7278900,16.79999924,7278900
5/6/2010 6:23,29.87999916,128613000,27.90999985,128613000,36.8928566,321465200,28.4642849,321465200,17.45192337,189407700,14.56730747,189407700,1.120000005,155700,1.049999952,155700,3.266000032,735000,3.052400112,735000,31.43000031,6056700,28.95000076,6056700,24.90700912,9026600,21.93132973,9026600,30.37392044,24590800,27.03375053,24590800,7.090000153,21421000,5.699999809,21421000,1.649999976,5900,1.620000005,5900,10.93791485,163100,9.952606201,163100,6.764444351,428100,6.373333454,428100,45.09999847,1738900,42.18999863,1738900,31.07999992,1082600,23,1082600,18.59000015,7278900,16.79999924,7278900
5/6/2010 6:24,29.87999916,128613000,27.90999985,128613000,36.8928566,321465200,28.4642849,321465200,17.45192337,189407700,14.56730747,189407700,1.120000005,155700,1.049999952,155700,3.266000032,735000,3.052400112,735000,31.43000031,6056700,28.95000076,6056700,24.90700912,9026600,21.93132973,9026600,30.37392044,24590800,27.03375053,24590800,7.090000153,21421000,5.699999809,21421000,1.649999976,5900,1.620000005,5900,10.93791485,163100,9.952606201,163100,6.764444351,428100,6.373333454,428100,45.09999847,1738900,42.18999863,1738900,31.07999992,1082600,23,1082600,18.59000015,7278900,16.79999924,7278900
5/6/2010 6:25,29.87999916,128613000,27.90999985,128613000,36.8928566,321465200,28.4642849,321465200,17.45192337,189407700,14.56730747,189407700,1.120000005,155700,1.049999952,155700,3.266000032,735000,3.052400112,735000,31.43000031,6056700,28.95000076,6056700,24.90700912,9026600,21.93132973,9026600,30.37392044,24590800,27.03375053,24590800,7.090000153,21421000,5.699999809,21421000,1.649999976,5900,1.620000005,5900,10.93791485,163100,9.952606201,163100,6.764444351,428100,6.373333454,428100,45.09999847,1738900,42.18999863,1738900,31.07999992,1082600,23,1082600,18.59000015,7278900,16.79999924,7278900
5/6/2010 6:26,29.87999916,128613000,27.90999985,128613000,36.8928566,321465200,28.4642849,321465200,17.45192337,189407700,14.56730747,189407700,1.120000005,155700,1.049999952,155700,3.266000032,735000,3.052400112,735000,31.43000031,6056700,28.95000076,6056700,24.90700912,9026600,21.93132973,9026600,30.37392044,24590800,27.03375053,24590800,7.090000153,21421000,5.699999809,21421000,1.649999976,5900,1.620000005,5900,10.93791485,163100,9.952606201,163100,6.764444351,428100,6.373333454,428100,45.09999847,1738900,42.18999863,1738900,31.07999992,1082600,23,1082600,18.59000015,7278900,16.79999924,7278900
5/6/2010 6:27,29.87999916,128613000,27.90999985,128613000,36.8928566,321465200,28.4642849,321465200,17.45192337,189407700,14.56730747,189407700,1.120000005,155700,1.049999952,155700,3.266000032,735000,3.052400112,735000,31.43000031,6056700,28.95000076,6056700,24.90700912,9026600,21.93132973,9026600,30.37392044,24590800,27.03375053,24590800,7.090000153,21421000,5.699999809,21421000,1.649999976,5900,1.620000005,5900,10.93791485,163100,9.952606201,163100,6.764444351,428100,6.373333454,428100,45.09999847,1738900,42.18999863,1738900,31.07999992,1082600,23,1082600,18.59000015,7278900,16.79999924,7278900
5/6/2010 6:28,29.87999916,128613000,27.90999985,128613000,36.8928566,321465200,28.4642849,321465200,17.45192337,189407700,14.56730747,189407700,1.120000005,155700,1.049999952,155700,3.266000032,735000,3.052400112,735000,31.43000031,6056700,28.95000076,6056700,24.90700912,9026600,21.93132973,9026600,30.37392044,24590800,27.03375053,24590800,7.090000153,21421000,5.699999809,21421000,1.649999976,5900,1.620000005,5900,10.93791485,163100,9.952606201,163100,6.764444351,428100,6.373333454,428100,45.09999847,1738900,42.18999863,1738900,31.07999992,1082600,23,1082600,18.59000015,7278900,16.79999924,7278900
5/6/2010 6:29,29.87999916,128613000,27.90999985,128613000,36.8928566,321465200,28.4642849,321465200,17.45192337,189407700,14.56730747,189407700,1.120000005,155700,1.049999952,155700,3.266000032,735000,3.052400112,735000,31.43000031,6056700,28.95000076,6056700,24.90700912,9026600,21.93132973,9026600,30.37392044,24590800,27.03375053,24590800,7.090000153,21421000,5.699999809,21421000,1.649999976,5900,1.620000005,5900,10.93791485,163100,9.952606201,163100,6.764444351,428100,6.373333454,428100,45.09999847,1738900,42.18999863,1738900,31.07999992,1082600,23,1082600,18.59000015,7278900,16.79999924,7278900
5/6/2010 6:30,29.87999916,128613000,27.90999985,128613000,36.8928566,321465200,28.4642849,321465200,17.45192337,189407700,14.56730747,189407700,1.120000005,155700,1.049999952,155700,3.266000032,735000,3.052400112,735000,31.43000031,6056700,28.95000076,6056700,24.90700912,9026600,21.93132973,9026600,30.37392044,24590800,27.03375053,24590800,7.090000153,21421000,5.699999809,21421000,1.649999976,5900,1.620000005,5900,10.93791485,163100,9.952606201,163100,6.764444351,428100,6.373333454,428100,45.09999847,1738900,42.18999863,1738900,31.07999992,1082600,23,1082600,18.59000015,7278900,16.79999924,7278900
5/6/2010 6:31,29.87999916,128613000,27.90999985,128613000,36.8928566,321465200,28.4642849,321465200,17.45192337,189407700,14.56730747,189407700,1.120000005,155700,1.049999952,155700,3.266000032,735000,3.052400112,735000,31.43000031,6056700,28.95000076,6056700,24.90700912,9026600,21.93132973,9026600,30.37392044,24590800,27.03375053,24590800,7.090000153,21421000,5.699999809,21421000,1.649999976,5900,1.620000005,5900,10.93791485,163100,9.952606201,163100,6.764444351,428100,6.373333454,428100,45.09999847,1738900,42.18999863,1738900,31.07999992,1082600,23,1082600,18.59000015,7278900,16.79999924,7278900
5/6/2010 6:32,29.87999916,128613000,27.90999985,128613000,36.8928566,321465200,28.4642849,321465200,17.45192337,189407700,14.56730747,189407700,1.120000005,155700,1.049999952,155700,3.266000032,735000,3.052400112,735000,31.43000031,6056700,28.95000076,6056700,24.90700912,9026600,21.93132973,9026600,30.37392044,24590800,27.03375053,24590800,7.090000153,21421000,5.699999809,21421000,1.649999976,5900,1.620000005,5900,10.93791485,163100,9.952606201,163100,6.764444351,428100,6.373333454,428100,45.09999847,1738900,42.18999863,1738900,31.07999992,1082600,23,1082600,18.59000015,7278900,16.79999924,7278900
5/6/2010 6:33,29.87999916,128613000,27.90999985,128613000,36.8928566,321465200,28.4642849,321465200,17.45192337,189407700,14.56730747,189407700,1.120000005,155700,1.049999952,155700,3.266000032,735000,3.052400112,735000,31.43000031,6056700,28.95000076,6056700,24.90700912,9026600,21.93132973,9026600,30.37392044,24590800,27.03375053,24590800,7.090000153,21421000,5.699999809,21421000,1.649999976,5900,1.620000005,5900,10.93791485,163100,9.952606201,163100,6.764444351,428100,6.373333454,428100,45.09999847,1738900,42.18999863,1738900,31.07999992,1082600,23,1082600,18.59000015,7278900,16.79999924,7278900
5/6/2010 6:34,29.87999916,128613000,27.90999985,128613000,36.8928566,321465200,28.4642849,321465200,17.45192337,189407700,14.56730747,189407700,1.120000005,155700,1.049999952,155700,3.266000032,735000,3.052400112,735000,31.43000031,6056700,28.95000076,6056700,24.90700912,9026600,21.93132973,9026600,30.37392044,24590800,27.03375053,24590800,7.090000153,21421000,5.699999809,21421000,1.649999976,5900,1.620000005,5900,10.93791485,163100,9.952606201,163100,6.764444351,428100,6.373333454,428100,45.09999847,1738900,42.18999863,1738900,31.07999992,1082600,23,1082600,18.59000015,7278900,16.79999924,7278900
5/6/2010 6:35,29.87999916,128613000,27.90999985,128613000,36.8928566,321465200,28.4642849,321465200,17.45192337,189407700,14.56730747,189407700,1.120000005,155700,1.049999952,155700,3.266000032,735000,3.052400112,735000,31.43000031,6056700,28.95000076,6056700,24.90700912,9026600,21.93132973,9026600,30.37392044,24590800,27.03375053,24590800,7.090000153,21421000,5.699999809,21421000,1.649999976,5900,1.620000005,5900,10.93791485,163100,9.952606201,163100,6.764444351,428100,6.373333454,428100,45.09999847,1738900,42.18999863,1738900,31.07999992,1082600,23,1082600,18.59000015,7278900,16.79999924,7278900
5/6/2010 6:36,29.87999916,128613000,27.90999985,128613000,36.8928566,321465200,28.4642849,321465200,17.45192337,189407700,14.56730747,189407700,1.120000005,155700,1.049999952,155700,3.266000032,735000,3.052400112,735000,31.43000031,6056700,28.95000076,6056700,24.90700912,9026600,21.93132973,9026600,30.37392044,24590800,27.03375053,24590800,7.090000153,21421000,5.699999809,21421000,1.649999976,5900,1.620000005,5900,10.93791485,163100,9.952606201,163100,6.764444351,428100,6.373333454,428100,45.09999847,1738900,42.18999863,1738900,31.07999992,1082600,23,1082600,18.59000015,7278900,16.79999924,7278900
5/6/2010 6:37,29.87999916,128613000,27.90999985,128613000,36.8928566,321465200,28.4642849,321465200,17.45192337,189407700,14.56730747,189407700,1.120000005,155700,1.049999952,155700,3.266000032,735000,3.052400112,735000,31.43000031,6056700,28.95000076,6056700,24.90700912,9026600,21.93132973,9026600,30.37392044,24590800,27.03375053,24590800,7.090000153,21421000,5.699999809,21421000,1.649999976,5900,1.620000005,5900,10.93791485,163100,9.952606201,163100,6.764444351,428100,6.373333454,428100,45.09999847,1738900,42.18999863,1738900,31.07999992,1082600,23,1082600,18.59000015,7278900,16.79999924,7278900
5/6/2010 6:38,29.87999916,128613000,27.90999985,128613000,36.8928566,321465200,28.4642849,321465200,17.45192337,189407700,14.56730747,189407700,1.120000005,155700,1.049999952,155700,3.266000032,735000,3.052400112,735000,31.43000031,6056700,28.95000076,6056700,24.90700912,9026600,21.93132973,9026600,30.37392044,24590800,27.03375053,24590800,7.090000153,21421000,5.699999809,21421000,1.649999976,5900,1.620000005,5900,10.93791485,163100,9.952606201,163100,6.764444351,428100,6.373333454,428100,45.09999847,1738900,42.18999863,1738900,31.07999992,1082600,23,1082600,18.59000015,7278900,16.79999924,7278900
5/6/2010 6:39,29.87999916,128613000,27.90999985,128613000,36.8928566,321465200,28.4642849,321465200,17.45192337,189407700,14.56730747,189407700,1.120000005,155700,1.049999952,155700,3.266000032,735000,3.052400112,735000,31.43000031,6056700,28.95000076,6056700,24.90700912,9026600,21.93132973,9026600,30.37392044,24590800,27.03375053,24590800,7.090000153,21421000,5.699999809,21421000,1.649999976,5900,1.620000005,5900,10.93791485,163100,9.952606201,163100,6.764444351,428100,6.373333454,428100,45.09999847,1738900,42.18999863,1738900,31.07999992,1082600,23,1082600,18.59000015,7278900,16.79999924,7278900
5/6/2010 6:40,29.87999916,128613000,27.90999985,128613000,36.8928566,321465200,28.4642849,321465200,17.45192337,189407700,14.56730747,189407700,1.120000005,155700,1.049999952,155700,3.266000032,735000,3.052400112,735000,31.43000031,6056700,28.95000076,6056700,24.90700912,9026600,21.93132973,9026600,30.37392044,24590800,27.03375053,24590800,7.090000153,21421000,5.699999809,21421000,1.649999976,5900,1.620000005,5900,10.93791485,163100,9.952606201,163100,6.764444351,428100,6.373333454,428100,45.09999847,1738900,42.18999863,1738900,31.07999992,1082600,23,1082600,18.59000015,7278900,16.79999924,7278900
5/6/2010 6:41,29.87999916,128613000,27.90999985,128613000,36.8928566,321465200,28.4642849,321465200,17.45192337,189407700,14.56730747,189407700,1.120000005,155700,1.049999952,155700,3.266000032,735000,3.052400112,735000,31.43000031,6056700,28.95000076,6056700,24.90700912,9026600,21.93132973,9026600,30.37392044,24590800,27.03375053,24590800,7.090000153,21421000,5.699999809,21421000,1.649999976,5900,1.620000005,5900,10.93791485,163100,9.952606201,163100,6.764444351,428100,6.373333454,428100,45.09999847,1738900,42.18999863,1738900,31.07999992,1082600,23,1082600,18.59000015,7278900,16.79999924,7278900
5/6/2010 6:42,29.87999916,128613000,27.90999985,128613000,36.8928566,321465200,28.4642849,321465200,17.45192337,189407700,14.56730747,189407700,1.120000005,155700,1.049999952,155700,3.266000032,735000,3.052400112,735000,31.43000031,6056700,28.95000076,6056700,24.90700912,9026600,21.93132973,9026600,30.37392044,24590800,27.03375053,24590800,7.090000153,21421000,5.699999809,21421000,1.649999976,5900,1.620000005,5900,10.93791485,163100,9.952606201,163100,6.764444351,428100,6.373333454,428100,45.09999847,1738900,42.18999863,1738900,31.07999992,1082600,23,1082600,18.59000015,7278900,16.79999924,7278900
5/6/2010 6:43,29.87999916,128613000,27.90999985,128613000,36.8928566,321465200,28.4642849,321465200,17.45192337,189407700,14.56730747,189407700,1.120000005,155700,1.049999952,155700,3.266000032,735000,3.052400112,735000,31.43000031,6056700,28.95000076,6056700,24.90700912,9026600,21.93132973,9026600,30.37392044,24590800,27.03375053,24590800,7.090000153,21421000,5.699999809,21421000,1.649999976,5900,1.620000005,5900,10.93791485,163100,9.952606201,163100,6.764444351,428100,6.373333454,428100,45.09999847,1738900,42.18999863,1738900,31.07999992,1082600,23,1082600,18.59000015,7278900,16.79999924,7278900
5/6/2010 6:44,29.87999916,128613000,27.90999985,128613000,36.8928566,321465200,28.4642849,321465200,17.45192337,189407700,14.56730747,189407700,1.120000005,155700,1.049999952,155700,3.266000032,735000,3.052400112,735000,31.43000031,6056700,28.95000076,6056700,24.90700912,9026600,21.93132973,9026600,30.37392044,24590800,27.03375053,24590800,7.090000153,21421000,5.699999809,21421000,1.649999976,5900,1.620000005,5900,10.93791485,163100,9.952606201,163100,6.764444351,428100,6.373333454,428100,45.09999847,1738900,42.18999863,1738900,31.07999992,1082600,23,1082600,18.59000015,7278900,16.79999924,7278900
5/6/2010 6:45,29.87999916,128613000,27.90999985,128613000,36.8928566,321465200,28.4642849,321465200,17.45192337,189407700,14.56730747,189407700,1.120000005,155700,1.049999952,155700,3.266000032,735000,3.052400112,735000,31.43000031,6056700,28.95000076,6056700,24.90700912,9026600,21.93132973,9026600,30.37392044,24590800,27.03375053,24590800,7.090000153,21421000,5.699999809,21421000,1.649999976,5900,1.620000005,5900,10.93791485,163100,9.952606201,163100,6.764444351,428100,6.373333454,428100,45.09999847,1738900,42.18999863,1738900,31.07999992,1082600,23,1082600,18.59000015,7278900,16.79999924,7278900
5/6/2010 6:46,29.87999916,128613000,27.90999985,128613000,36.8928566,321465200,28.4642849,321465200,17.45192337,189407700,14.56730747,189407700,1.120000005,155700,1.049999952,155700,3.266000032,735000,3.052400112,735000,31.43000031,6056700,28.95000076,6056700,24.90700912,9026600,21.93132973,9026600,30.37392044,24590800,27.03375053,24590800,7.090000153,21421000,5.699999809,21421000,1.649999976,5900,1.620000005,5900,10.93791485,163100,9.952606201,163100,6.764444351,428100,6.373333454,428100,45.09999847,1738900,42.18999863,1738900,31.07999992,1082600,23,1082600,18.59000015,7278900,16.79999924,7278900
5/6/2010 6:47,29.87999916,128613000,27.90999985,128613000,36.8928566,321465200,28.4642849,321465200,17.45192337,189407700,14.56730747,189407700,1.120000005,155700,1.049999952,155700,3.266000032,735000,3.052400112,735000,31.43000031,6056700,28.95000076,6056700,24.90700912,9026600,21.93132973,9026600,30.37392044,24590800,27.03375053,24590800,7.090000153,21421000,5.699999809,21421000,1.649999976,5900,1.620000005,5900,10.93791485,163100,9.952606201,163100,6.764444351,428100,6.373333454,428100,45.09999847,1738900,42.18999863,1738900,31.07999992,1082600,23,1082600,18.59000015,7278900,16.79999924,7278900
5/6/2010 6:48,29.87999916,128613000,27.90999985,128613000,36.8928566,321465200,28.4642849,321465200,17.45192337,189407700,14.56730747,189407700,1.120000005,155700,1.049999952,155700,3.266000032,735000,3.052400112,735000,31.43000031,6056700,28.95000076,6056700,24.90700912,9026600,21.93132973,9026600,30.37392044,24590800,27.03375053,24590800,7.090000153,21421000,5.699999809,21421000,1.649999976,5900,1.620000005,5900,10.93791485,163100,9.952606201,163100,6.764444351,428100,6.373333454,428100,45.09999847,1738900,42.18999863,1738900,31.07999992,1082600,23,1082600,18.59000015,7278900,16.79999924,7278900
5/6/2010 6:49,29.87999916,128613000,27.90999985,128613000,36.8928566,321465200,28.4642849,321465200,17.45192337,189407700,14.56730747,189407700,1.120000005,155700,1.049999952,155700,3.266000032,735000,3.052400112,735000,31.43000031,6056700,28.95000076,6056700,24.90700912,9026600,21.93132973,9026600,30.37392044,24590800,27.03375053,24590800,7.090000153,21421000,5.699999809,21421000,1.649999976,5900,1.620000005,5900,10.93791485,163100,9.952606201,163100,6.764444351,428100,6.373333454,428100,45.09999847,1738900,42.18999863,1738900,31.07999992,1082600,23,1082600,18.59000015,7278900,16.79999924,7278900
5/6/2010 6:50,29.87999916,128613000,27.90999985,128613000,36.8928566,321465200,28.4642849,321465200,17.45192337,189407700,14.56730747,189407700,1.120000005,155700,1.049999952,155700,3.266000032,735000,3.052400112,735000,31.43000031,6056700,28.95000076,6056700,24.90700912,9026600,21.93132973,9026600,30.37392044,24590800,27.03375053,24590800,7.090000153,21421000,5.699999809,21421000,1.649999976,5900,1.620000005,5900,10.93791485,163100,9.952606201,163100,6.764444351,428100,6.373333454,428100,45.09999847,1738900,42.18999863,1738900,31.07999992,1082600,23,1082600,18.59000015,7278900,16.79999924,7278900
5/6/2010 6:51,29.87999916,128613000,27.90999985,128613000,36.8928566,321465200,28.4642849,321465200,17.45192337,189407700,14.56730747,189407700,1.120000005,155700,1.049999952,155700,3.266000032,735000,3.052400112,735000,31.43000031,6056700,28.95000076,6056700,24.90700912,9026600,21.93132973,9026600,30.37392044,24590800,27.03375053,24590800,7.090000153,21421000,5.699999809,21421000,1.649999976,5900,1.620000005,5900,10.93791485,163100,9.952606201,163100,6.764444351,428100,6.373333454,428100,45.09999847,1738900,42.18999863,1738900,31.07999992,1082600,23,1082600,18.59000015,7278900,16.79999924,7278900
5/6/2010 6:52,29.87999916,128613000,27.90999985,128613000,36.8928566,321465200,28.4642849,321465200,17.45192337,189407700,14.56730747,189407700,1.120000005,155700,1.049999952,155700,3.266000032,735000,3.052400112,735000,31.43000031,6056700,28.95000076,6056700,24.90700912,9026600,21.93132973,9026600,30.37392044,24590800,27.03375053,24590800,7.090000153,21421000,5.699999809,21421000,1.649999976,5900,1.620000005,5900,10.93791485,163100,9.952606201,163100,6.764444351,428100,6.373333454,428100,45.09999847,1738900,42.18999863,1738900,31.07999992,1082600,23,1082600,18.59000015,7278900,16.79999924,7278900
5/6/2010 6:53,29.87999916,128613000,27.90999985,128613000,36.8928566,321465200,28.4642849,321465200,17.45192337,189407700,14.56730747,189407700,1.120000005,155700,1.049999952,155700,3.266000032,735000,3.052400112,735000,31.43000031,6056700,28.95000076,6056700,24.90700912,9026600,21.93132973,9026600,30.37392044,24590800,27.03375053,24590800,7.090000153,21421000,5.699999809,21421000,1.649999976,5900,1.620000005,5900,10.93791485,163100,9.952606201,163100,6.764444351,428100,6.373333454,428100,45.09999847,1738900,42.18999863,1738900,31.07999992,1082600,23,1082600,18.59000015,7278900,16.79999924,7278900
5/6/2010 6:54,29.87999916,128613000,27.90999985,128613000,36.8928566,321465200,28.4642849,321465200,17.45192337,189407700,14.56730747,189407700,1.120000005,155700,1.049999952,155700,3.266000032,735000,3.052400112,735000,31.43000031,6056700,28.95000076,6056700,24.90700912,9026600,21.93132973,9026600,30.37392044,24590800,27.03375053,24590800,7.090000153,21421000,5.699999809,21421000,1.649999976,5900,1.620000005,5900,10.93791485,163100,9.952606201,163100,6.764444351,428100,6.373333454,428100,45.09999847,1738900,42.18999863,1738900,31.07999992,1082600,23,1082600,18.59000015,7278900,16.79999924,7278900
5/6/2010 6:55,29.87999916,128613000,27.90999985,128613000,36.8928566,321465200,28.4642849,321465200,17.45192337,189407700,14.56730747,189407700,1.120000005,155700,1.049999952,155700,3.266000032,735000,3.052400112,735000,31.43000031,6056700,28.95000076,6056700,24.90700912,9026600,21.93132973,9026600,30.37392044,24590800,27.03375053,24590800,7.090000153,21421000,5.699999809,21421000,1.649999976,5900,1.620000005,5900,10.93791485,163100,9.952606201,163100,6.764444351,428100,6.373333454,428100,45.09999847,1738900,42.18999863,1738900,31.07999992,1082600,23,1082600,18.59000015,7278900,16.79999924,7278900
5/6/2010 6:56,29.87999916,128613000,27.90999985,128613000,36.8928566,321465200,28.4642849,321465200,17.45192337,189407700,14.56730747,189407700,1.120000005,155700,1.049999952,155700,3.266000032,735000,3.052400112,735000,31.43000031,6056700,28.95000076,6056700,24.90700912,9026600,21.93132973,9026600,30.37392044,24590800,27.03375053,24590800,7.090000153,21421000,5.699999809,21421000,1.649999976,5900,1.620000005,5900,10.93791485,163100,9.952606201,163100,6.764444351,428100,6.373333454,428100,45.09999847,1738900,42.18999863,1738900,31.07999992,1082600,23,1082600,18.59000015,7278900,16.79999924,7278900
5/6/2010 6:57,29.87999916,128613000,27.90999985,128613000,36.8928566,321465200,28.4642849,321465200,17.45192337,189407700,14.56730747,189407700,1.120000005,155700,1.049999952,155700,3.266000032,735000,3.052400112,735000,31.43000031,6056700,28.95000076,6056700,24.90700912,9026600,21.93132973,9026600,30.37392044,24590800,27.03375053,24590800,7.090000153,21421000,5.699999809,21421000,1.649999976,5900,1.620000005,5900,10.93791485,163100,9.952606201,163100,6.764444351,428100,6.373333454,428100,45.09999847,1738900,42.18999863,1738900,31.07999992,1082600,23,1082600,18.59000015,7278900,16.79999924,7278900
5/6/2010 6:58,29.87999916,128613000,27.90999985,128613000,36.8928566,321465200,28.4642849,321465200,17.45192337,189407700,14.56730747,189407700,1.120000005,155700,1.049999952,155700,3.266000032,735000,3.052400112,735000,31.43000031,6056700,28.95000076,6056700,24.90700912,9026600,21.93132973,9026600,30.37392044,24590800,27.03375053,24590800,7.090000153,21421000,5.699999809,21421000,1.649999976,5900,1.620000005,5900,10.93791485,163100,9.952606201,163100,6.764444351,428100,6.373333454,428100,45.09999847,1738900,42.18999863,1738900,31.07999992,1082600,23,1082600,18.59000015,7278900,16.79999924,7278900
5/6/2010 6:59,29.87999916,128613000,27.90999985,128613000,36.8928566,321465200,28.4642849,321465200,17.45192337,189407700,14.56730747,189407700,1.120000005,155700,1.049999952,155700,3.266000032,735000,3.052400112,735000,31.43000031,6056700,28.95000076,6056700,24.90700912,9026600,21.93132973,9026600,30.37392044,24590800,27.03375053,24590800,7.090000153,21421000,5.699999809,21421000,1.649999976,5900,1.620000005,5900,10.93791485,163100,9.952606201,163100,6.764444351,428100,6.373333454,428100,45.09999847,1738900,42.18999863,1738900,31.07999992,1082600,23,1082600,18.59000015,7278900,16.79999924,7278900
5/6/2010 7:00,29.87999916,128613000,27.90999985,128613000,36.8928566,321465200,28.4642849,321465200,17.45192337,189407700,14.56730747,189407700,1.120000005,155700,1.049999952,155700,3.266000032,735000,3.052400112,735000,31.43000031,6056700,28.95000076,6056700,24.90700912,9026600,21.93132973,9026600,30.37392044,24590800,27.03375053,24590800,7.090000153,21421000,5.699999809,21421000,1.649999976,5900,1.620000005,5900,10.93791485,163100,9.952606201,163100,6.764444351,428100,6.373333454,428100,45.09999847,1738900,42.18999863,1738900,31.07999992,1082600,23,1082600,18.59000015,7278900,16.79999924,7278900
5/6/2010 7:01,29.87999916,128613000,27.90999985,128613000,36.8928566,321465200,28.4642849,321465200,17.45192337,189407700,14.56730747,189407700,1.120000005,155700,1.049999952,155700,3.266000032,735000,3.052400112,735000,31.43000031,6056700,28.95000076,6056700,24.90700912,9026600,21.93132973,9026600,30.37392044,24590800,27.03375053,24590800,7.090000153,21421000,5.699999809,21421000,1.649999976,5900,1.620000005,5900,10.93791485,163100,9.952606201,163100,6.764444351,428100,6.373333454,428100,45.09999847,1738900,42.18999863,1738900,31.07999992,1082600,23,1082600,18.59000015,7278900,16.79999924,7278900
5/6/2010 7:02,29.87999916,128613000,27.90999985,128613000,36.8928566,321465200,28.4642849,321465200,17.45192337,189407700,14.56730747,189407700,1.120000005,155700,1.049999952,155700,3.266000032,735000,3.052400112,735000,31.43000031,6056700,28.95000076,6056700,24.90700912,9026600,21.93132973,9026600,30.37392044,24590800,27.03375053,24590800,7.090000153,21421000,5.699999809,21421000,1.649999976,5900,1.620000005,5900,10.93791485,163100,9.952606201,163100,6.764444351,428100,6.373333454,428100,45.09999847,1738900,42.18999863,1738900,31.07999992,1082600,23,1082600,18.59000015,7278900,16.79999924,7278900
5/6/2010 7:03,29.87999916,128613000,27.90999985,128613000,36.8928566,321465200,28.4642849,321465200,17.45192337,189407700,14.56730747,189407700,1.120000005,155700,1.049999952,155700,3.266000032,735000,3.052400112,735000,31.43000031,6056700,28.95000076,6056700,24.90700912,9026600,21.93132973,9026600,30.37392044,24590800,27.03375053,24590800,7.090000153,21421000,5.699999809,21421000,1.649999976,5900,1.620000005,5900,10.93791485,163100,9.952606201,163100,6.764444351,428100,6.373333454,428100,45.09999847,1738900,42.18999863,1738900,31.07999992,1082600,23,1082600,18.59000015,7278900,16.79999924,7278900
5/6/2010 7:04,29.87999916,128613000,27.90999985,128613000,36.8928566,321465200,28.4642849,321465200,17.45192337,189407700,14.56730747,189407700,1.120000005,155700,1.049999952,155700,3.266000032,735000,3.052400112,735000,31.43000031,6056700,28.95000076,6056700,24.90700912,9026600,21.93132973,9026600,30.37392044,24590800,27.03375053,24590800,7.090000153,21421000,5.699999809,21421000,1.649999976,5900,1.620000005,5900,10.93791485,163100,9.952606201,163100,6.764444351,428100,6.373333454,428100,45.09999847,1738900,42.18999863,1738900,31.07999992,1082600,23,1082600,18.59000015,7278900,16.79999924,7278900
5/6/2010 7:05,29.87999916,128613000,27.90999985,128613000,36.8928566,321465200,28.4642849,321465200,17.45192337,189407700,14.56730747,189407700,1.120000005,155700,1.049999952,155700,3.266000032,735000,3.052400112,735000,31.43000031,6056700,28.95000076,6056700,24.90700912,9026600,21.93132973,9026600,30.37392044,24590800,27.03375053,24590800,7.090000153,21421000,5.699999809,21421000,1.649999976,5900,1.620000005,5900,10.93791485,163100,9.952606201,163100,6.764444351,428100,6.373333454,428100,45.09999847,1738900,42.18999863,1738900,31.07999992,1082600,23,1082600,18.59000015,7278900,16.79999924,7278900
5/6/2010 7:06,29.87999916,128613000,27.90999985,128613000,36.8928566,321465200,28.4642849,321465200,17.45192337,189407700,14.56730747,189407700,1.120000005,155700,1.049999952,155700,3.266000032,735000,3.052400112,735000,31.43000031,6056700,28.95000076,6056700,24.90700912,9026600,21.93132973,9026600,30.37392044,24590800,27.03375053,24590800,7.090000153,21421000,5.699999809,21421000,1.649999976,5900,1.620000005,5900,10.93791485,163100,9.952606201,163100,6.764444351,428100,6.373333454,428100,45.09999847,1738900,42.18999863,1738900,31.07999992,1082600,23,1082600,18.59000015,7278900,16.79999924,7278900
5/6/2010 7:07,29.87999916,128613000,27.90999985,128613000,36.8928566,321465200,28.4642849,321465200,17.45192337,189407700,14.56730747,189407700,1.120000005,155700,1.049999952,155700,3.266000032,735000,3.052400112,735000,31.43000031,6056700,28.95000076,6056700,24.90700912,9026600,21.93132973,9026600,30.37392044,24590800,27.03375053,24590800,7.090000153,21421000,5.699999809,21421000,1.649999976,5900,1.620000005,5900,10.93791485,163100,9.952606201,163100,6.764444351,428100,6.373333454,428100,45.09999847,1738900,42.18999863,1738900,31.07999992,1082600,23,1082600,18.59000015,7278900,16.79999924,7278900
5/6/2010 7:08,29.87999916,128613000,27.90999985,128613000,36.8928566,321465200,28.4642849,321465200,17.45192337,189407700,14.56730747,189407700,1.120000005,155700,1.049999952,155700,3.266000032,735000,3.052400112,735000,31.43000031,6056700,28.95000076,6056700,24.90700912,9026600,21.93132973,9026600,30.37392044,24590800,27.03375053,24590800,7.090000153,21421000,5.699999809,21421000,1.649999976,5900,1.620000005,5900,10.93791485,163100,9.952606201,163100,6.764444351,428100,6.373333454,428100,45.09999847,1738900,42.18999863,1738900,31.07999992,1082600,23,1082600,18.59000015,7278900,16.79999924,7278900
5/6/2010 7:09,29.87999916,128613000,27.90999985,128613000,36.8928566,321465200,28.4642849,321465200,17.45192337,189407700,14.56730747,189407700,1.120000005,155700,1.049999952,155700,3.266000032,735000,3.052400112,735000,31.43000031,6056700,28.95000076,6056700,24.90700912,9026600,21.93132973,9026600,30.37392044,24590800,27.03375053,24590800,7.090000153,21421000,5.699999809,21421000,1.649999976,5900,1.620000005,5900,10.93791485,163100,9.952606201,163100,6.764444351,428100,6.373333454,428100,45.09999847,1738900,42.18999863,1738900,31.07999992,1082600,23,1082600,18.59000015,7278900,16.79999924,7278900
5/6/2010 7:10,29.87999916,128613000,27.90999985,128613000,36.8928566,321465200,28.4642849,321465200,17.45192337,189407700,14.56730747,189407700,1.120000005,155700,1.049999952,155700,3.266000032,735000,3.052400112,735000,31.43000031,6056700,28.95000076,6056700,24.90700912,9026600,21.93132973,9026600,30.37392044,24590800,27.03375053,24590800,7.090000153,21421000,5.699999809,21421000,1.649999976,5900,1.620000005,5900,10.93791485,163100,9.952606201,163100,6.764444351,428100,6.373333454,428100,45.09999847,1738900,42.18999863,1738900,31.07999992,1082600,23,1082600,18.59000015,7278900,16.79999924,7278900
5/6/2010 7:11,29.87999916,128613000,27.90999985,128613000,36.8928566,321465200,28.4642849,321465200,17.45192337,189407700,14.56730747,189407700,1.120000005,155700,1.049999952,155700,3.266000032,735000,3.052400112,735000,31.43000031,6056700,28.95000076,6056700,24.90700912,9026600,21.93132973,9026600,30.37392044,24590800,27.03375053,24590800,7.090000153,21421000,5.699999809,21421000,1.649999976,5900,1.620000005,5900,10.93791485,163100,9.952606201,163100,6.764444351,428100,6.373333454,428100,45.09999847,1738900,42.18999863,1738900,31.07999992,1082600,23,1082600,18.59000015,7278900,16.79999924,7278900
5/6/2010 7:12,29.87999916,128613000,27.90999985,128613000,36.8928566,321465200,28.4642849,321465200,17.45192337,189407700,14.56730747,189407700,1.120000005,155700,1.049999952,155700,3.266000032,735000,3.052400112,735000,31.43000031,6056700,28.95000076,6056700,24.90700912,9026600,21.93132973,9026600,30.37392044,24590800,27.03375053,24590800,7.090000153,21421000,5.699999809,21421000,1.649999976,5900,1.620000005,5900,10.93791485,163100,9.952606201,163100,6.764444351,428100,6.373333454,428100,45.09999847,1738900,42.18999863,1738900,31.07999992,1082600,23,1082600,18.59000015,7278900,16.79999924,7278900
5/6/2010 7:13,29.87999916,128613000,27.90999985,128613000,36.8928566,321465200,28.4642849,321465200,17.45192337,189407700,14.56730747,189407700,1.120000005,155700,1.049999952,155700,3.266000032,735000,3.052400112,735000,31.43000031,6056700,28.95000076,6056700,24.90700912,9026600,21.93132973,9026600,30.37392044,24590800,27.03375053,24590800,7.090000153,21421000,5.699999809,21421000,1.649999976,5900,1.620000005,5900,10.93791485,163100,9.952606201,163100,6.764444351,428100,6.373333454,428100,45.09999847,1738900,42.18999863,1738900,31.07999992,1082600,23,1082600,18.59000015,7278900,16.79999924,7278900
5/6/2010 7:14,29.87999916,128613000,27.90999985,128613000,36.8928566,321465200,28.4642849,321465200,17.45192337,189407700,14.56730747,189407700,1.120000005,155700,1.049999952,155700,3.266000032,735000,3.052400112,735000,31.43000031,6056700,28.95000076,6056700,24.90700912,9026600,21.93132973,9026600,30.37392044,24590800,27.03375053,24590800,7.090000153,21421000,5.699999809,21421000,1.649999976,5900,1.620000005,5900,10.93791485,163100,9.952606201,163100,6.764444351,428100,6.373333454,428100,45.09999847,1738900,42.18999863,1738900,31.07999992,1082600,23,1082600,18.59000015,7278900,16.79999924,7278900
5/6/2010 7:15,29.87999916,128613000,27.90999985,128613000,36.8928566,321465200,28.4642849,321465200,17.45192337,189407700,14.56730747,189407700,1.120000005,155700,1.049999952,155700,3.266000032,735000,3.052400112,735000,31.43000031,6056700,28.95000076,6056700,24.90700912,9026600,21.93132973,9026600,30.37392044,24590800,27.03375053,24590800,7.090000153,21421000,5.699999809,21421000,1.649999976,5900,1.620000005,5900,10.93791485,163100,9.952606201,163100,6.764444351,428100,6.373333454,428100,45.09999847,1738900,42.18999863,1738900,31.07999992,1082600,23,1082600,18.59000015,7278900,16.79999924,7278900
5/6/2010 7:16,29.87999916,128613000,27.90999985,128613000,36.8928566,321465200,28.4642849,321465200,17.45192337,189407700,14.56730747,189407700,1.120000005,155700,1.049999952,155700,3.266000032,735000,3.052400112,735000,31.43000031,6056700,28.95000076,6056700,24.90700912,9026600,21.93132973,9026600,30.37392044,24590800,27.03375053,24590800,7.090000153,21421000,5.699999809,21421000,1.649999976,5900,1.620000005,5900,10.93791485,163100,9.952606201,163100,6.764444351,428100,6.373333454,428100,45.09999847,1738900,42.18999863,1738900,31.07999992,1082600,23,1082600,18.59000015,7278900,16.79999924,7278900
5/6/2010 7:17,29.87999916,128613000,27.90999985,128613000,36.8928566,321465200,28.4642849,321465200,17.45192337,189407700,14.56730747,189407700,1.120000005,155700,1.049999952,155700,3.266000032,735000,3.052400112,735000,31.43000031,6056700,28.95000076,6056700,24.90700912,9026600,21.93132973,9026600,30.37392044,24590800,27.03375053,24590800,7.090000153,21421000,5.699999809,21421000,1.649999976,5900,1.620000005,5900,10.93791485,163100,9.952606201,163100,6.764444351,428100,6.373333454,428100,45.09999847,1738900,42.18999863,1738900,31.07999992,1082600,23,1082600,18.59000015,7278900,16.79999924,7278900
5/6/2010 7:18,29.87999916,128613000,27.90999985,128613000,36.8928566,321465200,28.4642849,321465200,17.45192337,189407700,14.56730747,189407700,1.120000005,155700,1.049999952,155700,3.266000032,735000,3.052400112,735000,31.43000031,6056700,28.95000076,6056700,24.90700912,9026600,21.93132973,9026600,30.37392044,24590800,27.03375053,24590800,7.090000153,21421000,5.699999809,21421000,1.649999976,5900,1.620000005,5900,10.93791485,163100,9.952606201,163100,6.764444351,428100,6.373333454,428100,45.09999847,1738900,42.18999863,1738900,31.07999992,1082600,23,1082600,18.59000015,7278900,16.79999924,7278900
5/6/2010 7:19,29.87999916,128613000,27.90999985,128613000,36.8928566,321465200,28.4642849,321465200,17.45192337,189407700,14.56730747,189407700,1.120000005,155700,1.049999952,155700,3.266000032,735000,3.052400112,735000,31.43000031,6056700,28.95000076,6056700,24.90700912,9026600,21.93132973,9026600,30.37392044,24590800,27.03375053,24590800,7.090000153,21421000,5.699999809,21421000,1.649999976,5900,1.620000005,5900,10.93791485,163100,9.952606201,163100,6.764444351,428100,6.373333454,428100,45.09999847,1738900,42.18999863,1738900,31.07999992,1082600,23,1082600,18.59000015,7278900,16.79999924,7278900
5/6/2010 7:20,29.87999916,128613000,27.90999985,128613000,36.8928566,321465200,28.4642849,321465200,17.45192337,189407700,14.56730747,189407700,1.120000005,155700,1.049999952,155700,3.266000032,735000,3.052400112,735000,31.43000031,6056700,28.95000076,6056700,24.90700912,9026600,21.93132973,9026600,30.37392044,24590800,27.03375053,24590800,7.090000153,21421000,5.699999809,21421000,1.649999976,5900,1.620000005,5900,10.93791485,163100,9.952606201,163100,6.764444351,428100,6.373333454,428100,45.09999847,1738900,42.18999863,1738900,31.07999992,1082600,23,1082600,18.59000015,7278900,16.79999924,7278900
5/6/2010 7:21,29.87999916,128613000,27.90999985,128613000,36.8928566,321465200,28.4642849,321465200,17.45192337,189407700,14.56730747,189407700,1.120000005,155700,1.049999952,155700,3.266000032,735000,3.052400112,735000,31.43000031,6056700,28.95000076,6056700,24.90700912,9026600,21.93132973,9026600,30.37392044,24590800,27.03375053,24590800,7.090000153,21421000,5.699999809,21421000,1.649999976,5900,1.620000005,5900,10.93791485,163100,9.952606201,163100,6.764444351,428100,6.373333454,428100,45.09999847,1738900,42.18999863,1738900,31.07999992,1082600,23,1082600,18.59000015,7278900,16.79999924,7278900
5/6/2010 7:22,29.87999916,128613000,27.90999985,128613000,36.8928566,321465200,28.4642849,321465200,17.45192337,189407700,14.56730747,189407700,1.120000005,155700,1.049999952,155700,3.266000032,735000,3.052400112,735000,31.43000031,6056700,28.95000076,6056700,24.90700912,9026600,21.93132973,9026600,30.37392044,24590800,27.03375053,24590800,7.090000153,21421000,5.699999809,21421000,1.649999976,5900,1.620000005,5900,10.93791485,163100,9.952606201,163100,6.764444351,428100,6.373333454,428100,45.09999847,1738900,42.18999863,1738900,31.07999992,1082600,23,1082600,18.59000015,7278900,16.79999924,7278900
5/6/2010 7:23,29.87999916,128613000,27.90999985,128613000,36.8928566,321465200,28.4642849,321465200,17.45192337,189407700,14.56730747,189407700,1.120000005,155700,1.049999952,155700,3.266000032,735000,3.052400112,735000,31.43000031,6056700,28.95000076,6056700,24.90700912,9026600,21.93132973,9026600,30.37392044,24590800,27.03375053,24590800,7.090000153,21421000,5.699999809,21421000,1.649999976,5900,1.620000005,5900,10.93791485,163100,9.952606201,163100,6.764444351,428100,6.373333454,428100,45.09999847,1738900,42.18999863,1738900,31.07999992,1082600,23,1082600,18.59000015,7278900,16.79999924,7278900
5/6/2010 7:24,29.87999916,128613000,27.90999985,128613000,36.8928566,321465200,28.4642849,321465200,17.45192337,189407700,14.56730747,189407700,1.120000005,155700,1.049999952,155700,3.266000032,735000,3.052400112,735000,31.43000031,6056700,28.95000076,6056700,24.90700912,9026600,21.93132973,9026600,30.37392044,24590800,27.03375053,24590800,7.090000153,21421000,5.699999809,21421000,1.649999976,5900,1.620000005,5900,10.93791485,163100,9.952606201,163100,6.764444351,428100,6.373333454,428100,45.09999847,1738900,42.18999863,1738900,31.07999992,1082600,23,1082600,18.59000015,7278900,16.79999924,7278900
5/6/2010 7:25,29.87999916,128613000,27.90999985,128613000,36.8928566,321465200,28.4642849,321465200,17.45192337,189407700,14.56730747,189407700,1.120000005,155700,1.049999952,155700,3.266000032,735000,3.052400112,735000,31.43000031,6056700,28.95000076,6056700,24.90700912,9026600,21.93132973,9026600,30.37392044,24590800,27.03375053,24590800,7.090000153,21421000,5.699999809,21421000,1.649999976,5900,1.620000005,5900,10.93791485,163100,9.952606201,163100,6.764444351,428100,6.373333454,428100,45.09999847,1738900,42.18999863,1738900,31.07999992,1082600,23,1082600,18.59000015,7278900,16.79999924,7278900
5/6/2010 7:26,29.87999916,128613000,27.90999985,128613000,36.8928566,321465200,28.4642849,321465200,17.45192337,189407700,14.56730747,189407700,1.120000005,155700,1.049999952,155700,3.266000032,735000,3.052400112,735000,31.43000031,6056700,28.95000076,6056700,24.90700912,9026600,21.93132973,9026600,30.37392044,24590800,27.03375053,24590800,7.090000153,21421000,5.699999809,21421000,1.649999976,5900,1.620000005,5900,10.93791485,163100,9.952606201,163100,6.764444351,428100,6.373333454,428100,45.09999847,1738900,42.18999863,1738900,31.07999992,1082600,23,1082600,18.59000015,7278900,16.79999924,7278900
5/6/2010 7:27,29.87999916,128613000,27.90999985,128613000,36.8928566,321465200,28.4642849,321465200,17.45192337,189407700,14.56730747,189407700,1.120000005,155700,1.049999952,155700,3.266000032,735000,3.052400112,735000,31.43000031,6056700,28.95000076,6056700,24.90700912,9026600,21.93132973,9026600,30.37392044,24590800,27.03375053,24590800,7.090000153,21421000,5.699999809,21421000,1.649999976,5900,1.620000005,5900,10.93791485,163100,9.952606201,163100,6.764444351,428100,6.373333454,428100,45.09999847,1738900,42.18999863,1738900,31.07999992,1082600,23,1082600,18.59000015,7278900,16.79999924,7278900
5/6/2010 7:28,29.87999916,128613000,27.90999985,128613000,36.8928566,321465200,28.4642849,321465200,17.45192337,189407700,14.56730747,189407700,1.120000005,155700,1.049999952,155700,3.266000032,735000,3.052400112,735000,31.43000031,6056700,28.95000076,6056700,24.90700912,9026600,21.93132973,9026600,30.37392044,24590800,27.03375053,24590800,7.090000153,21421000,5.699999809,21421000,1.649999976,5900,1.620000005,5900,10.93791485,163100,9.952606201,163100,6.764444351,428100,6.373333454,428100,45.09999847,1738900,42.18999863,1738900,31.07999992,1082600,23,1082600,18.59000015,7278900,16.79999924,7278900
5/6/2010 7:29,29.87999916,128613000,27.90999985,128613000,36.8928566,321465200,28.4642849,321465200,17.45192337,189407700,14.56730747,189407700,1.120000005,155700,1.049999952,155700,3.266000032,735000,3.052400112,735000,31.43000031,6056700,28.95000076,6056700,24.90700912,9026600,21.93132973,9026600,30.37392044,24590800,27.03375053,24590800,7.090000153,21421000,5.699999809,21421000,1.649999976,5900,1.620000005,5900,10.93791485,163100,9.952606201,163100,6.764444351,428100,6.373333454,428100,45.09999847,1738900,42.18999863,1738900,31.07999992,1082600,23,1082600,18.59000015,7278900,16.79999924,7278900
5/6/2010 7:30,29.87999916,128613000,27.90999985,128613000,36.8928566,321465200,28.4642849,321465200,17.45192337,189407700,14.56730747,189407700,1.120000005,155700,1.049999952,155700,3.266000032,735000,3.052400112,735000,31.43000031,6056700,28.95000076,6056700,24.90700912,9026600,21.93132973,9026600,30.37392044,24590800,27.03375053,24590800,7.090000153,21421000,5.699999809,21421000,1.649999976,5900,1.620000005,5900,10.93791485,163100,9.952606201,163100,6.764444351,428100,6.373333454,428100,45.09999847,1738900,42.18999863,1738900,31.07999992,1082600,23,1082600,18.59000015,7278900,16.79999924,7278900
5/6/2010 7:31,29.87999916,128613000,27.90999985,128613000,36.8928566,321465200,28.4642849,321465200,17.45192337,189407700,14.56730747,189407700,1.120000005,155700,1.049999952,155700,3.266000032,735000,3.052400112,735000,31.43000031,6056700,28.95000076,6056700,24.90700912,9026600,21.93132973,9026600,30.37392044,24590800,27.03375053,24590800,7.090000153,21421000,5.699999809,21421000,1.649999976,5900,1.620000005,5900,10.93791485,163100,9.952606201,163100,6.764444351,428100,6.373333454,428100,45.09999847,1738900,42.18999863,1738900,31.07999992,1082600,23,1082600,18.59000015,7278900,16.79999924,7278900
5/6/2010 7:32,29.87999916,128613000,27.90999985,128613000,36.8928566,321465200,28.4642849,321465200,17.45192337,189407700,14.56730747,189407700,1.120000005,155700,1.049999952,155700,3.266000032,735000,3.052400112,735000,31.43000031,6056700,28.95000076,6056700,24.90700912,9026600,21.93132973,9026600,30.37392044,24590800,27.03375053,24590800,7.090000153,21421000,5.699999809,21421000,1.649999976,5900,1.620000005,5900,10.93791485,163100,9.952606201,163100,6.764444351,428100,6.373333454,428100,45.09999847,1738900,42.18999863,1738900,31.07999992,1082600,23,1082600,18.59000015,7278900,16.79999924,7278900
5/6/2010 7:33,29.87999916,128613000,27.90999985,128613000,36.8928566,321465200,28.4642849,321465200,17.45192337,189407700,14.56730747,189407700,1.120000005,155700,1.049999952,155700,3.266000032,735000,3.052400112,735000,31.43000031,6056700,28.95000076,6056700,24.90700912,9026600,21.93132973,9026600,30.37392044,24590800,27.03375053,24590800,7.090000153,21421000,5.699999809,21421000,1.649999976,5900,1.620000005,5900,10.93791485,163100,9.952606201,163100,6.764444351,428100,6.373333454,428100,45.09999847,1738900,42.18999863,1738900,31.07999992,1082600,23,1082600,18.59000015,7278900,16.79999924,7278900
5/6/2010 7:34,29.87999916,128613000,27.90999985,128613000,36.8928566,321465200,28.4642849,321465200,17.45192337,189407700,14.56730747,189407700,1.120000005,155700,1.049999952,155700,3.266000032,735000,3.052400112,735000,31.43000031,6056700,28.95000076,6056700,24.90700912,9026600,21.93132973,9026600,30.37392044,24590800,27.03375053,24590800,7.090000153,21421000,5.699999809,21421000,1.649999976,5900,1.620000005,5900,10.93791485,163100,9.952606201,163100,6.764444351,428100,6.373333454,428100,45.09999847,1738900,42.18999863,1738900,31.07999992,1082600,23,1082600,18.59000015,7278900,16.79999924,7278900
5/6/2010 7:35,29.87999916,128613000,27.90999985,128613000,36.8928566,321465200,28.4642849,321465200,17.45192337,189407700,14.56730747,189407700,1.120000005,155700,1.049999952,155700,3.266000032,735000,3.052400112,735000,31.43000031,6056700,28.95000076,6056700,24.90700912,9026600,21.93132973,9026600,30.37392044,24590800,27.03375053,24590800,7.090000153,21421000,5.699999809,21421000,1.649999976,5900,1.620000005,5900,10.93791485,163100,9.952606201,163100,6.764444351,428100,6.373333454,428100,45.09999847,1738900,42.18999863,1738900,31.07999992,1082600,23,1082600,18.59000015,7278900,16.79999924,7278900
5/6/2010 7:36,29.87999916,128613000,27.90999985,128613000,36.8928566,321465200,28.4642849,321465200,17.45192337,189407700,14.56730747,189407700,1.120000005,155700,1.049999952,155700,3.266000032,735000,3.052400112,735000,31.43000031,6056700,28.95000076,6056700,24.90700912,9026600,21.93132973,9026600,30.37392044,24590800,27.03375053,24590800,7.090000153,21421000,5.699999809,21421000,1.649999976,5900,1.620000005,5900,10.93791485,163100,9.952606201,163100,6.764444351,428100,6.373333454,428100,45.09999847,1738900,42.18999863,1738900,31.07999992,1082600,23,1082600,18.59000015,7278900,16.79999924,7278900
5/6/2010 7:37,29.87999916,128613000,27.90999985,128613000,36.8928566,321465200,28.4642849,321465200,17.45192337,189407700,14.56730747,189407700,1.120000005,155700,1.049999952,155700,3.266000032,735000,3.052400112,735000,31.43000031,6056700,28.95000076,6056700,24.90700912,9026600,21.93132973,9026600,30.37392044,24590800,27.03375053,24590800,7.090000153,21421000,5.699999809,21421000,1.649999976,5900,1.620000005,5900,10.93791485,163100,9.952606201,163100,6.764444351,428100,6.373333454,428100,45.09999847,1738900,42.18999863,1738900,31.07999992,1082600,23,1082600,18.59000015,7278900,16.79999924,7278900
5/6/2010 7:38,29.87999916,128613000,27.90999985,128613000,36.8928566,321465200,28.4642849,321465200,17.45192337,189407700,14.56730747,189407700,1.120000005,155700,1.049999952,155700,3.266000032,735000,3.052400112,735000,31.43000031,6056700,28.95000076,6056700,24.90700912,9026600,21.93132973,9026600,30.37392044,24590800,27.03375053,24590800,7.090000153,21421000,5.699999809,21421000,1.649999976,5900,1.620000005,5900,10.93791485,163100,9.952606201,163100,6.764444351,428100,6.373333454,428100,45.09999847,1738900,42.18999863,1738900,31.07999992,1082600,23,1082600,18.59000015,7278900,16.79999924,7278900
5/6/2010 7:39,29.87999916,128613000,27.90999985,128613000,36.8928566,321465200,28.4642849,321465200,17.45192337,189407700,14.56730747,189407700,1.120000005,155700,1.049999952,155700,3.266000032,735000,3.052400112,735000,31.43000031,6056700,28.95000076,6056700,24.90700912,9026600,21.93132973,9026600,30.37392044,24590800,27.03375053,24590800,7.090000153,21421000,5.699999809,21421000,1.649999976,5900,1.620000005,5900,10.93791485,163100,9.952606201,163100,6.764444351,428100,6.373333454,428100,45.09999847,1738900,42.18999863,1738900,31.07999992,1082600,23,1082600,18.59000015,7278900,16.79999924,7278900
5/6/2010 7:40,29.87999916,128613000,27.90999985,128613000,36.8928566,321465200,28.4642849,321465200,17.45192337,189407700,14.56730747,189407700,1.120000005,155700,1.049999952,155700,3.266000032,735000,3.052400112,735000,31.43000031,6056700,28.95000076,6056700,24.90700912,9026600,21.93132973,9026600,30.37392044,24590800,27.03375053,24590800,7.090000153,21421000,5.699999809,21421000,1.649999976,5900,1.620000005,5900,10.93791485,163100,9.952606201,163100,6.764444351,428100,6.373333454,428100,45.09999847,1738900,42.18999863,1738900,31.07999992,1082600,23,1082600,18.59000015,7278900,16.79999924,7278900
5/6/2010 7:41,29.87999916,128613000,27.90999985,128613000,36.8928566,321465200,28.4642849,321465200,17.45192337,189407700,14.56730747,189407700,1.120000005,155700,1.049999952,155700,3.266000032,735000,3.052400112,735000,31.43000031,6056700,28.95000076,6056700,24.90700912,9026600,21.93132973,9026600,30.37392044,24590800,27.03375053,24590800,7.090000153,21421000,5.699999809,21421000,1.649999976,5900,1.620000005,5900,10.93791485,163100,9.952606201,163100,6.764444351,428100,6.373333454,428100,45.09999847,1738900,42.18999863,1738900,31.07999992,1082600,23,1082600,18.59000015,7278900,16.79999924,7278900
5/6/2010 7:42,29.87999916,128613000,27.90999985,128613000,36.8928566,321465200,28.4642849,321465200,17.45192337,189407700,14.56730747,189407700,1.120000005,155700,1.049999952,155700,3.266000032,735000,3.052400112,735000,31.43000031,6056700,28.95000076,6056700,24.90700912,9026600,21.93132973,9026600,30.37392044,24590800,27.03375053,24590800,7.090000153,21421000,5.699999809,21421000,1.649999976,5900,1.620000005,5900,10.93791485,163100,9.952606201,163100,6.764444351,428100,6.373333454,428100,45.09999847,1738900,42.18999863,1738900,31.07999992,1082600,23,1082600,18.59000015,7278900,16.79999924,7278900
5/6/2010 7:43,29.87999916,128613000,27.90999985,128613000,36.8928566,321465200,28.4642849,321465200,17.45192337,189407700,14.56730747,189407700,1.120000005,155700,1.049999952,155700,3.266000032,735000,3.052400112,735000,31.43000031,6056700,28.95000076,6056700,24.90700912,9026600,21.93132973,9026600,30.37392044,24590800,27.03375053,24590800,7.090000153,21421000,5.699999809,21421000,1.649999976,5900,1.620000005,5900,10.93791485,163100,9.952606201,163100,6.764444351,428100,6.373333454,428100,45.09999847,1738900,42.18999863,1738900,31.07999992,1082600,23,1082600,18.59000015,7278900,16.79999924,7278900
5/6/2010 7:44,29.87999916,128613000,27.90999985,128613000,36.8928566,321465200,28.4642849,321465200,17.45192337,189407700,14.56730747,189407700,1.120000005,155700,1.049999952,155700,3.266000032,735000,3.052400112,735000,31.43000031,6056700,28.95000076,6056700,24.90700912,9026600,21.93132973,9026600,30.37392044,24590800,27.03375053,24590800,7.090000153,21421000,5.699999809,21421000,1.649999976,5900,1.620000005,5900,10.93791485,163100,9.952606201,163100,6.764444351,428100,6.373333454,428100,45.09999847,1738900,42.18999863,1738900,31.07999992,1082600,23,1082600,18.59000015,7278900,16.79999924,7278900
5/6/2010 7:45,29.87999916,128613000,27.90999985,128613000,36.8928566,321465200,28.4642849,321465200,17.45192337,189407700,14.56730747,189407700,1.120000005,155700,1.049999952,155700,3.266000032,735000,3.052400112,735000,31.43000031,6056700,28.95000076,6056700,24.90700912,9026600,21.93132973,9026600,30.37392044,24590800,27.03375053,24590800,7.090000153,21421000,5.699999809,21421000,1.649999976,5900,1.620000005,5900,10.93791485,163100,9.952606201,163100,6.764444351,428100,6.373333454,428100,45.09999847,1738900,42.18999863,1738900,31.07999992,1082600,23,1082600,18.59000015,7278900,16.79999924,7278900
5/6/2010 7:46,29.87999916,128613000,27.90999985,128613000,36.8928566,321465200,28.4642849,321465200,17.45192337,189407700,14.56730747,189407700,1.120000005,155700,1.049999952,155700,3.266000032,735000,3.052400112,735000,31.43000031,6056700,28.95000076,6056700,24.90700912,9026600,21.93132973,9026600,30.37392044,24590800,27.03375053,24590800,7.090000153,21421000,5.699999809,21421000,1.649999976,5900,1.620000005,5900,10.93791485,163100,9.952606201,163100,6.764444351,428100,6.373333454,428100,45.09999847,1738900,42.18999863,1738900,31.07999992,1082600,23,1082600,18.59000015,7278900,16.79999924,7278900
5/6/2010 7:47,29.87999916,128613000,27.90999985,128613000,36.8928566,321465200,28.4642849,321465200,17.45192337,189407700,14.56730747,189407700,1.120000005,155700,1.049999952,155700,3.266000032,735000,3.052400112,735000,31.43000031,6056700,28.95000076,6056700,24.90700912,9026600,21.93132973,9026600,30.37392044,24590800,27.03375053,24590800,7.090000153,21421000,5.699999809,21421000,1.649999976,5900,1.620000005,5900,10.93791485,163100,9.952606201,163100,6.764444351,428100,6.373333454,428100,45.09999847,1738900,42.18999863,1738900,31.07999992,1082600,23,1082600,18.59000015,7278900,16.79999924,7278900
5/6/2010 7:48,29.87999916,128613000,27.90999985,128613000,36.8928566,321465200,28.4642849,321465200,17.45192337,189407700,14.56730747,189407700,1.120000005,155700,1.049999952,155700,3.266000032,735000,3.052400112,735000,31.43000031,6056700,28.95000076,6056700,24.90700912,9026600,21.93132973,9026600,30.37392044,24590800,27.03375053,24590800,7.090000153,21421000,5.699999809,21421000,1.649999976,5900,1.620000005,5900,10.93791485,163100,9.952606201,163100,6.764444351,428100,6.373333454,428100,45.09999847,1738900,42.18999863,1738900,31.07999992,1082600,23,1082600,18.59000015,7278900,16.79999924,7278900
5/6/2010 7:49,29.87999916,128613000,27.90999985,128613000,36.8928566,321465200,28.4642849,321465200,17.45192337,189407700,14.56730747,189407700,1.120000005,155700,1.049999952,155700,3.266000032,735000,3.052400112,735000,31.43000031,6056700,28.95000076,6056700,24.90700912,9026600,21.93132973,9026600,30.37392044,24590800,27.03375053,24590800,7.090000153,21421000,5.699999809,21421000,1.649999976,5900,1.620000005,5900,10.93791485,163100,9.952606201,163100,6.764444351,428100,6.373333454,428100,45.09999847,1738900,42.18999863,1738900,31.07999992,1082600,23,1082600,18.59000015,7278900,16.79999924,7278900
5/6/2010 7:50,29.87999916,128613000,27.90999985,128613000,36.8928566,321465200,28.4642849,321465200,17.45192337,189407700,14.56730747,189407700,1.120000005,155700,1.049999952,155700,3.266000032,735000,3.052400112,735000,31.43000031,6056700,28.95000076,6056700,24.90700912,9026600,21.93132973,9026600,30.37392044,24590800,27.03375053,24590800,7.090000153,21421000,5.699999809,21421000,1.649999976,5900,1.620000005,5900,10.93791485,163100,9.952606201,163100,6.764444351,428100,6.373333454,428100,45.09999847,1738900,42.18999863,1738900,31.07999992,1082600,23,1082600,18.59000015,7278900,16.79999924,7278900
5/6/2010 7:51,29.87999916,128613000,27.90999985,128613000,36.8928566,321465200,28.4642849,321465200,17.45192337,189407700,14.56730747,189407700,1.120000005,155700,1.049999952,155700,3.266000032,735000,3.052400112,735000,31.43000031,6056700,28.95000076,6056700,24.90700912,9026600,21.93132973,9026600,30.37392044,24590800,27.03375053,24590800,7.090000153,21421000,5.699999809,21421000,1.649999976,5900,1.620000005,5900,10.93791485,163100,9.952606201,163100,6.764444351,428100,6.373333454,428100,45.09999847,1738900,42.18999863,1738900,31.07999992,1082600,23,1082600,18.59000015,7278900,16.79999924,7278900
5/6/2010 7:52,29.87999916,128613000,27.90999985,128613000,36.8928566,321465200,28.4642849,321465200,17.45192337,189407700,14.56730747,189407700,1.120000005,155700,1.049999952,155700,3.266000032,735000,3.052400112,735000,31.43000031,6056700,28.95000076,6056700,24.90700912,9026600,21.93132973,9026600,30.37392044,24590800,27.03375053,24590800,7.090000153,21421000,5.699999809,21421000,1.649999976,5900,1.620000005,5900,10.93791485,163100,9.952606201,163100,6.764444351,428100,6.373333454,428100,45.09999847,1738900,42.18999863,1738900,31.07999992,1082600,23,1082600,18.59000015,7278900,16.79999924,7278900
5/6/2010 7:53,29.87999916,128613000,27.90999985,128613000,36.8928566,321465200,28.4642849,321465200,17.45192337,189407700,14.56730747,189407700,1.120000005,155700,1.049999952,155700,3.266000032,735000,3.052400112,735000,31.43000031,6056700,28.95000076,6056700,24.90700912,9026600,21.93132973,9026600,30.37392044,24590800,27.03375053,24590800,7.090000153,21421000,5.699999809,21421000,1.649999976,5900,1.620000005,5900,10.93791485,163100,9.952606201,163100,6.764444351,428100,6.373333454,428100,45.09999847,1738900,42.18999863,1738900,31.07999992,1082600,23,1082600,18.59000015,7278900,16.79999924,7278900
5/6/2010 7:54,29.87999916,128613000,27.90999985,128613000,36.8928566,321465200,28.4642849,321465200,17.45192337,189407700,14.56730747,189407700,1.120000005,155700,1.049999952,155700,3.266000032,735000,3.052400112,735000,31.43000031,6056700,28.95000076,6056700,24.90700912,9026600,21.93132973,9026600,30.37392044,24590800,27.03375053,24590800,7.090000153,21421000,5.699999809,21421000,1.649999976,5900,1.620000005,5900,10.93791485,163100,9.952606201,163100,6.764444351,428100,6.373333454,428100,45.09999847,1738900,42.18999863,1738900,31.07999992,1082600,23,1082600,18.59000015,7278900,16.79999924,7278900
5/6/2010 7:55,29.87999916,128613000,27.90999985,128613000,36.8928566,321465200,28.4642849,321465200,17.45192337,189407700,14.56730747,189407700,1.120000005,155700,1.049999952,155700,3.266000032,735000,3.052400112,735000,31.43000031,6056700,28.95000076,6056700,24.90700912,9026600,21.93132973,9026600,30.37392044,24590800,27.03375053,24590800,7.090000153,21421000,5.699999809,21421000,1.649999976,5900,1.620000005,5900,10.93791485,163100,9.952606201,163100,6.764444351,428100,6.373333454,428100,45.09999847,1738900,42.18999863,1738900,31.07999992,1082600,23,1082600,18.59000015,7278900,16.79999924,7278900
5/6/2010 7:56,29.87999916,128613000,27.90999985,128613000,36.8928566,321465200,28.4642849,321465200,17.45192337,189407700,14.56730747,189407700,1.120000005,155700,1.049999952,155700,3.266000032,735000,3.052400112,735000,31.43000031,6056700,28.95000076,6056700,24.90700912,9026600,21.93132973,9026600,30.37392044,24590800,27.03375053,24590800,7.090000153,21421000,5.699999809,21421000,1.649999976,5900,1.620000005,5900,10.93791485,163100,9.952606201,163100,6.764444351,428100,6.373333454,428100,45.09999847,1738900,42.18999863,1738900,31.07999992,1082600,23,1082600,18.59000015,7278900,16.79999924,7278900
5/6/2010 7:57,29.87999916,128613000,27.90999985,128613000,36.8928566,321465200,28.4642849,321465200,17.45192337,189407700,14.56730747,189407700,1.120000005,155700,1.049999952,155700,3.266000032,735000,3.052400112,735000,31.43000031,6056700,28.95000076,6056700,24.90700912,9026600,21.93132973,9026600,30.37392044,24590800,27.03375053,24590800,7.090000153,21421000,5.699999809,21421000,1.649999976,5900,1.620000005,5900,10.93791485,163100,9.952606201,163100,6.764444351,428100,6.373333454,428100,45.09999847,1738900,42.18999863,1738900,31.07999992,1082600,23,1082600,18.59000015,7278900,16.79999924,7278900
5/6/2010 7:58,29.87999916,128613000,27.90999985,128613000,36.8928566,321465200,28.4642849,321465200,17.45192337,189407700,14.56730747,189407700,1.120000005,155700,1.049999952,155700,3.266000032,735000,3.052400112,735000,31.43000031,6056700,28.95000076,6056700,24.90700912,9026600,21.93132973,9026600,30.37392044,24590800,27.03375053,24590800,7.090000153,21421000,5.699999809,21421000,1.649999976,5900,1.620000005,5900,10.93791485,163100,9.952606201,163100,6.764444351,428100,6.373333454,428100,45.09999847,1738900,42.18999863,1738900,31.07999992,1082600,23,1082600,18.59000015,7278900,16.79999924,7278900
5/6/2010 7:59,29.87999916,128613000,27.90999985,128613000,36.8928566,321465200,28.4642849,321465200,17.45192337,189407700,14.56730747,189407700,1.120000005,155700,1.049999952,155700,3.266000032,735000,3.052400112,735000,31.43000031,6056700,28.95000076,6056700,24.90700912,9026600,21.93132973,9026600,30.37392044,24590800,27.03375053,24590800,7.090000153,21421000,5.699999809,21421000,1.649999976,5900,1.620000005,5900,10.93791485,163100,9.952606201,163100,6.764444351,428100,6.373333454,428100,45.09999847,1738900,42.18999863,1738900,31.07999992,1082600,23,1082600,18.59000015,7278900,16.79999924,7278900
5/6/2010 8:00,29.87999916,128613000,27.90999985,128613000,36.8928566,321465200,28.4642849,321465200,17.45192337,189407700,14.56730747,189407700,1.120000005,155700,1.049999952,155700,3.266000032,735000,3.052400112,735000,31.43000031,6056700,28.95000076,6056700,24.90700912,9026600,21.93132973,9026600,30.37392044,24590800,27.03375053,24590800,7.090000153,21421000,5.699999809,21421000,1.649999976,5900,1.620000005,5900,10.93791485,163100,9.952606201,163100,6.764444351,428100,6.373333454,428100,45.09999847,1738900,42.18999863,1738900,31.07999992,1082600,23,1082600,18.59000015,7278900,16.79999924,7278900
5/6/2010 8:01,29.87999916,128613000,27.90999985,128613000,36.8928566,321465200,28.4642849,321465200,17.45192337,189407700,14.56730747,189407700,1.120000005,155700,1.049999952,155700,3.266000032,735000,3.052400112,735000,31.43000031,6056700,28.95000076,6056700,24.90700912,9026600,21.93132973,9026600,30.37392044,24590800,27.03375053,24590800,7.090000153,21421000,5.699999809,21421000,1.649999976,5900,1.620000005,5900,10.93791485,163100,9.952606201,163100,6.764444351,428100,6.373333454,428100,45.09999847,1738900,42.18999863,1738900,31.07999992,1082600,23,1082600,18.59000015,7278900,16.79999924,7278900
5/6/2010 8:02,29.87999916,128613000,27.90999985,128613000,36.8928566,321465200,28.4642849,321465200,17.45192337,189407700,14.56730747,189407700,1.120000005,155700,1.049999952,155700,3.266000032,735000,3.052400112,735000,31.43000031,6056700,28.95000076,6056700,24.90700912,9026600,21.93132973,9026600,30.37392044,24590800,27.03375053,24590800,7.090000153,21421000,5.699999809,21421000,1.649999976,5900,1.620000005,5900,10.93791485,163100,9.952606201,163100,6.764444351,428100,6.373333454,428100,45.09999847,1738900,42.18999863,1738900,31.07999992,1082600,23,1082600,18.59000015,7278900,16.79999924,7278900
5/6/2010 8:03,29.87999916,128613000,27.90999985,128613000,36.8928566,321465200,28.4642849,321465200,17.45192337,189407700,14.56730747,189407700,1.120000005,155700,1.049999952,155700,3.266000032,735000,3.052400112,735000,31.43000031,6056700,28.95000076,6056700,24.90700912,9026600,21.93132973,9026600,30.37392044,24590800,27.03375053,24590800,7.090000153,21421000,5.699999809,21421000,1.649999976,5900,1.620000005,5900,10.93791485,163100,9.952606201,163100,6.764444351,428100,6.373333454,428100,45.09999847,1738900,42.18999863,1738900,31.07999992,1082600,23,1082600,18.59000015,7278900,16.79999924,7278900
5/6/2010 8:04,29.87999916,128613000,27.90999985,128613000,36.8928566,321465200,28.4642849,321465200,17.45192337,189407700,14.56730747,189407700,1.120000005,155700,1.049999952,155700,3.266000032,735000,3.052400112,735000,31.43000031,6056700,28.95000076,6056700,24.90700912,9026600,21.93132973,9026600,30.37392044,24590800,27.03375053,24590800,7.090000153,21421000,5.699999809,21421000,1.649999976,5900,1.620000005,5900,10.93791485,163100,9.952606201,163100,6.764444351,428100,6.373333454,428100,45.09999847,1738900,42.18999863,1738900,31.07999992,1082600,23,1082600,18.59000015,7278900,16.79999924,7278900
5/6/2010 8:05,29.87999916,128613000,27.90999985,128613000,36.8928566,321465200,28.4642849,321465200,17.45192337,189407700,14.56730747,189407700,1.120000005,155700,1.049999952,155700,3.266000032,735000,3.052400112,735000,31.43000031,6056700,28.95000076,6056700,24.90700912,9026600,21.93132973,9026600,30.37392044,24590800,27.03375053,24590800,7.090000153,21421000,5.699999809,21421000,1.649999976,5900,1.620000005,5900,10.93791485,163100,9.952606201,163100,6.764444351,428100,6.373333454,428100,45.09999847,1738900,42.18999863,1738900,31.07999992,1082600,23,1082600,18.59000015,7278900,16.79999924,7278900
5/6/2010 8:06,29.87999916,128613000,27.90999985,128613000,36.8928566,321465200,28.4642849,321465200,17.45192337,189407700,14.56730747,189407700,1.120000005,155700,1.049999952,155700,3.266000032,735000,3.052400112,735000,31.43000031,6056700,28.95000076,6056700,24.90700912,9026600,21.93132973,9026600,30.37392044,24590800,27.03375053,24590800,7.090000153,21421000,5.699999809,21421000,1.649999976,5900,1.620000005,5900,10.93791485,163100,9.952606201,163100,6.764444351,428100,6.373333454,428100,45.09999847,1738900,42.18999863,1738900,31.07999992,1082600,23,1082600,18.59000015,7278900,16.79999924,7278900
5/6/2010 8:07,29.87999916,128613000,27.90999985,128613000,36.8928566,321465200,28.4642849,321465200,17.45192337,189407700,14.56730747,189407700,1.120000005,155700,1.049999952,155700,3.266000032,735000,3.052400112,735000,31.43000031,6056700,28.95000076,6056700,24.90700912,9026600,21.93132973,9026600,30.37392044,24590800,27.03375053,24590800,7.090000153,21421000,5.699999809,21421000,1.649999976,5900,1.620000005,5900,10.93791485,163100,9.952606201,163100,6.764444351,428100,6.373333454,428100,45.09999847,1738900,42.18999863,1738900,31.07999992,1082600,23,1082600,18.59000015,7278900,16.79999924,7278900
5/6/2010 8:08,29.87999916,128613000,27.90999985,128613000,36.8928566,321465200,28.4642849,321465200,17.45192337,189407700,14.56730747,189407700,1.120000005,155700,1.049999952,155700,3.266000032,735000,3.052400112,735000,31.43000031,6056700,28.95000076,6056700,24.90700912,9026600,21.93132973,9026600,30.37392044,24590800,27.03375053,24590800,7.090000153,21421000,5.699999809,21421000,1.649999976,5900,1.620000005,5900,10.93791485,163100,9.952606201,163100,6.764444351,428100,6.373333454,428100,45.09999847,1738900,42.18999863,1738900,31.07999992,1082600,23,1082600,18.59000015,7278900,16.79999924,7278900
5/6/2010 8:09,29.87999916,128613000,27.90999985,128613000,36.8928566,321465200,28.4642849,321465200,17.45192337,189407700,14.56730747,189407700,1.120000005,155700,1.049999952,155700,3.266000032,735000,3.052400112,735000,31.43000031,6056700,28.95000076,6056700,24.90700912,9026600,21.93132973,9026600,30.37392044,24590800,27.03375053,24590800,7.090000153,21421000,5.699999809,21421000,1.649999976,5900,1.620000005,5900,10.93791485,163100,9.952606201,163100,6.764444351,428100,6.373333454,428100,45.09999847,1738900,42.18999863,1738900,31.07999992,1082600,23,1082600,18.59000015,7278900,16.79999924,7278900
5/6/2010 8:10,29.87999916,128613000,27.90999985,128613000,36.8928566,321465200,28.4642849,321465200,17.45192337,189407700,14.56730747,189407700,1.120000005,155700,1.049999952,155700,3.266000032,735000,3.052400112,735000,31.43000031,6056700,28.95000076,6056700,24.90700912,9026600,21.93132973,9026600,30.37392044,24590800,27.03375053,24590800,7.090000153,21421000,5.699999809,21421000,1.649999976,5900,1.620000005,5900,10.93791485,163100,9.952606201,163100,6.764444351,428100,6.373333454,428100,45.09999847,1738900,42.18999863,1738900,31.07999992,1082600,23,1082600,18.59000015,7278900,16.79999924,7278900
5/6/2010 8:11,29.87999916,128613000,27.90999985,128613000,36.8928566,321465200,28.4642849,321465200,17.45192337,189407700,14.56730747,189407700,1.120000005,155700,1.049999952,155700,3.266000032,735000,3.052400112,735000,31.43000031,6056700,28.95000076,6056700,24.90700912,9026600,21.93132973,9026600,30.37392044,24590800,27.03375053,24590800,7.090000153,21421000,5.699999809,21421000,1.649999976,5900,1.620000005,5900,10.93791485,163100,9.952606201,163100,6.764444351,428100,6.373333454,428100,45.09999847,1738900,42.18999863,1738900,31.07999992,1082600,23,1082600,18.59000015,7278900,16.79999924,7278900
5/6/2010 8:12,29.87999916,128613000,27.90999985,128613000,36.8928566,321465200,28.4642849,321465200,17.45192337,189407700,14.56730747,189407700,1.120000005,155700,1.049999952,155700,3.266000032,735000,3.052400112,735000,31.43000031,6056700,28.95000076,6056700,24.90700912,9026600,21.93132973,9026600,30.37392044,24590800,27.03375053,24590800,7.090000153,21421000,5.699999809,21421000,1.649999976,5900,1.620000005,5900,10.93791485,163100,9.952606201,163100,6.764444351,428100,6.373333454,428100,45.09999847,1738900,42.18999863,1738900,31.07999992,1082600,23,1082600,18.59000015,7278900,16.79999924,7278900
5/6/2010 8:13,29.87999916,128613000,27.90999985,128613000,36.8928566,321465200,28.4642849,321465200,17.45192337,189407700,14.56730747,189407700,1.120000005,155700,1.049999952,155700,3.266000032,735000,3.052400112,735000,31.43000031,6056700,28.95000076,6056700,24.90700912,9026600,21.93132973,9026600,30.37392044,24590800,27.03375053,24590800,7.090000153,21421000,5.699999809,21421000,1.649999976,5900,1.620000005,5900,10.93791485,163100,9.952606201,163100,6.764444351,428100,6.373333454,428100,45.09999847,1738900,42.18999863,1738900,31.07999992,1082600,23,1082600,18.59000015,7278900,16.79999924,7278900
5/6/2010 8:14,29.87999916,128613000,27.90999985,128613000,36.8928566,321465200,28.4642849,321465200,17.45192337,189407700,14.56730747,189407700,1.120000005,155700,1.049999952,155700,3.266000032,735000,3.052400112,735000,31.43000031,6056700,28.95000076,6056700,24.90700912,9026600,21.93132973,9026600,30.37392044,24590800,27.03375053,24590800,7.090000153,21421000,5.699999809,21421000,1.649999976,5900,1.620000005,5900,10.93791485,163100,9.952606201,163100,6.764444351,428100,6.373333454,428100,45.09999847,1738900,42.18999863,1738900,31.07999992,1082600,23,1082600,18.59000015,7278900,16.79999924,7278900
5/6/2010 8:15,29.87999916,128613000,27.90999985,128613000,36.8928566,321465200,28.4642849,321465200,17.45192337,189407700,14.56730747,189407700,1.120000005,155700,1.049999952,155700,3.266000032,735000,3.052400112,735000,31.43000031,6056700,28.95000076,6056700,24.90700912,9026600,21.93132973,9026600,30.37392044,24590800,27.03375053,24590800,7.090000153,21421000,5.699999809,21421000,1.649999976,5900,1.620000005,5900,10.93791485,163100,9.952606201,163100,6.764444351,428100,6.373333454,428100,45.09999847,1738900,42.18999863,1738900,31.07999992,1082600,23,1082600,18.59000015,7278900,16.79999924,7278900
5/6/2010 8:16,29.87999916,128613000,27.90999985,128613000,36.8928566,321465200,28.4642849,321465200,17.45192337,189407700,14.56730747,189407700,1.120000005,155700,1.049999952,155700,3.266000032,735000,3.052400112,735000,31.43000031,6056700,28.95000076,6056700,24.90700912,9026600,21.93132973,9026600,30.37392044,24590800,27.03375053,24590800,7.090000153,21421000,5.699999809,21421000,1.649999976,5900,1.620000005,5900,10.93791485,163100,9.952606201,163100,6.764444351,428100,6.373333454,428100,45.09999847,1738900,42.18999863,1738900,31.07999992,1082600,23,1082600,18.59000015,7278900,16.79999924,7278900
5/6/2010 8:17,29.87999916,128613000,27.90999985,128613000,36.8928566,321465200,28.4642849,321465200,17.45192337,189407700,14.56730747,189407700,1.120000005,155700,1.049999952,155700,3.266000032,735000,3.052400112,735000,31.43000031,6056700,28.95000076,6056700,24.90700912,9026600,21.93132973,9026600,30.37392044,24590800,27.03375053,24590800,7.090000153,21421000,5.699999809,21421000,1.649999976,5900,1.620000005,5900,10.93791485,163100,9.952606201,163100,6.764444351,428100,6.373333454,428100,45.09999847,1738900,42.18999863,1738900,31.07999992,1082600,23,1082600,18.59000015,7278900,16.79999924,7278900
5/6/2010 8:18,29.87999916,128613000,27.90999985,128613000,36.8928566,321465200,28.4642849,321465200,17.45192337,189407700,14.56730747,189407700,1.120000005,155700,1.049999952,155700,3.266000032,735000,3.052400112,735000,31.43000031,6056700,28.95000076,6056700,24.90700912,9026600,21.93132973,9026600,30.37392044,24590800,27.03375053,24590800,7.090000153,21421000,5.699999809,21421000,1.649999976,5900,1.620000005,5900,10.93791485,163100,9.952606201,163100,6.764444351,428100,6.373333454,428100,45.09999847,1738900,42.18999863,1738900,31.07999992,1082600,23,1082600,18.59000015,7278900,16.79999924,7278900
5/6/2010 8:19,29.87999916,128613000,27.90999985,128613000,36.8928566,321465200,28.4642849,321465200,17.45192337,189407700,14.56730747,189407700,1.120000005,155700,1.049999952,155700,3.266000032,735000,3.052400112,735000,31.43000031,6056700,28.95000076,6056700,24.90700912,9026600,21.93132973,9026600,30.37392044,24590800,27.03375053,24590800,7.090000153,21421000,5.699999809,21421000,1.649999976,5900,1.620000005,5900,10.93791485,163100,9.952606201,163100,6.764444351,428100,6.373333454,428100,45.09999847,1738900,42.18999863,1738900,31.07999992,1082600,23,1082600,18.59000015,7278900,16.79999924,7278900
5/6/2010 8:20,29.87999916,128613000,27.90999985,128613000,36.8928566,321465200,28.4642849,321465200,17.45192337,189407700,14.56730747,189407700,1.120000005,155700,1.049999952,155700,3.266000032,735000,3.052400112,735000,31.43000031,6056700,28.95000076,6056700,24.90700912,9026600,21.93132973,9026600,30.37392044,24590800,27.03375053,24590800,7.090000153,21421000,5.699999809,21421000,1.649999976,5900,1.620000005,5900,10.93791485,163100,9.952606201,163100,6.764444351,428100,6.373333454,428100,45.09999847,1738900,42.18999863,1738900,31.07999992,1082600,23,1082600,18.59000015,7278900,16.79999924,7278900
5/6/2010 8:21,29.87999916,128613000,27.90999985,128613000,36.8928566,321465200,28.4642849,321465200,17.45192337,189407700,14.56730747,189407700,1.120000005,155700,1.049999952,155700,3.266000032,735000,3.052400112,735000,31.43000031,6056700,28.95000076,6056700,24.90700912,9026600,21.93132973,9026600,30.37392044,24590800,27.03375053,24590800,7.090000153,21421000,5.699999809,21421000,1.649999976,5900,1.620000005,5900,10.93791485,163100,9.952606201,163100,6.764444351,428100,6.373333454,428100,45.09999847,1738900,42.18999863,1738900,31.07999992,1082600,23,1082600,18.59000015,7278900,16.79999924,7278900
5/6/2010 8:22,29.87999916,128613000,27.90999985,128613000,36.8928566,321465200,28.4642849,321465200,17.45192337,189407700,14.56730747,189407700,1.120000005,155700,1.049999952,155700,3.266000032,735000,3.052400112,735000,31.43000031,6056700,28.95000076,6056700,24.90700912,9026600,21.93132973,9026600,30.37392044,24590800,27.03375053,24590800,7.090000153,21421000,5.699999809,21421000,1.649999976,5900,1.620000005,5900,10.93791485,163100,9.952606201,163100,6.764444351,428100,6.373333454,428100,45.09999847,1738900,42.18999863,1738900,31.07999992,1082600,23,1082600,18.59000015,7278900,16.79999924,7278900
5/6/2010 8:23,29.87999916,128613000,27.90999985,128613000,36.8928566,321465200,28.4642849,321465200,17.45192337,189407700,14.56730747,189407700,1.120000005,155700,1.049999952,155700,3.266000032,735000,3.052400112,735000,31.43000031,6056700,28.95000076,6056700,24.90700912,9026600,21.93132973,9026600,30.37392044,24590800,27.03375053,24590800,7.090000153,21421000,5.699999809,21421000,1.649999976,5900,1.620000005,5900,10.93791485,163100,9.952606201,163100,6.764444351,428100,6.373333454,428100,45.09999847,1738900,42.18999863,1738900,31.07999992,1082600,23,1082600,18.59000015,7278900,16.79999924,7278900
5/6/2010 8:24,29.87999916,128613000,27.90999985,128613000,36.8928566,321465200,28.4642849,321465200,17.45192337,189407700,14.56730747,189407700,1.120000005,155700,1.049999952,155700,3.266000032,735000,3.052400112,735000,31.43000031,6056700,28.95000076,6056700,24.90700912,9026600,21.93132973,9026600,30.37392044,24590800,27.03375053,24590800,7.090000153,21421000,5.699999809,21421000,1.649999976,5900,1.620000005,5900,10.93791485,163100,9.952606201,163100,6.764444351,428100,6.373333454,428100,45.09999847,1738900,42.18999863,1738900,31.07999992,1082600,23,1082600,18.59000015,7278900,16.79999924,7278900
5/6/2010 8:25,29.87999916,128613000,27.90999985,128613000,36.8928566,321465200,28.4642849,321465200,17.45192337,189407700,14.56730747,189407700,1.120000005,155700,1.049999952,155700,3.266000032,735000,3.052400112,735000,31.43000031,6056700,28.95000076,6056700,24.90700912,9026600,21.93132973,9026600,30.37392044,24590800,27.03375053,24590800,7.090000153,21421000,5.699999809,21421000,1.649999976,5900,1.620000005,5900,10.93791485,163100,9.952606201,163100,6.764444351,428100,6.373333454,428100,45.09999847,1738900,42.18999863,1738900,31.07999992,1082600,23,1082600,18.59000015,7278900,16.79999924,7278900
5/6/2010 8:26,29.87999916,128613000,27.90999985,128613000,36.8928566,321465200,28.4642849,321465200,17.45192337,189407700,14.56730747,189407700,1.120000005,155700,1.049999952,155700,3.266000032,735000,3.052400112,735000,31.43000031,6056700,28.95000076,6056700,24.90700912,9026600,21.93132973,9026600,30.37392044,24590800,27.03375053,24590800,7.090000153,21421000,5.699999809,21421000,1.649999976,5900,1.620000005,5900,10.93791485,163100,9.952606201,163100,6.764444351,428100,6.373333454,428100,45.09999847,1738900,42.18999863,1738900,31.07999992,1082600,23,1082600,18.59000015,7278900,16.79999924,7278900
5/6/2010 8:27,29.87999916,128613000,27.90999985,128613000,36.8928566,321465200,28.4642849,321465200,17.45192337,189407700,14.56730747,189407700,1.120000005,155700,1.049999952,155700,3.266000032,735000,3.052400112,735000,31.43000031,6056700,28.95000076,6056700,24.90700912,9026600,21.93132973,9026600,30.37392044,24590800,27.03375053,24590800,7.090000153,21421000,5.699999809,21421000,1.649999976,5900,1.620000005,5900,10.93791485,163100,9.952606201,163100,6.764444351,428100,6.373333454,428100,45.09999847,1738900,42.18999863,1738900,31.07999992,1082600,23,1082600,18.59000015,7278900,16.79999924,7278900
5/6/2010 8:28,29.87999916,128613000,27.90999985,128613000,36.8928566,321465200,28.4642849,321465200,17.45192337,189407700,14.56730747,189407700,1.120000005,155700,1.049999952,155700,3.266000032,735000,3.052400112,735000,31.43000031,6056700,28.95000076,6056700,24.90700912,9026600,21.93132973,9026600,30.37392044,24590800,27.03375053,24590800,7.090000153,21421000,5.699999809,21421000,1.649999976,5900,1.620000005,5900,10.93791485,163100,9.952606201,163100,6.764444351,428100,6.373333454,428100,45.09999847,1738900,42.18999863,1738900,31.07999992,1082600,23,1082600,18.59000015,7278900,16.79999924,7278900
5/6/2010 8:29,29.87999916,128613000,27.90999985,128613000,36.8928566,321465200,28.4642849,321465200,17.45192337,189407700,14.56730747,189407700,1.120000005,155700,1.049999952,155700,3.266000032,735000,3.052400112,735000,31.43000031,6056700,28.95000076,6056700,24.90700912,9026600,21.93132973,9026600,30.37392044,24590800,27.03375053,24590800,7.090000153,21421000,5.699999809,21421000,1.649999976,5900,1.620000005,5900,10.93791485,163100,9.952606201,163100,6.764444351,428100,6.373333454,428100,45.09999847,1738900,42.18999863,1738900,31.07999992,1082600,23,1082600,18.59000015,7278900,16.79999924,7278900
5/6/2010 8:30,29.87999916,128613000,27.90999985,128613000,36.8928566,321465200,28.4642849,321465200,17.45192337,189407700,14.56730747,189407700,1.120000005,155700,1.049999952,155700,3.266000032,735000,3.052400112,735000,31.43000031,6056700,28.95000076,6056700,24.90700912,9026600,21.93132973,9026600,30.37392044,24590800,27.03375053,24590800,7.090000153,21421000,5.699999809,21421000,1.649999976,5900,1.620000005,5900,10.93791485,163100,9.952606201,163100,6.764444351,428100,6.373333454,428100,45.09999847,1738900,42.18999863,1738900,31.07999992,1082600,23,1082600,18.59000015,7278900,16.79999924,7278900
5/6/2010 8:31,29.87999916,128613000,27.90999985,128613000,36.8928566,321465200,28.4642849,321465200,17.45192337,189407700,14.56730747,189407700,1.120000005,155700,1.049999952,155700,3.266000032,735000,3.052400112,735000,31.43000031,6056700,28.95000076,6056700,24.90700912,9026600,21.93132973,9026600,30.37392044,24590800,27.03375053,24590800,7.090000153,21421000,5.699999809,21421000,1.649999976,5900,1.620000005,5900,10.93791485,163100,9.952606201,163100,6.764444351,428100,6.373333454,428100,45.09999847,1738900,42.18999863,1738900,31.07999992,1082600,23,1082600,18.59000015,7278900,16.79999924,7278900
5/6/2010 8:32,29.87999916,128613000,27.90999985,128613000,36.8928566,321465200,28.4642849,321465200,17.45192337,189407700,14.56730747,189407700,1.120000005,155700,1.049999952,155700,3.266000032,735000,3.052400112,735000,31.43000031,6056700,28.95000076,6056700,24.90700912,9026600,21.93132973,9026600,30.37392044,24590800,27.03375053,24590800,7.090000153,21421000,5.699999809,21421000,1.649999976,5900,1.620000005,5900,10.93791485,163100,9.952606201,163100,6.764444351,428100,6.373333454,428100,45.09999847,1738900,42.18999863,1738900,31.07999992,1082600,23,1082600,18.59000015,7278900,16.79999924,7278900
5/6/2010 8:33,29.87999916,128613000,27.90999985,128613000,36.8928566,321465200,28.4642849,321465200,17.45192337,189407700,14.56730747,189407700,1.120000005,155700,1.049999952,155700,3.266000032,735000,3.052400112,735000,31.43000031,6056700,28.95000076,6056700,24.90700912,9026600,21.93132973,9026600,30.37392044,24590800,27.03375053,24590800,7.090000153,21421000,5.699999809,21421000,1.649999976,5900,1.620000005,5900,10.93791485,163100,9.952606201,163100,6.764444351,428100,6.373333454,428100,45.09999847,1738900,42.18999863,1738900,31.07999992,1082600,23,1082600,18.59000015,7278900,16.79999924,7278900
5/6/2010 8:34,29.87999916,128613000,27.90999985,128613000,36.8928566,321465200,28.4642849,321465200,17.45192337,189407700,14.56730747,189407700,1.120000005,155700,1.049999952,155700,3.266000032,735000,3.052400112,735000,31.43000031,6056700,28.95000076,6056700,24.90700912,9026600,21.93132973,9026600,30.37392044,24590800,27.03375053,24590800,7.090000153,21421000,5.699999809,21421000,1.649999976,5900,1.620000005,5900,10.93791485,163100,9.952606201,163100,6.764444351,428100,6.373333454,428100,45.09999847,1738900,42.18999863,1738900,31.07999992,1082600,23,1082600,18.59000015,7278900,16.79999924,7278900
5/6/2010 8:35,29.87999916,128613000,27.90999985,128613000,36.8928566,321465200,28.4642849,321465200,17.45192337,189407700,14.56730747,189407700,1.120000005,155700,1.049999952,155700,3.266000032,735000,3.052400112,735000,31.43000031,6056700,28.95000076,6056700,24.90700912,9026600,21.93132973,9026600,30.37392044,24590800,27.03375053,24590800,7.090000153,21421000,5.699999809,21421000,1.649999976,5900,1.620000005,5900,10.93791485,163100,9.952606201,163100,6.764444351,428100,6.373333454,428100,45.09999847,1738900,42.18999863,1738900,31.07999992,1082600,23,1082600,18.59000015,7278900,16.79999924,7278900
5/6/2010 8:36,29.87999916,128613000,27.90999985,128613000,36.8928566,321465200,28.4642849,321465200,17.45192337,189407700,14.56730747,189407700,1.120000005,155700,1.049999952,155700,3.266000032,735000,3.052400112,735000,31.43000031,6056700,28.95000076,6056700,24.90700912,9026600,21.93132973,9026600,30.37392044,24590800,27.03375053,24590800,7.090000153,21421000,5.699999809,21421000,1.649999976,5900,1.620000005,5900,10.93791485,163100,9.952606201,163100,6.764444351,428100,6.373333454,428100,45.09999847,1738900,42.18999863,1738900,31.07999992,1082600,23,1082600,18.59000015,7278900,16.79999924,7278900
5/6/2010 8:37,29.87999916,128613000,27.90999985,128613000,36.8928566,321465200,28.4642849,321465200,17.45192337,189407700,14.56730747,189407700,1.120000005,155700,1.049999952,155700,3.266000032,735000,3.052400112,735000,31.43000031,6056700,28.95000076,6056700,24.90700912,9026600,21.93132973,9026600,30.37392044,24590800,27.03375053,24590800,7.090000153,21421000,5.699999809,21421000,1.649999976,5900,1.620000005,5900,10.93791485,163100,9.952606201,163100,6.764444351,428100,6.373333454,428100,45.09999847,1738900,42.18999863,1738900,31.07999992,1082600,23,1082600,18.59000015,7278900,16.79999924,7278900
5/6/2010 8:38,29.87999916,128613000,27.90999985,128613000,36.8928566,321465200,28.4642849,321465200,17.45192337,189407700,14.56730747,189407700,1.120000005,155700,1.049999952,155700,3.266000032,735000,3.052400112,735000,31.43000031,6056700,28.95000076,6056700,24.90700912,9026600,21.93132973,9026600,30.37392044,24590800,27.03375053,24590800,7.090000153,21421000,5.699999809,21421000,1.649999976,5900,1.620000005,5900,10.93791485,163100,9.952606201,163100,6.764444351,428100,6.373333454,428100,45.09999847,1738900,42.18999863,1738900,31.07999992,1082600,23,1082600,18.59000015,7278900,16.79999924,7278900
5/6/2010 8:39,29.87999916,128613000,27.90999985,128613000,36.8928566,321465200,28.4642849,321465200,17.45192337,189407700,14.56730747,189407700,1.120000005,155700,1.049999952,155700,3.266000032,735000,3.052400112,735000,31.43000031,6056700,28.95000076,6056700,24.90700912,9026600,21.93132973,9026600,30.37392044,24590800,27.03375053,24590800,7.090000153,21421000,5.699999809,21421000,1.649999976,5900,1.620000005,5900,10.93791485,163100,9.952606201,163100,6.764444351,428100,6.373333454,428100,45.09999847,1738900,42.18999863,1738900,31.07999992,1082600,23,1082600,18.59000015,7278900,16.79999924,7278900
5/6/2010 8:40,29.87999916,128613000,27.90999985,128613000,36.8928566,321465200,28.4642849,321465200,17.45192337,189407700,14.56730747,189407700,1.120000005,155700,1.049999952,155700,3.266000032,735000,3.052400112,735000,31.43000031,6056700,28.95000076,6056700,24.90700912,9026600,21.93132973,9026600,30.37392044,24590800,27.03375053,24590800,7.090000153,21421000,5.699999809,21421000,1.649999976,5900,1.620000005,5900,10.93791485,163100,9.952606201,163100,6.764444351,428100,6.373333454,428100,45.09999847,1738900,42.18999863,1738900,31.07999992,1082600,23,1082600,18.59000015,7278900,16.79999924,7278900
5/6/2010 8:41,29.87999916,128613000,27.90999985,128613000,36.8928566,321465200,28.4642849,321465200,17.45192337,189407700,14.56730747,189407700,1.120000005,155700,1.049999952,155700,3.266000032,735000,3.052400112,735000,31.43000031,6056700,28.95000076,6056700,24.90700912,9026600,21.93132973,9026600,30.37392044,24590800,27.03375053,24590800,7.090000153,21421000,5.699999809,21421000,1.649999976,5900,1.620000005,5900,10.93791485,163100,9.952606201,163100,6.764444351,428100,6.373333454,428100,45.09999847,1738900,42.18999863,1738900,31.07999992,1082600,23,1082600,18.59000015,7278900,16.79999924,7278900
5/6/2010 8:42,29.87999916,128613000,27.90999985,128613000,36.8928566,321465200,28.4642849,321465200,17.45192337,189407700,14.56730747,189407700,1.120000005,155700,1.049999952,155700,3.266000032,735000,3.052400112,735000,31.43000031,6056700,28.95000076,6056700,24.90700912,9026600,21.93132973,9026600,30.37392044,24590800,27.03375053,24590800,7.090000153,21421000,5.699999809,21421000,1.649999976,5900,1.620000005,5900,10.93791485,163100,9.952606201,163100,6.764444351,428100,6.373333454,428100,45.09999847,1738900,42.18999863,1738900,31.07999992,1082600,23,1082600,18.59000015,7278900,16.79999924,7278900
5/6/2010 8:43,29.87999916,128613000,27.90999985,128613000,36.8928566,321465200,28.4642849,321465200,17.45192337,189407700,14.56730747,189407700,1.120000005,155700,1.049999952,155700,3.266000032,735000,3.052400112,735000,31.43000031,6056700,28.95000076,6056700,24.90700912,9026600,21.93132973,9026600,30.37392044,24590800,27.03375053,24590800,7.090000153,21421000,5.699999809,21421000,1.649999976,5900,1.620000005,5900,10.93791485,163100,9.952606201,163100,6.764444351,428100,6.373333454,428100,45.09999847,1738900,42.18999863,1738900,31.07999992,1082600,23,1082600,18.59000015,7278900,16.79999924,7278900
5/6/2010 8:44,29.87999916,128613000,27.90999985,128613000,36.8928566,321465200,28.4642849,321465200,17.45192337,189407700,14.56730747,189407700,1.120000005,155700,1.049999952,155700,3.266000032,735000,3.052400112,735000,31.43000031,6056700,28.95000076,6056700,24.90700912,9026600,21.93132973,9026600,30.37392044,24590800,27.03375053,24590800,7.090000153,21421000,5.699999809,21421000,1.649999976,5900,1.620000005,5900,10.93791485,163100,9.952606201,163100,6.764444351,428100,6.373333454,428100,45.09999847,1738900,42.18999863,1738900,31.07999992,1082600,23,1082600,18.59000015,7278900,16.79999924,7278900
5/6/2010 8:45,29.87999916,128613000,27.90999985,128613000,36.8928566,321465200,28.4642849,321465200,17.45192337,189407700,14.56730747,189407700,1.120000005,155700,1.049999952,155700,3.266000032,735000,3.052400112,735000,31.43000031,6056700,28.95000076,6056700,24.90700912,9026600,21.93132973,9026600,30.37392044,24590800,27.03375053,24590800,7.090000153,21421000,5.699999809,21421000,1.649999976,5900,1.620000005,5900,10.93791485,163100,9.952606201,163100,6.764444351,428100,6.373333454,428100,45.09999847,1738900,42.18999863,1738900,31.07999992,1082600,23,1082600,18.59000015,7278900,16.79999924,7278900
5/6/2010 8:46,29.87999916,128613000,27.90999985,128613000,36.8928566,321465200,28.4642849,321465200,17.45192337,189407700,14.56730747,189407700,1.120000005,155700,1.049999952,155700,3.266000032,735000,3.052400112,735000,31.43000031,6056700,28.95000076,6056700,24.90700912,9026600,21.93132973,9026600,30.37392044,24590800,27.03375053,24590800,7.090000153,21421000,5.699999809,21421000,1.649999976,5900,1.620000005,5900,10.93791485,163100,9.952606201,163100,6.764444351,428100,6.373333454,428100,45.09999847,1738900,42.18999863,1738900,31.07999992,1082600,23,1082600,18.59000015,7278900,16.79999924,7278900
5/6/2010 8:47,29.87999916,128613000,27.90999985,128613000,36.8928566,321465200,28.4642849,321465200,17.45192337,189407700,14.56730747,189407700,1.120000005,155700,1.049999952,155700,3.266000032,735000,3.052400112,735000,31.43000031,6056700,28.95000076,6056700,24.90700912,9026600,21.93132973,9026600,30.37392044,24590800,27.03375053,24590800,7.090000153,21421000,5.699999809,21421000,1.649999976,5900,1.620000005,5900,10.93791485,163100,9.952606201,163100,6.764444351,428100,6.373333454,428100,45.09999847,1738900,42.18999863,1738900,31.07999992,1082600,23,1082600,18.59000015,7278900,16.79999924,7278900
5/6/2010 8:48,29.87999916,128613000,27.90999985,128613000,36.8928566,321465200,28.4642849,321465200,17.45192337,189407700,14.56730747,189407700,1.120000005,155700,1.049999952,155700,3.266000032,735000,3.052400112,735000,31.43000031,6056700,28.95000076,6056700,24.90700912,9026600,21.93132973,9026600,30.37392044,24590800,27.03375053,24590800,7.090000153,21421000,5.699999809,21421000,1.649999976,5900,1.620000005,5900,10.93791485,163100,9.952606201,163100,6.764444351,428100,6.373333454,428100,45.09999847,1738900,42.18999863,1738900,31.07999992,1082600,23,1082600,18.59000015,7278900,16.79999924,7278900
5/6/2010 8:49,29.87999916,128613000,27.90999985,128613000,36.8928566,321465200,28.4642849,321465200,17.45192337,189407700,14.56730747,189407700,1.120000005,155700,1.049999952,155700,3.266000032,735000,3.052400112,735000,31.43000031,6056700,28.95000076,6056700,24.90700912,9026600,21.93132973,9026600,30.37392044,24590800,27.03375053,24590800,7.090000153,21421000,5.699999809,21421000,1.649999976,5900,1.620000005,5900,10.93791485,163100,9.952606201,163100,6.764444351,428100,6.373333454,428100,45.09999847,1738900,42.18999863,1738900,31.07999992,1082600,23,1082600,18.59000015,7278900,16.79999924,7278900
5/6/2010 8:50,29.87999916,128613000,27.90999985,128613000,36.8928566,321465200,28.4642849,321465200,17.45192337,189407700,14.56730747,189407700,1.120000005,155700,1.049999952,155700,3.266000032,735000,3.052400112,735000,31.43000031,6056700,28.95000076,6056700,24.90700912,9026600,21.93132973,9026600,30.37392044,24590800,27.03375053,24590800,7.090000153,21421000,5.699999809,21421000,1.649999976,5900,1.620000005,5900,10.93791485,163100,9.952606201,163100,6.764444351,428100,6.373333454,428100,45.09999847,1738900,42.18999863,1738900,31.07999992,1082600,23,1082600,18.59000015,7278900,16.79999924,7278900
5/6/2010 8:51,29.87999916,128613000,27.90999985,128613000,36.8928566,321465200,28.4642849,321465200,17.45192337,189407700,14.56730747,189407700,1.120000005,155700,1.049999952,155700,3.266000032,735000,3.052400112,735000,31.43000031,6056700,28.95000076,6056700,24.90700912,9026600,21.93132973,9026600,30.37392044,24590800,27.03375053,24590800,7.090000153,21421000,5.699999809,21421000,1.649999976,5900,1.620000005,5900,10.93791485,163100,9.952606201,163100,6.764444351,428100,6.373333454,428100,45.09999847,1738900,42.18999863,1738900,31.07999992,1082600,23,1082600,18.59000015,7278900,16.79999924,7278900
5/6/2010 8:52,29.87999916,128613000,27.90999985,128613000,36.8928566,321465200,28.4642849,321465200,17.45192337,189407700,14.56730747,189407700,1.120000005,155700,1.049999952,155700,3.266000032,735000,3.052400112,735000,31.43000031,6056700,28.95000076,6056700,24.90700912,9026600,21.93132973,9026600,30.37392044,24590800,27.03375053,24590800,7.090000153,21421000,5.699999809,21421000,1.649999976,5900,1.620000005,5900,10.93791485,163100,9.952606201,163100,6.764444351,428100,6.373333454,428100,45.09999847,1738900,42.18999863,1738900,31.07999992,1082600,23,1082600,18.59000015,7278900,16.79999924,7278900
5/6/2010 8:53,29.87999916,128613000,27.90999985,128613000,36.8928566,321465200,28.4642849,321465200,17.45192337,189407700,14.56730747,189407700,1.120000005,155700,1.049999952,155700,3.266000032,735000,3.052400112,735000,31.43000031,6056700,28.95000076,6056700,24.90700912,9026600,21.93132973,9026600,30.37392044,24590800,27.03375053,24590800,7.090000153,21421000,5.699999809,21421000,1.649999976,5900,1.620000005,5900,10.93791485,163100,9.952606201,163100,6.764444351,428100,6.373333454,428100,45.09999847,1738900,42.18999863,1738900,31.07999992,1082600,23,1082600,18.59000015,7278900,16.79999924,7278900
5/6/2010 8:54,29.87999916,128613000,27.90999985,128613000,36.8928566,321465200,28.4642849,321465200,17.45192337,189407700,14.56730747,189407700,1.120000005,155700,1.049999952,155700,3.266000032,735000,3.052400112,735000,31.43000031,6056700,28.95000076,6056700,24.90700912,9026600,21.93132973,9026600,30.37392044,24590800,27.03375053,24590800,7.090000153,21421000,5.699999809,21421000,1.649999976,5900,1.620000005,5900,10.93791485,163100,9.952606201,163100,6.764444351,428100,6.373333454,428100,45.09999847,1738900,42.18999863,1738900,31.07999992,1082600,23,1082600,18.59000015,7278900,16.79999924,7278900
5/6/2010 8:55,29.87999916,128613000,27.90999985,128613000,36.8928566,321465200,28.4642849,321465200,17.45192337,189407700,14.56730747,189407700,1.120000005,155700,1.049999952,155700,3.266000032,735000,3.052400112,735000,31.43000031,6056700,28.95000076,6056700,24.90700912,9026600,21.93132973,9026600,30.37392044,24590800,27.03375053,24590800,7.090000153,21421000,5.699999809,21421000,1.649999976,5900,1.620000005,5900,10.93791485,163100,9.952606201,163100,6.764444351,428100,6.373333454,428100,45.09999847,1738900,42.18999863,1738900,31.07999992,1082600,23,1082600,18.59000015,7278900,16.79999924,7278900
5/6/2010 8:56,29.87999916,128613000,27.90999985,128613000,36.8928566,321465200,28.4642849,321465200,17.45192337,189407700,14.56730747,189407700,1.120000005,155700,1.049999952,155700,3.266000032,735000,3.052400112,735000,31.43000031,6056700,28.95000076,6056700,24.90700912,9026600,21.93132973,9026600,30.37392044,24590800,27.03375053,24590800,7.090000153,21421000,5.699999809,21421000,1.649999976,5900,1.620000005,5900,10.93791485,163100,9.952606201,163100,6.764444351,428100,6.373333454,428100,45.09999847,1738900,42.18999863,1738900,31.07999992,1082600,23,1082600,18.59000015,7278900,16.79999924,7278900
5/6/2010 8:57,29.87999916,128613000,27.90999985,128613000,36.8928566,321465200,28.4642849,321465200,17.45192337,189407700,14.56730747,189407700,1.120000005,155700,1.049999952,155700,3.266000032,735000,3.052400112,735000,31.43000031,6056700,28.95000076,6056700,24.90700912,9026600,21.93132973,9026600,30.37392044,24590800,27.03375053,24590800,7.090000153,21421000,5.699999809,21421000,1.649999976,5900,1.620000005,5900,10.93791485,163100,9.952606201,163100,6.764444351,428100,6.373333454,428100,45.09999847,1738900,42.18999863,1738900,31.07999992,1082600,23,1082600,18.59000015,7278900,16.79999924,7278900
5/6/2010 8:58,29.87999916,128613000,27.90999985,128613000,36.8928566,321465200,28.4642849,321465200,17.45192337,189407700,14.56730747,189407700,1.120000005,155700,1.049999952,155700,3.266000032,735000,3.052400112,735000,31.43000031,6056700,28.95000076,6056700,24.90700912,9026600,21.93132973,9026600,30.37392044,24590800,27.03375053,24590800,7.090000153,21421000,5.699999809,21421000,1.649999976,5900,1.620000005,5900,10.93791485,163100,9.952606201,163100,6.764444351,428100,6.373333454,428100,45.09999847,1738900,42.18999863,1738900,31.07999992,1082600,23,1082600,18.59000015,7278900,16.79999924,7278900
5/6/2010 8:59,29.87999916,128613000,27.90999985,128613000,36.8928566,321465200,28.4642849,321465200,17.45192337,189407700,14.56730747,189407700,1.120000005,155700,1.049999952,155700,3.266000032,735000,3.052400112,735000,31.43000031,6056700,28.95000076,6056700,24.90700912,9026600,21.93132973,9026600,30.37392044,24590800,27.03375053,24590800,7.090000153,21421000,5.699999809,21421000,1.649999976,5900,1.620000005,5900,10.93791485,163100,9.952606201,163100,6.764444351,428100,6.373333454,428100,45.09999847,1738900,42.18999863,1738900,31.07999992,1082600,23,1082600,18.59000015,7278900,16.79999924,7278900
5/6/2010 9:00,29.87999916,128613000,27.90999985,128613000,36.8928566,321465200,28.4642849,321465200,17.45192337,189407700,14.56730747,189407700,1.120000005,155700,1.049999952,155700,3.266000032,735000,3.052400112,735000,31.43000031,6056700,28.95000076,6056700,24.90700912,9026600,21.93132973,9026600,30.37392044,24590800,27.03375053,24590800,7.090000153,21421000,5.699999809,21421000,1.649999976,5900,1.620000005,5900,10.93791485,163100,9.952606201,163100,6.764444351,428100,6.373333454,428100,45.09999847,1738900,42.18999863,1738900,31.07999992,1082600,23,1082600,18.59000015,7278900,16.79999924,7278900
5/6/2010 9:01,29.87999916,128613000,27.90999985,128613000,36.8928566,321465200,28.4642849,321465200,17.45192337,189407700,14.56730747,189407700,1.120000005,155700,1.049999952,155700,3.266000032,735000,3.052400112,735000,31.43000031,6056700,28.95000076,6056700,24.90700912,9026600,21.93132973,9026600,30.37392044,24590800,27.03375053,24590800,7.090000153,21421000,5.699999809,21421000,1.649999976,5900,1.620000005,5900,10.93791485,163100,9.952606201,163100,6.764444351,428100,6.373333454,428100,45.09999847,1738900,42.18999863,1738900,31.07999992,1082600,23,1082600,18.59000015,7278900,16.79999924,7278900
5/6/2010 9:02,29.87999916,128613000,27.90999985,128613000,36.8928566,321465200,28.4642849,321465200,17.45192337,189407700,14.56730747,189407700,1.120000005,155700,1.049999952,155700,3.266000032,735000,3.052400112,735000,31.43000031,6056700,28.95000076,6056700,24.90700912,9026600,21.93132973,9026600,30.37392044,24590800,27.03375053,24590800,7.090000153,21421000,5.699999809,21421000,1.649999976,5900,1.620000005,5900,10.93791485,163100,9.952606201,163100,6.764444351,428100,6.373333454,428100,45.09999847,1738900,42.18999863,1738900,31.07999992,1082600,23,1082600,18.59000015,7278900,16.79999924,7278900
5/6/2010 9:03,29.87999916,128613000,27.90999985,128613000,36.8928566,321465200,28.4642849,321465200,17.45192337,189407700,14.56730747,189407700,1.120000005,155700,1.049999952,155700,3.266000032,735000,3.052400112,735000,31.43000031,6056700,28.95000076,6056700,24.90700912,9026600,21.93132973,9026600,30.37392044,24590800,27.03375053,24590800,7.090000153,21421000,5.699999809,21421000,1.649999976,5900,1.620000005,5900,10.93791485,163100,9.952606201,163100,6.764444351,428100,6.373333454,428100,45.09999847,1738900,42.18999863,1738900,31.07999992,1082600,23,1082600,18.59000015,7278900,16.79999924,7278900
5/6/2010 9:04,29.87999916,128613000,27.90999985,128613000,36.8928566,321465200,28.4642849,321465200,17.45192337,189407700,14.56730747,189407700,1.120000005,155700,1.049999952,155700,3.266000032,735000,3.052400112,735000,31.43000031,6056700,28.95000076,6056700,24.90700912,9026600,21.93132973,9026600,30.37392044,24590800,27.03375053,24590800,7.090000153,21421000,5.699999809,21421000,1.649999976,5900,1.620000005,5900,10.93791485,163100,9.952606201,163100,6.764444351,428100,6.373333454,428100,45.09999847,1738900,42.18999863,1738900,31.07999992,1082600,23,1082600,18.59000015,7278900,16.79999924,7278900
5/6/2010 9:05,29.87999916,128613000,27.90999985,128613000,36.8928566,321465200,28.4642849,321465200,17.45192337,189407700,14.56730747,189407700,1.120000005,155700,1.049999952,155700,3.266000032,735000,3.052400112,735000,31.43000031,6056700,28.95000076,6056700,24.90700912,9026600,21.93132973,9026600,30.37392044,24590800,27.03375053,24590800,7.090000153,21421000,5.699999809,21421000,1.649999976,5900,1.620000005,5900,10.93791485,163100,9.952606201,163100,6.764444351,428100,6.373333454,428100,45.09999847,1738900,42.18999863,1738900,31.07999992,1082600,23,1082600,18.59000015,7278900,16.79999924,7278900
5/6/2010 9:06,29.87999916,128613000,27.90999985,128613000,36.8928566,321465200,28.4642849,321465200,17.45192337,189407700,14.56730747,189407700,1.120000005,155700,1.049999952,155700,3.266000032,735000,3.052400112,735000,31.43000031,6056700,28.95000076,6056700,24.90700912,9026600,21.93132973,9026600,30.37392044,24590800,27.03375053,24590800,7.090000153,21421000,5.699999809,21421000,1.649999976,5900,1.620000005,5900,10.93791485,163100,9.952606201,163100,6.764444351,428100,6.373333454,428100,45.09999847,1738900,42.18999863,1738900,31.07999992,1082600,23,1082600,18.59000015,7278900,16.79999924,7278900
5/6/2010 9:07,29.87999916,128613000,27.90999985,128613000,36.8928566,321465200,28.4642849,321465200,17.45192337,189407700,14.56730747,189407700,1.120000005,155700,1.049999952,155700,3.266000032,735000,3.052400112,735000,31.43000031,6056700,28.95000076,6056700,24.90700912,9026600,21.93132973,9026600,30.37392044,24590800,27.03375053,24590800,7.090000153,21421000,5.699999809,21421000,1.649999976,5900,1.620000005,5900,10.93791485,163100,9.952606201,163100,6.764444351,428100,6.373333454,428100,45.09999847,1738900,42.18999863,1738900,31.07999992,1082600,23,1082600,18.59000015,7278900,16.79999924,7278900
5/6/2010 9:08,29.87999916,128613000,27.90999985,128613000,36.8928566,321465200,28.4642849,321465200,17.45192337,189407700,14.56730747,189407700,1.120000005,155700,1.049999952,155700,3.266000032,735000,3.052400112,735000,31.43000031,6056700,28.95000076,6056700,24.90700912,9026600,21.93132973,9026600,30.37392044,24590800,27.03375053,24590800,7.090000153,21421000,5.699999809,21421000,1.649999976,5900,1.620000005,5900,10.93791485,163100,9.952606201,163100,6.764444351,428100,6.373333454,428100,45.09999847,1738900,42.18999863,1738900,31.07999992,1082600,23,1082600,18.59000015,7278900,16.79999924,7278900
5/6/2010 9:09,29.87999916,128613000,27.90999985,128613000,36.8928566,321465200,28.4642849,321465200,17.45192337,189407700,14.56730747,189407700,1.120000005,155700,1.049999952,155700,3.266000032,735000,3.052400112,735000,31.43000031,6056700,28.95000076,6056700,24.90700912,9026600,21.93132973,9026600,30.37392044,24590800,27.03375053,24590800,7.090000153,21421000,5.699999809,21421000,1.649999976,5900,1.620000005,5900,10.93791485,163100,9.952606201,163100,6.764444351,428100,6.373333454,428100,45.09999847,1738900,42.18999863,1738900,31.07999992,1082600,23,1082600,18.59000015,7278900,16.79999924,7278900
5/6/2010 9:10,29.87999916,128613000,27.90999985,128613000,36.8928566,321465200,28.4642849,321465200,17.45192337,189407700,14.56730747,189407700,1.120000005,155700,1.049999952,155700,3.266000032,735000,3.052400112,735000,31.43000031,6056700,28.95000076,6056700,24.90700912,9026600,21.93132973,9026600,30.37392044,24590800,27.03375053,24590800,7.090000153,21421000,5.699999809,21421000,1.649999976,5900,1.620000005,5900,10.93791485,163100,9.952606201,163100,6.764444351,428100,6.373333454,428100,45.09999847,1738900,42.18999863,1738900,31.07999992,1082600,23,1082600,18.59000015,7278900,16.79999924,7278900
5/6/2010 9:11,29.87999916,128613000,27.90999985,128613000,36.8928566,321465200,28.4642849,321465200,17.45192337,189407700,14.56730747,189407700,1.120000005,155700,1.049999952,155700,3.266000032,735000,3.052400112,735000,31.43000031,6056700,28.95000076,6056700,24.90700912,9026600,21.93132973,9026600,30.37392044,24590800,27.03375053,24590800,7.090000153,21421000,5.699999809,21421000,1.649999976,5900,1.620000005,5900,10.93791485,163100,9.952606201,163100,6.764444351,428100,6.373333454,428100,45.09999847,1738900,42.18999863,1738900,31.07999992,1082600,23,1082600,18.59000015,7278900,16.79999924,7278900
5/6/2010 9:12,29.87999916,128613000,27.90999985,128613000,36.8928566,321465200,28.4642849,321465200,17.45192337,189407700,14.56730747,189407700,1.120000005,155700,1.049999952,155700,3.266000032,735000,3.052400112,735000,31.43000031,6056700,28.95000076,6056700,24.90700912,9026600,21.93132973,9026600,30.37392044,24590800,27.03375053,24590800,7.090000153,21421000,5.699999809,21421000,1.649999976,5900,1.620000005,5900,10.93791485,163100,9.952606201,163100,6.764444351,428100,6.373333454,428100,45.09999847,1738900,42.18999863,1738900,31.07999992,1082600,23,1082600,18.59000015,7278900,16.79999924,7278900
5/6/2010 9:13,29.87999916,128613000,27.90999985,128613000,36.8928566,321465200,28.4642849,321465200,17.45192337,189407700,14.56730747,189407700,1.120000005,155700,1.049999952,155700,3.266000032,735000,3.052400112,735000,31.43000031,6056700,28.95000076,6056700,24.90700912,9026600,21.93132973,9026600,30.37392044,24590800,27.03375053,24590800,7.090000153,21421000,5.699999809,21421000,1.649999976,5900,1.620000005,5900,10.93791485,163100,9.952606201,163100,6.764444351,428100,6.373333454,428100,45.09999847,1738900,42.18999863,1738900,31.07999992,1082600,23,1082600,18.59000015,7278900,16.79999924,7278900
5/6/2010 9:14,29.87999916,128613000,27.90999985,128613000,36.8928566,321465200,28.4642849,321465200,17.45192337,189407700,14.56730747,189407700,1.120000005,155700,1.049999952,155700,3.266000032,735000,3.052400112,735000,31.43000031,6056700,28.95000076,6056700,24.90700912,9026600,21.93132973,9026600,30.37392044,24590800,27.03375053,24590800,7.090000153,21421000,5.699999809,21421000,1.649999976,5900,1.620000005,5900,10.93791485,163100,9.952606201,163100,6.764444351,428100,6.373333454,428100,45.09999847,1738900,42.18999863,1738900,31.07999992,1082600,23,1082600,18.59000015,7278900,16.79999924,7278900
5/6/2010 9:15,29.87999916,128613000,27.90999985,128613000,36.8928566,321465200,28.4642849,321465200,17.45192337,189407700,14.56730747,189407700,1.120000005,155700,1.049999952,155700,3.266000032,735000,3.052400112,735000,31.43000031,6056700,28.95000076,6056700,24.90700912,9026600,21.93132973,9026600,30.37392044,24590800,27.03375053,24590800,7.090000153,21421000,5.699999809,21421000,1.649999976,5900,1.620000005,5900,10.93791485,163100,9.952606201,163100,6.764444351,428100,6.373333454,428100,45.09999847,1738900,42.18999863,1738900,31.07999992,1082600,23,1082600,18.59000015,7278900,16.79999924,7278900
5/6/2010 9:16,29.87999916,128613000,27.90999985,128613000,36.8928566,321465200,28.4642849,321465200,17.45192337,189407700,14.56730747,189407700,1.120000005,155700,1.049999952,155700,3.266000032,735000,3.052400112,735000,31.43000031,6056700,28.95000076,6056700,24.90700912,9026600,21.93132973,9026600,30.37392044,24590800,27.03375053,24590800,7.090000153,21421000,5.699999809,21421000,1.649999976,5900,1.620000005,5900,10.93791485,163100,9.952606201,163100,6.764444351,428100,6.373333454,428100,45.09999847,1738900,42.18999863,1738900,31.07999992,1082600,23,1082600,18.59000015,7278900,16.79999924,7278900
5/6/2010 9:17,29.87999916,128613000,27.90999985,128613000,36.8928566,321465200,28.4642849,321465200,17.45192337,189407700,14.56730747,189407700,1.120000005,155700,1.049999952,155700,3.266000032,735000,3.052400112,735000,31.43000031,6056700,28.95000076,6056700,24.90700912,9026600,21.93132973,9026600,30.37392044,24590800,27.03375053,24590800,7.090000153,21421000,5.699999809,21421000,1.649999976,5900,1.620000005,5900,10.93791485,163100,9.952606201,163100,6.764444351,428100,6.373333454,428100,45.09999847,1738900,42.18999863,1738900,31.07999992,1082600,23,1082600,18.59000015,7278900,16.79999924,7278900
5/6/2010 9:18,29.87999916,128613000,27.90999985,128613000,36.8928566,321465200,28.4642849,321465200,17.45192337,189407700,14.56730747,189407700,1.120000005,155700,1.049999952,155700,3.266000032,735000,3.052400112,735000,31.43000031,6056700,28.95000076,6056700,24.90700912,9026600,21.93132973,9026600,30.37392044,24590800,27.03375053,24590800,7.090000153,21421000,5.699999809,21421000,1.649999976,5900,1.620000005,5900,10.93791485,163100,9.952606201,163100,6.764444351,428100,6.373333454,428100,45.09999847,1738900,42.18999863,1738900,31.07999992,1082600,23,1082600,18.59000015,7278900,16.79999924,7278900
5/6/2010 9:19,29.87999916,128613000,27.90999985,128613000,36.8928566,321465200,28.4642849,321465200,17.45192337,189407700,14.56730747,189407700,1.120000005,155700,1.049999952,155700,3.266000032,735000,3.052400112,735000,31.43000031,6056700,28.95000076,6056700,24.90700912,9026600,21.93132973,9026600,30.37392044,24590800,27.03375053,24590800,7.090000153,21421000,5.699999809,21421000,1.649999976,5900,1.620000005,5900,10.93791485,163100,9.952606201,163100,6.764444351,428100,6.373333454,428100,45.09999847,1738900,42.18999863,1738900,31.07999992,1082600,23,1082600,18.59000015,7278900,16.79999924,7278900
5/6/2010 9:20,29.87999916,128613000,27.90999985,128613000,36.8928566,321465200,28.4642849,321465200,17.45192337,189407700,14.56730747,189407700,1.120000005,155700,1.049999952,155700,3.266000032,735000,3.052400112,735000,31.43000031,6056700,28.95000076,6056700,24.90700912,9026600,21.93132973,9026600,30.37392044,24590800,27.03375053,24590800,7.090000153,21421000,5.699999809,21421000,1.649999976,5900,1.620000005,5900,10.93791485,163100,9.952606201,163100,6.764444351,428100,6.373333454,428100,45.09999847,1738900,42.18999863,1738900,31.07999992,1082600,23,1082600,18.59000015,7278900,16.79999924,7278900
5/6/2010 9:21,29.87999916,128613000,27.90999985,128613000,36.8928566,321465200,28.4642849,321465200,17.45192337,189407700,14.56730747,189407700,1.120000005,155700,1.049999952,155700,3.266000032,735000,3.052400112,735000,31.43000031,6056700,28.95000076,6056700,24.90700912,9026600,21.93132973,9026600,30.37392044,24590800,27.03375053,24590800,7.090000153,21421000,5.699999809,21421000,1.649999976,5900,1.620000005,5900,10.93791485,163100,9.952606201,163100,6.764444351,428100,6.373333454,428100,45.09999847,1738900,42.18999863,1738900,31.07999992,1082600,23,1082600,18.59000015,7278900,16.79999924,7278900
5/6/2010 9:22,29.87999916,128613000,27.90999985,128613000,36.8928566,321465200,28.4642849,321465200,17.45192337,189407700,14.56730747,189407700,1.120000005,155700,1.049999952,155700,3.266000032,735000,3.052400112,735000,31.43000031,6056700,28.95000076,6056700,24.90700912,9026600,21.93132973,9026600,30.37392044,24590800,27.03375053,24590800,7.090000153,21421000,5.699999809,21421000,1.649999976,5900,1.620000005,5900,10.93791485,163100,9.952606201,163100,6.764444351,428100,6.373333454,428100,45.09999847,1738900,42.18999863,1738900,31.07999992,1082600,23,1082600,18.59000015,7278900,16.79999924,7278900
5/6/2010 9:23,29.87999916,128613000,27.90999985,128613000,36.8928566,321465200,28.4642849,321465200,17.45192337,189407700,14.56730747,189407700,1.120000005,155700,1.049999952,155700,3.266000032,735000,3.052400112,735000,31.43000031,6056700,28.95000076,6056700,24.90700912,9026600,21.93132973,9026600,30.37392044,24590800,27.03375053,24590800,7.090000153,21421000,5.699999809,21421000,1.649999976,5900,1.620000005,5900,10.93791485,163100,9.952606201,163100,6.764444351,428100,6.373333454,428100,45.09999847,1738900,42.18999863,1738900,31.07999992,1082600,23,1082600,18.59000015,7278900,16.79999924,7278900
5/6/2010 9:24,29.87999916,128613000,27.90999985,128613000,36.8928566,321465200,28.4642849,321465200,17.45192337,189407700,14.56730747,189407700,1.120000005,155700,1.049999952,155700,3.266000032,735000,3.052400112,735000,31.43000031,6056700,28.95000076,6056700,24.90700912,9026600,21.93132973,9026600,30.37392044,24590800,27.03375053,24590800,7.090000153,21421000,5.699999809,21421000,1.649999976,5900,1.620000005,5900,10.93791485,163100,9.952606201,163100,6.764444351,428100,6.373333454,428100,45.09999847,1738900,42.18999863,1738900,31.07999992,1082600,23,1082600,18.59000015,7278900,16.79999924,7278900
5/6/2010 9:25,29.87999916,128613000,27.90999985,128613000,36.8928566,321465200,28.4642849,321465200,17.45192337,189407700,14.56730747,189407700,1.120000005,155700,1.049999952,155700,3.266000032,735000,3.052400112,735000,31.43000031,6056700,28.95000076,6056700,24.90700912,9026600,21.93132973,9026600,30.37392044,24590800,27.03375053,24590800,7.090000153,21421000,5.699999809,21421000,1.649999976,5900,1.620000005,5900,10.93791485,163100,9.952606201,163100,6.764444351,428100,6.373333454,428100,45.09999847,1738900,42.18999863,1738900,31.07999992,1082600,23,1082600,18.59000015,7278900,16.79999924,7278900
5/6/2010 9:26,29.87999916,128613000,27.90999985,128613000,36.8928566,321465200,28.4642849,321465200,17.45192337,189407700,14.56730747,189407700,1.120000005,155700,1.049999952,155700,3.266000032,735000,3.052400112,735000,31.43000031,6056700,28.95000076,6056700,24.90700912,9026600,21.93132973,9026600,30.37392044,24590800,27.03375053,24590800,7.090000153,21421000,5.699999809,21421000,1.649999976,5900,1.620000005,5900,10.93791485,163100,9.952606201,163100,6.764444351,428100,6.373333454,428100,45.09999847,1738900,42.18999863,1738900,31.07999992,1082600,23,1082600,18.59000015,7278900,16.79999924,7278900
5/6/2010 9:27,29.87999916,128613000,27.90999985,128613000,36.8928566,321465200,28.4642849,321465200,17.45192337,189407700,14.56730747,189407700,1.120000005,155700,1.049999952,155700,3.266000032,735000,3.052400112,735000,31.43000031,6056700,28.95000076,6056700,24.90700912,9026600,21.93132973,9026600,30.37392044,24590800,27.03375053,24590800,7.090000153,21421000,5.699999809,21421000,1.649999976,5900,1.620000005,5900,10.93791485,163100,9.952606201,163100,6.764444351,428100,6.373333454,428100,45.09999847,1738900,42.18999863,1738900,31.07999992,1082600,23,1082600,18.59000015,7278900,16.79999924,7278900
5/6/2010 9:28,29.87999916,128613000,27.90999985,128613000,36.8928566,321465200,28.4642849,321465200,17.45192337,189407700,14.56730747,189407700,1.120000005,155700,1.049999952,155700,3.266000032,735000,3.052400112,735000,31.43000031,6056700,28.95000076,6056700,24.90700912,9026600,21.93132973,9026600,30.37392044,24590800,27.03375053,24590800,7.090000153,21421000,5.699999809,21421000,1.649999976,5900,1.620000005,5900,10.93791485,163100,9.952606201,163100,6.764444351,428100,6.373333454,428100,45.09999847,1738900,42.18999863,1738900,31.07999992,1082600,23,1082600,18.59000015,7278900,16.79999924,7278900
5/6/2010 9:29,29.87999916,128613000,27.90999985,128613000,36.8928566,321465200,28.4642849,321465200,17.45192337,189407700,14.56730747,189407700,1.120000005,155700,1.049999952,155700,3.266000032,735000,3.052400112,735000,31.43000031,6056700,28.95000076,6056700,24.90700912,9026600,21.93132973,9026600,30.37392044,24590800,27.03375053,24590800,7.090000153,21421000,5.699999809,21421000,1.649999976,5900,1.620000005,5900,10.93791485,163100,9.952606201,163100,6.764444351,428100,6.373333454,428100,45.09999847,1738900,42.18999863,1738900,31.07999992,1082600,23,1082600,18.59000015,7278900,16.79999924,7278900
5/6/2010 9:30,29.87999916,128613000,27.90999985,128613000,36.8928566,321465200,28.4642849,321465200,17.45192337,189407700,14.56730747,189407700,1.120000005,155700,1.049999952,155700,3.266000032,735000,3.052400112,735000,31.43000031,6056700,28.95000076,6056700,24.90700912,9026600,21.93132973,9026600,30.37392044,24590800,27.03375053,24590800,7.090000153,21421000,5.699999809,21421000,1.649999976,5900,1.620000005,5900,10.93791485,163100,9.952606201,163100,6.764444351,428100,6.373333454,428100,45.09999847,1738900,42.18999863,1738900,31.07999992,1082600,23,1082600,18.59000015,7278900,16.79999924,7278900
5/6/2010 9:31,29.87999916,128613000,27.90999985,128613000,36.8928566,321465200,28.4642849,321465200,17.45192337,189407700,14.56730747,189407700,1.120000005,155700,1.049999952,155700,3.266000032,735000,3.052400112,735000,31.43000031,6056700,28.95000076,6056700,24.90700912,9026600,21.93132973,9026600,30.37392044,24590800,27.03375053,24590800,7.090000153,21421000,5.699999809,21421000,1.649999976,5900,1.620000005,5900,10.93791485,163100,9.952606201,163100,6.764444351,428100,6.373333454,428100,45.09999847,1738900,42.18999863,1738900,31.07999992,1082600,23,1082600,18.59000015,7278900,16.79999924,7278900
5/6/2010 9:32,29.87999916,128613000,27.90999985,128613000,36.8928566,321465200,28.4642849,321465200,17.45192337,189407700,14.56730747,189407700,1.120000005,155700,1.049999952,155700,3.266000032,735000,3.052400112,735000,31.43000031,6056700,28.95000076,6056700,24.90700912,9026600,21.93132973,9026600,30.37392044,24590800,27.03375053,24590800,7.090000153,21421000,5.699999809,21421000,1.649999976,5900,1.620000005,5900,10.93791485,163100,9.952606201,163100,6.764444351,428100,6.373333454,428100,45.09999847,1738900,42.18999863,1738900,31.07999992,1082600,23,1082600,18.59000015,7278900,16.79999924,7278900
5/6/2010 9:33,29.87999916,128613000,27.90999985,128613000,36.8928566,321465200,28.4642849,321465200,17.45192337,189407700,14.56730747,189407700,1.120000005,155700,1.049999952,155700,3.266000032,735000,3.052400112,735000,31.43000031,6056700,28.95000076,6056700,24.90700912,9026600,21.93132973,9026600,30.37392044,24590800,27.03375053,24590800,7.090000153,21421000,5.699999809,21421000,1.649999976,5900,1.620000005,5900,10.93791485,163100,9.952606201,163100,6.764444351,428100,6.373333454,428100,45.09999847,1738900,42.18999863,1738900,31.07999992,1082600,23,1082600,18.59000015,7278900,16.79999924,7278900
5/6/2010 9:34,29.87999916,128613000,27.90999985,128613000,36.8928566,321465200,28.4642849,321465200,17.45192337,189407700,14.56730747,189407700,1.120000005,155700,1.049999952,155700,3.266000032,735000,3.052400112,735000,31.43000031,6056700,28.95000076,6056700,24.90700912,9026600,21.93132973,9026600,30.37392044,24590800,27.03375053,24590800,7.090000153,21421000,5.699999809,21421000,1.649999976,5900,1.620000005,5900,10.93791485,163100,9.952606201,163100,6.764444351,428100,6.373333454,428100,45.09999847,1738900,42.18999863,1738900,31.07999992,1082600,23,1082600,18.59000015,7278900,16.79999924,7278900
5/6/2010 9:35,29.87999916,128613000,27.90999985,128613000,36.8928566,321465200,28.4642849,321465200,17.45192337,189407700,14.56730747,189407700,1.120000005,155700,1.049999952,155700,3.266000032,735000,3.052400112,735000,31.43000031,6056700,28.95000076,6056700,24.90700912,9026600,21.93132973,9026600,30.37392044,24590800,27.03375053,24590800,7.090000153,21421000,5.699999809,21421000,1.649999976,5900,1.620000005,5900,10.93791485,163100,9.952606201,163100,6.764444351,428100,6.373333454,428100,45.09999847,1738900,42.18999863,1738900,31.07999992,1082600,23,1082600,18.59000015,7278900,16.79999924,7278900
5/6/2010 9:36,29.87999916,128613000,27.90999985,128613000,36.8928566,321465200,28.4642849,321465200,17.45192337,189407700,14.56730747,189407700,1.120000005,155700,1.049999952,155700,3.266000032,735000,3.052400112,735000,31.43000031,6056700,28.95000076,6056700,24.90700912,9026600,21.93132973,9026600,30.37392044,24590800,27.03375053,24590800,7.090000153,21421000,5.699999809,21421000,1.649999976,5900,1.620000005,5900,10.93791485,163100,9.952606201,163100,6.764444351,428100,6.373333454,428100,45.09999847,1738900,42.18999863,1738900,31.07999992,1082600,23,1082600,18.59000015,7278900,16.79999924,7278900
5/6/2010 9:37,29.87999916,128613000,27.90999985,128613000,36.8928566,321465200,28.4642849,321465200,17.45192337,189407700,14.56730747,189407700,1.120000005,155700,1.049999952,155700,3.266000032,735000,3.052400112,735000,31.43000031,6056700,28.95000076,6056700,24.90700912,9026600,21.93132973,9026600,30.37392044,24590800,27.03375053,24590800,7.090000153,21421000,5.699999809,21421000,1.649999976,5900,1.620000005,5900,10.93791485,163100,9.952606201,163100,6.764444351,428100,6.373333454,428100,45.09999847,1738900,42.18999863,1738900,31.07999992,1082600,23,1082600,18.59000015,7278900,16.79999924,7278900
5/6/2010 9:38,29.87999916,128613000,27.90999985,128613000,36.8928566,321465200,28.4642849,321465200,17.45192337,189407700,14.56730747,189407700,1.120000005,155700,1.049999952,155700,3.266000032,735000,3.052400112,735000,31.43000031,6056700,28.95000076,6056700,24.90700912,9026600,21.93132973,9026600,30.37392044,24590800,27.03375053,24590800,7.090000153,21421000,5.699999809,21421000,1.649999976,5900,1.620000005,5900,10.93791485,163100,9.952606201,163100,6.764444351,428100,6.373333454,428100,45.09999847,1738900,42.18999863,1738900,31.07999992,1082600,23,1082600,18.59000015,7278900,16.79999924,7278900
5/6/2010 9:39,29.87999916,128613000,27.90999985,128613000,36.8928566,321465200,28.4642849,321465200,17.45192337,189407700,14.56730747,189407700,1.120000005,155700,1.049999952,155700,3.266000032,735000,3.052400112,735000,31.43000031,6056700,28.95000076,6056700,24.90700912,9026600,21.93132973,9026600,30.37392044,24590800,27.03375053,24590800,7.090000153,21421000,5.699999809,21421000,1.649999976,5900,1.620000005,5900,10.93791485,163100,9.952606201,163100,6.764444351,428100,6.373333454,428100,45.09999847,1738900,42.18999863,1738900,31.07999992,1082600,23,1082600,18.59000015,7278900,16.79999924,7278900
5/6/2010 9:40,29.87999916,128613000,27.90999985,128613000,36.8928566,321465200,28.4642849,321465200,17.45192337,189407700,14.56730747,189407700,1.120000005,155700,1.049999952,155700,3.266000032,735000,3.052400112,735000,31.43000031,6056700,28.95000076,6056700,24.90700912,9026600,21.93132973,9026600,30.37392044,24590800,27.03375053,24590800,7.090000153,21421000,5.699999809,21421000,1.649999976,5900,1.620000005,5900,10.93791485,163100,9.952606201,163100,6.764444351,428100,6.373333454,428100,45.09999847,1738900,42.18999863,1738900,31.07999992,1082600,23,1082600,18.59000015,7278900,16.79999924,7278900
5/6/2010 9:41,29.87999916,128613000,27.90999985,128613000,36.8928566,321465200,28.4642849,321465200,17.45192337,189407700,14.56730747,189407700,1.120000005,155700,1.049999952,155700,3.266000032,735000,3.052400112,735000,31.43000031,6056700,28.95000076,6056700,24.90700912,9026600,21.93132973,9026600,30.37392044,24590800,27.03375053,24590800,7.090000153,21421000,5.699999809,21421000,1.649999976,5900,1.620000005,5900,10.93791485,163100,9.952606201,163100,6.764444351,428100,6.373333454,428100,45.09999847,1738900,42.18999863,1738900,31.07999992,1082600,23,1082600,18.59000015,7278900,16.79999924,7278900
5/6/2010 9:42,29.87999916,128613000,27.90999985,128613000,36.8928566,321465200,28.4642849,321465200,17.45192337,189407700,14.56730747,189407700,1.120000005,155700,1.049999952,155700,3.266000032,735000,3.052400112,735000,31.43000031,6056700,28.95000076,6056700,24.90700912,9026600,21.93132973,9026600,30.37392044,24590800,27.03375053,24590800,7.090000153,21421000,5.699999809,21421000,1.649999976,5900,1.620000005,5900,10.93791485,163100,9.952606201,163100,6.764444351,428100,6.373333454,428100,45.09999847,1738900,42.18999863,1738900,31.07999992,1082600,23,1082600,18.59000015,7278900,16.79999924,7278900
5/6/2010 9:43,29.87999916,128613000,27.90999985,128613000,36.8928566,321465200,28.4642849,321465200,17.45192337,189407700,14.56730747,189407700,1.120000005,155700,1.049999952,155700,3.266000032,735000,3.052400112,735000,31.43000031,6056700,28.95000076,6056700,24.90700912,9026600,21.93132973,9026600,30.37392044,24590800,27.03375053,24590800,7.090000153,21421000,5.699999809,21421000,1.649999976,5900,1.620000005,5900,10.93791485,163100,9.952606201,163100,6.764444351,428100,6.373333454,428100,45.09999847,1738900,42.18999863,1738900,31.07999992,1082600,23,1082600,18.59000015,7278900,16.79999924,7278900
5/6/2010 9:44,29.87999916,128613000,27.90999985,128613000,36.8928566,321465200,28.4642849,321465200,17.45192337,189407700,14.56730747,189407700,1.120000005,155700,1.049999952,155700,3.266000032,735000,3.052400112,735000,31.43000031,6056700,28.95000076,6056700,24.90700912,9026600,21.93132973,9026600,30.37392044,24590800,27.03375053,24590800,7.090000153,21421000,5.699999809,21421000,1.649999976,5900,1.620000005,5900,10.93791485,163100,9.952606201,163100,6.764444351,428100,6.373333454,428100,45.09999847,1738900,42.18999863,1738900,31.07999992,1082600,23,1082600,18.59000015,7278900,16.79999924,7278900
5/6/2010 9:45,29.87999916,128613000,27.90999985,128613000,36.8928566,321465200,28.4642849,321465200,17.45192337,189407700,14.56730747,189407700,1.120000005,155700,1.049999952,155700,3.266000032,735000,3.052400112,735000,31.43000031,6056700,28.95000076,6056700,24.90700912,9026600,21.93132973,9026600,30.37392044,24590800,27.03375053,24590800,7.090000153,21421000,5.699999809,21421000,1.649999976,5900,1.620000005,5900,10.93791485,163100,9.952606201,163100,6.764444351,428100,6.373333454,428100,45.09999847,1738900,42.18999863,1738900,31.07999992,1082600,23,1082600,18.59000015,7278900,16.79999924,7278900
5/6/2010 9:46,29.87999916,128613000,27.90999985,128613000,36.8928566,321465200,28.4642849,321465200,17.45192337,189407700,14.56730747,189407700,1.120000005,155700,1.049999952,155700,3.266000032,735000,3.052400112,735000,31.43000031,6056700,28.95000076,6056700,24.90700912,9026600,21.93132973,9026600,30.37392044,24590800,27.03375053,24590800,7.090000153,21421000,5.699999809,21421000,1.649999976,5900,1.620000005,5900,10.93791485,163100,9.952606201,163100,6.764444351,428100,6.373333454,428100,45.09999847,1738900,42.18999863,1738900,31.07999992,1082600,23,1082600,18.59000015,7278900,16.79999924,7278900
5/6/2010 9:47,29.87999916,128613000,27.90999985,128613000,36.8928566,321465200,28.4642849,321465200,17.45192337,189407700,14.56730747,189407700,1.120000005,155700,1.049999952,155700,3.266000032,735000,3.052400112,735000,31.43000031,6056700,28.95000076,6056700,24.90700912,9026600,21.93132973,9026600,30.37392044,24590800,27.03375053,24590800,7.090000153,21421000,5.699999809,21421000,1.649999976,5900,1.620000005,5900,10.93791485,163100,9.952606201,163100,6.764444351,428100,6.373333454,428100,45.09999847,1738900,42.18999863,1738900,31.07999992,1082600,23,1082600,18.59000015,7278900,16.79999924,7278900
5/6/2010 9:48,29.87999916,128613000,27.90999985,128613000,36.8928566,321465200,28.4642849,321465200,17.45192337,189407700,14.56730747,189407700,1.120000005,155700,1.049999952,155700,3.266000032,735000,3.052400112,735000,31.43000031,6056700,28.95000076,6056700,24.90700912,9026600,21.93132973,9026600,30.37392044,24590800,27.03375053,24590800,7.090000153,21421000,5.699999809,21421000,1.649999976,5900,1.620000005,5900,10.93791485,163100,9.952606201,163100,6.764444351,428100,6.373333454,428100,45.09999847,1738900,42.18999863,1738900,31.07999992,1082600,23,1082600,18.59000015,7278900,16.79999924,7278900
5/6/2010 9:49,29.87999916,128613000,27.90999985,128613000,36.8928566,321465200,28.4642849,321465200,17.45192337,189407700,14.56730747,189407700,1.120000005,155700,1.049999952,155700,3.266000032,735000,3.052400112,735000,31.43000031,6056700,28.95000076,6056700,24.90700912,9026600,21.93132973,9026600,30.37392044,24590800,27.03375053,24590800,7.090000153,21421000,5.699999809,21421000,1.649999976,5900,1.620000005,5900,10.93791485,163100,9.952606201,163100,6.764444351,428100,6.373333454,428100,45.09999847,1738900,42.18999863,1738900,31.07999992,1082600,23,1082600,18.59000015,7278900,16.79999924,7278900
5/6/2010 9:50,29.87999916,128613000,27.90999985,128613000,36.8928566,321465200,28.4642849,321465200,17.45192337,189407700,14.56730747,189407700,1.120000005,155700,1.049999952,155700,3.266000032,735000,3.052400112,735000,31.43000031,6056700,28.95000076,6056700,24.90700912,9026600,21.93132973,9026600,30.37392044,24590800,27.03375053,24590800,7.090000153,21421000,5.699999809,21421000,1.649999976,5900,1.620000005,5900,10.93791485,163100,9.952606201,163100,6.764444351,428100,6.373333454,428100,45.09999847,1738900,42.18999863,1738900,31.07999992,1082600,23,1082600,18.59000015,7278900,16.79999924,7278900
5/6/2010 9:51,29.87999916,128613000,27.90999985,128613000,36.8928566,321465200,28.4642849,321465200,17.45192337,189407700,14.56730747,189407700,1.120000005,155700,1.049999952,155700,3.266000032,735000,3.052400112,735000,31.43000031,6056700,28.95000076,6056700,24.90700912,9026600,21.93132973,9026600,30.37392044,24590800,27.03375053,24590800,7.090000153,21421000,5.699999809,21421000,1.649999976,5900,1.620000005,5900,10.93791485,163100,9.952606201,163100,6.764444351,428100,6.373333454,428100,45.09999847,1738900,42.18999863,1738900,31.07999992,1082600,23,1082600,18.59000015,7278900,16.79999924,7278900
5/6/2010 9:52,29.87999916,128613000,27.90999985,128613000,36.8928566,321465200,28.4642849,321465200,17.45192337,189407700,14.56730747,189407700,1.120000005,155700,1.049999952,155700,3.266000032,735000,3.052400112,735000,31.43000031,6056700,28.95000076,6056700,24.90700912,9026600,21.93132973,9026600,30.37392044,24590800,27.03375053,24590800,7.090000153,21421000,5.699999809,21421000,1.649999976,5900,1.620000005,5900,10.93791485,163100,9.952606201,163100,6.764444351,428100,6.373333454,428100,45.09999847,1738900,42.18999863,1738900,31.07999992,1082600,23,1082600,18.59000015,7278900,16.79999924,7278900
5/6/2010 9:53,29.87999916,128613000,27.90999985,128613000,36.8928566,321465200,28.4642849,321465200,17.45192337,189407700,14.56730747,189407700,1.120000005,155700,1.049999952,155700,3.266000032,735000,3.052400112,735000,31.43000031,6056700,28.95000076,6056700,24.90700912,9026600,21.93132973,9026600,30.37392044,24590800,27.03375053,24590800,7.090000153,21421000,5.699999809,21421000,1.649999976,5900,1.620000005,5900,10.93791485,163100,9.952606201,163100,6.764444351,428100,6.373333454,428100,45.09999847,1738900,42.18999863,1738900,31.07999992,1082600,23,1082600,18.59000015,7278900,16.79999924,7278900
5/6/2010 9:54,29.87999916,128613000,27.90999985,128613000,36.8928566,321465200,28.4642849,321465200,17.45192337,189407700,14.56730747,189407700,1.120000005,155700,1.049999952,155700,3.266000032,735000,3.052400112,735000,31.43000031,6056700,28.95000076,6056700,24.90700912,9026600,21.93132973,9026600,30.37392044,24590800,27.03375053,24590800,7.090000153,21421000,5.699999809,21421000,1.649999976,5900,1.620000005,5900,10.93791485,163100,9.952606201,163100,6.764444351,428100,6.373333454,428100,45.09999847,1738900,42.18999863,1738900,31.07999992,1082600,23,1082600,18.59000015,7278900,16.79999924,7278900
5/6/2010 9:55,29.87999916,128613000,27.90999985,128613000,36.8928566,321465200,28.4642849,321465200,17.45192337,189407700,14.56730747,189407700,1.120000005,155700,1.049999952,155700,3.266000032,735000,3.052400112,735000,31.43000031,6056700,28.95000076,6056700,24.90700912,9026600,21.93132973,9026600,30.37392044,24590800,27.03375053,24590800,7.090000153,21421000,5.699999809,21421000,1.649999976,5900,1.620000005,5900,10.93791485,163100,9.952606201,163100,6.764444351,428100,6.373333454,428100,45.09999847,1738900,42.18999863,1738900,31.07999992,1082600,23,1082600,18.59000015,7278900,16.79999924,7278900
5/6/2010 9:56,29.87999916,128613000,27.90999985,128613000,36.8928566,321465200,28.4642849,321465200,17.45192337,189407700,14.56730747,189407700,1.120000005,155700,1.049999952,155700,3.266000032,735000,3.052400112,735000,31.43000031,6056700,28.95000076,6056700,24.90700912,9026600,21.93132973,9026600,30.37392044,24590800,27.03375053,24590800,7.090000153,21421000,5.699999809,21421000,1.649999976,5900,1.620000005,5900,10.93791485,163100,9.952606201,163100,6.764444351,428100,6.373333454,428100,45.09999847,1738900,42.18999863,1738900,31.07999992,1082600,23,1082600,18.59000015,7278900,16.79999924,7278900
5/6/2010 9:57,29.87999916,128613000,27.90999985,128613000,36.8928566,321465200,28.4642849,321465200,17.45192337,189407700,14.56730747,189407700,1.120000005,155700,1.049999952,155700,3.266000032,735000,3.052400112,735000,31.43000031,6056700,28.95000076,6056700,24.90700912,9026600,21.93132973,9026600,30.37392044,24590800,27.03375053,24590800,7.090000153,21421000,5.699999809,21421000,1.649999976,5900,1.620000005,5900,10.93791485,163100,9.952606201,163100,6.764444351,428100,6.373333454,428100,45.09999847,1738900,42.18999863,1738900,31.07999992,1082600,23,1082600,18.59000015,7278900,16.79999924,7278900
5/6/2010 9:58,29.87999916,128613000,27.90999985,128613000,36.8928566,321465200,28.4642849,321465200,17.45192337,189407700,14.56730747,189407700,1.120000005,155700,1.049999952,155700,3.266000032,735000,3.052400112,735000,31.43000031,6056700,28.95000076,6056700,24.90700912,9026600,21.93132973,9026600,30.37392044,24590800,27.03375053,24590800,7.090000153,21421000,5.699999809,21421000,1.649999976,5900,1.620000005,5900,10.93791485,163100,9.952606201,163100,6.764444351,428100,6.373333454,428100,45.09999847,1738900,42.18999863,1738900,31.07999992,1082600,23,1082600,18.59000015,7278900,16.79999924,7278900
5/6/2010 9:59,29.87999916,128613000,27.90999985,128613000,36.8928566,321465200,28.4642849,321465200,17.45192337,189407700,14.56730747,189407700,1.120000005,155700,1.049999952,155700,3.266000032,735000,3.052400112,735000,31.43000031,6056700,28.95000076,6056700,24.90700912,9026600,21.93132973,9026600,30.37392044,24590800,27.03375053,24590800,7.090000153,21421000,5.699999809,21421000,1.649999976,5900,1.620000005,5900,10.93791485,163100,9.952606201,163100,6.764444351,428100,6.373333454,428100,45.09999847,1738900,42.18999863,1738900,31.07999992,1082600,23,1082600,18.59000015,7278900,16.79999924,7278900
5/6/2010 10:00,29.87999916,128613000,27.90999985,128613000,36.8928566,321465200,28.4642849,321465200,17.45192337,189407700,14.56730747,189407700,1.120000005,155700,1.049999952,155700,3.266000032,735000,3.052400112,735000,31.43000031,6056700,28.95000076,6056700,24.90700912,9026600,21.93132973,9026600,30.37392044,24590800,27.03375053,24590800,7.090000153,21421000,5.699999809,21421000,1.649999976,5900,1.620000005,5900,10.93791485,163100,9.952606201,163100,6.764444351,428100,6.373333454,428100,45.09999847,1738900,42.18999863,1738900,31.07999992,1082600,23,1082600,18.59000015,7278900,16.79999924,7278900
5/6/2010 10:01,29.87999916,128613000,27.90999985,128613000,36.8928566,321465200,28.4642849,321465200,17.45192337,189407700,14.56730747,189407700,1.120000005,155700,1.049999952,155700,3.266000032,735000,3.052400112,735000,31.43000031,6056700,28.95000076,6056700,24.90700912,9026600,21.93132973,9026600,30.37392044,24590800,27.03375053,24590800,7.090000153,21421000,5.699999809,21421000,1.649999976,5900,1.620000005,5900,10.93791485,163100,9.952606201,163100,6.764444351,428100,6.373333454,428100,45.09999847,1738900,42.18999863,1738900,31.07999992,1082600,23,1082600,18.59000015,7278900,16.79999924,7278900
5/6/2010 10:02,29.87999916,128613000,27.90999985,128613000,36.8928566,321465200,28.4642849,321465200,17.45192337,189407700,14.56730747,189407700,1.120000005,155700,1.049999952,155700,3.266000032,735000,3.052400112,735000,31.43000031,6056700,28.95000076,6056700,24.90700912,9026600,21.93132973,9026600,30.37392044,24590800,27.03375053,24590800,7.090000153,21421000,5.699999809,21421000,1.649999976,5900,1.620000005,5900,10.93791485,163100,9.952606201,163100,6.764444351,428100,6.373333454,428100,45.09999847,1738900,42.18999863,1738900,31.07999992,1082600,23,1082600,18.59000015,7278900,16.79999924,7278900
5/6/2010 10:03,29.87999916,128613000,27.90999985,128613000,36.8928566,321465200,28.4642849,321465200,17.45192337,189407700,14.56730747,189407700,1.120000005,155700,1.049999952,155700,3.266000032,735000,3.052400112,735000,31.43000031,6056700,28.95000076,6056700,24.90700912,9026600,21.93132973,9026600,30.37392044,24590800,27.03375053,24590800,7.090000153,21421000,5.699999809,21421000,1.649999976,5900,1.620000005,5900,10.93791485,163100,9.952606201,163100,6.764444351,428100,6.373333454,428100,45.09999847,1738900,42.18999863,1738900,31.07999992,1082600,23,1082600,18.59000015,7278900,16.79999924,7278900
5/6/2010 10:04,29.87999916,128613000,27.90999985,128613000,36.8928566,321465200,28.4642849,321465200,17.45192337,189407700,14.56730747,189407700,1.120000005,155700,1.049999952,155700,3.266000032,735000,3.052400112,735000,31.43000031,6056700,28.95000076,6056700,24.90700912,9026600,21.93132973,9026600,30.37392044,24590800,27.03375053,24590800,7.090000153,21421000,5.699999809,21421000,1.649999976,5900,1.620000005,5900,10.93791485,163100,9.952606201,163100,6.764444351,428100,6.373333454,428100,45.09999847,1738900,42.18999863,1738900,31.07999992,1082600,23,1082600,18.59000015,7278900,16.79999924,7278900
5/6/2010 10:05,29.87999916,128613000,27.90999985,128613000,36.8928566,321465200,28.4642849,321465200,17.45192337,189407700,14.56730747,189407700,1.120000005,155700,1.049999952,155700,3.266000032,735000,3.052400112,735000,31.43000031,6056700,28.95000076,6056700,24.90700912,9026600,21.93132973,9026600,30.37392044,24590800,27.03375053,24590800,7.090000153,21421000,5.699999809,21421000,1.649999976,5900,1.620000005,5900,10.93791485,163100,9.952606201,163100,6.764444351,428100,6.373333454,428100,45.09999847,1738900,42.18999863,1738900,31.07999992,1082600,23,1082600,18.59000015,7278900,16.79999924,7278900
5/6/2010 10:06,29.87999916,128613000,27.90999985,128613000,36.8928566,321465200,28.4642849,321465200,17.45192337,189407700,14.56730747,189407700,1.120000005,155700,1.049999952,155700,3.266000032,735000,3.052400112,735000,31.43000031,6056700,28.95000076,6056700,24.90700912,9026600,21.93132973,9026600,30.37392044,24590800,27.03375053,24590800,7.090000153,21421000,5.699999809,21421000,1.649999976,5900,1.620000005,5900,10.93791485,163100,9.952606201,163100,6.764444351,428100,6.373333454,428100,45.09999847,1738900,42.18999863,1738900,31.07999992,1082600,23,1082600,18.59000015,7278900,16.79999924,7278900
5/6/2010 10:07,29.87999916,128613000,27.90999985,128613000,36.8928566,321465200,28.4642849,321465200,17.45192337,189407700,14.56730747,189407700,1.120000005,155700,1.049999952,155700,3.266000032,735000,3.052400112,735000,31.43000031,6056700,28.95000076,6056700,24.90700912,9026600,21.93132973,9026600,30.37392044,24590800,27.03375053,24590800,7.090000153,21421000,5.699999809,21421000,1.649999976,5900,1.620000005,5900,10.93791485,163100,9.952606201,163100,6.764444351,428100,6.373333454,428100,45.09999847,1738900,42.18999863,1738900,31.07999992,1082600,23,1082600,18.59000015,7278900,16.79999924,7278900
5/6/2010 10:08,29.87999916,128613000,27.90999985,128613000,36.8928566,321465200,28.4642849,321465200,17.45192337,189407700,14.56730747,189407700,1.120000005,155700,1.049999952,155700,3.266000032,735000,3.052400112,735000,31.43000031,6056700,28.95000076,6056700,24.90700912,9026600,21.93132973,9026600,30.37392044,24590800,27.03375053,24590800,7.090000153,21421000,5.699999809,21421000,1.649999976,5900,1.620000005,5900,10.93791485,163100,9.952606201,163100,6.764444351,428100,6.373333454,428100,45.09999847,1738900,42.18999863,1738900,31.07999992,1082600,23,1082600,18.59000015,7278900,16.79999924,7278900
5/6/2010 10:09,29.87999916,128613000,27.90999985,128613000,36.8928566,321465200,28.4642849,321465200,17.45192337,189407700,14.56730747,189407700,1.120000005,155700,1.049999952,155700,3.266000032,735000,3.052400112,735000,31.43000031,6056700,28.95000076,6056700,24.90700912,9026600,21.93132973,9026600,30.37392044,24590800,27.03375053,24590800,7.090000153,21421000,5.699999809,21421000,1.649999976,5900,1.620000005,5900,10.93791485,163100,9.952606201,163100,6.764444351,428100,6.373333454,428100,45.09999847,1738900,42.18999863,1738900,31.07999992,1082600,23,1082600,18.59000015,7278900,16.79999924,7278900
5/6/2010 10:10,29.87999916,128613000,27.90999985,128613000,36.8928566,321465200,28.4642849,321465200,17.45192337,189407700,14.56730747,189407700,1.120000005,155700,1.049999952,155700,3.266000032,735000,3.052400112,735000,31.43000031,6056700,28.95000076,6056700,24.90700912,9026600,21.93132973,9026600,30.37392044,24590800,27.03375053,24590800,7.090000153,21421000,5.699999809,21421000,1.649999976,5900,1.620000005,5900,10.93791485,163100,9.952606201,163100,6.764444351,428100,6.373333454,428100,45.09999847,1738900,42.18999863,1738900,31.07999992,1082600,23,1082600,18.59000015,7278900,16.79999924,7278900
5/6/2010 10:11,29.87999916,128613000,27.90999985,128613000,36.8928566,321465200,28.4642849,321465200,17.45192337,189407700,14.56730747,189407700,1.120000005,155700,1.049999952,155700,3.266000032,735000,3.052400112,735000,31.43000031,6056700,28.95000076,6056700,24.90700912,9026600,21.93132973,9026600,30.37392044,24590800,27.03375053,24590800,7.090000153,21421000,5.699999809,21421000,1.649999976,5900,1.620000005,5900,10.93791485,163100,9.952606201,163100,6.764444351,428100,6.373333454,428100,45.09999847,1738900,42.18999863,1738900,31.07999992,1082600,23,1082600,18.59000015,7278900,16.79999924,7278900
5/6/2010 10:12,29.87999916,128613000,27.90999985,128613000,36.8928566,321465200,28.4642849,321465200,17.45192337,189407700,14.56730747,189407700,1.120000005,155700,1.049999952,155700,3.266000032,735000,3.052400112,735000,31.43000031,6056700,28.95000076,6056700,24.90700912,9026600,21.93132973,9026600,30.37392044,24590800,27.03375053,24590800,7.090000153,21421000,5.699999809,21421000,1.649999976,5900,1.620000005,5900,10.93791485,163100,9.952606201,163100,6.764444351,428100,6.373333454,428100,45.09999847,1738900,42.18999863,1738900,31.07999992,1082600,23,1082600,18.59000015,7278900,16.79999924,7278900
5/6/2010 10:13,29.87999916,128613000,27.90999985,128613000,36.8928566,321465200,28.4642849,321465200,17.45192337,189407700,14.56730747,189407700,1.120000005,155700,1.049999952,155700,3.266000032,735000,3.052400112,735000,31.43000031,6056700,28.95000076,6056700,24.90700912,9026600,21.93132973,9026600,30.37392044,24590800,27.03375053,24590800,7.090000153,21421000,5.699999809,21421000,1.649999976,5900,1.620000005,5900,10.93791485,163100,9.952606201,163100,6.764444351,428100,6.373333454,428100,45.09999847,1738900,42.18999863,1738900,31.07999992,1082600,23,1082600,18.59000015,7278900,16.79999924,7278900
5/6/2010 10:14,29.87999916,128613000,27.90999985,128613000,36.8928566,321465200,28.4642849,321465200,17.45192337,189407700,14.56730747,189407700,1.120000005,155700,1.049999952,155700,3.266000032,735000,3.052400112,735000,31.43000031,6056700,28.95000076,6056700,24.90700912,9026600,21.93132973,9026600,30.37392044,24590800,27.03375053,24590800,7.090000153,21421000,5.699999809,21421000,1.649999976,5900,1.620000005,5900,10.93791485,163100,9.952606201,163100,6.764444351,428100,6.373333454,428100,45.09999847,1738900,42.18999863,1738900,31.07999992,1082600,23,1082600,18.59000015,7278900,16.79999924,7278900
5/6/2010 10:15,29.87999916,128613000,27.90999985,128613000,36.8928566,321465200,28.4642849,321465200,17.45192337,189407700,14.56730747,189407700,1.120000005,155700,1.049999952,155700,3.266000032,735000,3.052400112,735000,31.43000031,6056700,28.95000076,6056700,24.90700912,9026600,21.93132973,9026600,30.37392044,24590800,27.03375053,24590800,7.090000153,21421000,5.699999809,21421000,1.649999976,5900,1.620000005,5900,10.93791485,163100,9.952606201,163100,6.764444351,428100,6.373333454,428100,45.09999847,1738900,42.18999863,1738900,31.07999992,1082600,23,1082600,18.59000015,7278900,16.79999924,7278900
5/6/2010 10:16,29.87999916,128613000,27.90999985,128613000,36.8928566,321465200,28.4642849,321465200,17.45192337,189407700,14.56730747,189407700,1.120000005,155700,1.049999952,155700,3.266000032,735000,3.052400112,735000,31.43000031,6056700,28.95000076,6056700,24.90700912,9026600,21.93132973,9026600,30.37392044,24590800,27.03375053,24590800,7.090000153,21421000,5.699999809,21421000,1.649999976,5900,1.620000005,5900,10.93791485,163100,9.952606201,163100,6.764444351,428100,6.373333454,428100,45.09999847,1738900,42.18999863,1738900,31.07999992,1082600,23,1082600,18.59000015,7278900,16.79999924,7278900
5/6/2010 10:17,29.87999916,128613000,27.90999985,128613000,36.8928566,321465200,28.4642849,321465200,17.45192337,189407700,14.56730747,189407700,1.120000005,155700,1.049999952,155700,3.266000032,735000,3.052400112,735000,31.43000031,6056700,28.95000076,6056700,24.90700912,9026600,21.93132973,9026600,30.37392044,24590800,27.03375053,24590800,7.090000153,21421000,5.699999809,21421000,1.649999976,5900,1.620000005,5900,10.93791485,163100,9.952606201,163100,6.764444351,428100,6.373333454,428100,45.09999847,1738900,42.18999863,1738900,31.07999992,1082600,23,1082600,18.59000015,7278900,16.79999924,7278900
5/6/2010 10:18,29.87999916,128613000,27.90999985,128613000,36.8928566,321465200,28.4642849,321465200,17.45192337,189407700,14.56730747,189407700,1.120000005,155700,1.049999952,155700,3.266000032,735000,3.052400112,735000,31.43000031,6056700,28.95000076,6056700,24.90700912,9026600,21.93132973,9026600,30.37392044,24590800,27.03375053,24590800,7.090000153,21421000,5.699999809,21421000,1.649999976,5900,1.620000005,5900,10.93791485,163100,9.952606201,163100,6.764444351,428100,6.373333454,428100,45.09999847,1738900,42.18999863,1738900,31.07999992,1082600,23,1082600,18.59000015,7278900,16.79999924,7278900
5/6/2010 10:19,29.87999916,128613000,27.90999985,128613000,36.8928566,321465200,28.4642849,321465200,17.45192337,189407700,14.56730747,189407700,1.120000005,155700,1.049999952,155700,3.266000032,735000,3.052400112,735000,31.43000031,6056700,28.95000076,6056700,24.90700912,9026600,21.93132973,9026600,30.37392044,24590800,27.03375053,24590800,7.090000153,21421000,5.699999809,21421000,1.649999976,5900,1.620000005,5900,10.93791485,163100,9.952606201,163100,6.764444351,428100,6.373333454,428100,45.09999847,1738900,42.18999863,1738900,31.07999992,1082600,23,1082600,18.59000015,7278900,16.79999924,7278900
5/6/2010 10:20,29.87999916,128613000,27.90999985,128613000,36.8928566,321465200,28.4642849,321465200,17.45192337,189407700,14.56730747,189407700,1.120000005,155700,1.049999952,155700,3.266000032,735000,3.052400112,735000,31.43000031,6056700,28.95000076,6056700,24.90700912,9026600,21.93132973,9026600,30.37392044,24590800,27.03375053,24590800,7.090000153,21421000,5.699999809,21421000,1.649999976,5900,1.620000005,5900,10.93791485,163100,9.952606201,163100,6.764444351,428100,6.373333454,428100,45.09999847,1738900,42.18999863,1738900,31.07999992,1082600,23,1082600,18.59000015,7278900,16.79999924,7278900
5/6/2010 10:21,29.87999916,128613000,27.90999985,128613000,36.8928566,321465200,28.4642849,321465200,17.45192337,189407700,14.56730747,189407700,1.120000005,155700,1.049999952,155700,3.266000032,735000,3.052400112,735000,31.43000031,6056700,28.95000076,6056700,24.90700912,9026600,21.93132973,9026600,30.37392044,24590800,27.03375053,24590800,7.090000153,21421000,5.699999809,21421000,1.649999976,5900,1.620000005,5900,10.93791485,163100,9.952606201,163100,6.764444351,428100,6.373333454,428100,45.09999847,1738900,42.18999863,1738900,31.07999992,1082600,23,1082600,18.59000015,7278900,16.79999924,7278900
5/6/2010 10:22,29.87999916,128613000,27.90999985,128613000,36.8928566,321465200,28.4642849,321465200,17.45192337,189407700,14.56730747,189407700,1.120000005,155700,1.049999952,155700,3.266000032,735000,3.052400112,735000,31.43000031,6056700,28.95000076,6056700,24.90700912,9026600,21.93132973,9026600,30.37392044,24590800,27.03375053,24590800,7.090000153,21421000,5.699999809,21421000,1.649999976,5900,1.620000005,5900,10.93791485,163100,9.952606201,163100,6.764444351,428100,6.373333454,428100,45.09999847,1738900,42.18999863,1738900,31.07999992,1082600,23,1082600,18.59000015,7278900,16.79999924,7278900
5/6/2010 10:23,29.87999916,128613000,27.90999985,128613000,36.8928566,321465200,28.4642849,321465200,17.45192337,189407700,14.56730747,189407700,1.120000005,155700,1.049999952,155700,3.266000032,735000,3.052400112,735000,31.43000031,6056700,28.95000076,6056700,24.90700912,9026600,21.93132973,9026600,30.37392044,24590800,27.03375053,24590800,7.090000153,21421000,5.699999809,21421000,1.649999976,5900,1.620000005,5900,10.93791485,163100,9.952606201,163100,6.764444351,428100,6.373333454,428100,45.09999847,1738900,42.18999863,1738900,31.07999992,1082600,23,1082600,18.59000015,7278900,16.79999924,7278900
5/6/2010 10:24,29.87999916,128613000,27.90999985,128613000,36.8928566,321465200,28.4642849,321465200,17.45192337,189407700,14.56730747,189407700,1.120000005,155700,1.049999952,155700,3.266000032,735000,3.052400112,735000,31.43000031,6056700,28.95000076,6056700,24.90700912,9026600,21.93132973,9026600,30.37392044,24590800,27.03375053,24590800,7.090000153,21421000,5.699999809,21421000,1.649999976,5900,1.620000005,5900,10.93791485,163100,9.952606201,163100,6.764444351,428100,6.373333454,428100,45.09999847,1738900,42.18999863,1738900,31.07999992,1082600,23,1082600,18.59000015,7278900,16.79999924,7278900
5/6/2010 10:25,29.87999916,128613000,27.90999985,128613000,36.8928566,321465200,28.4642849,321465200,17.45192337,189407700,14.56730747,189407700,1.120000005,155700,1.049999952,155700,3.266000032,735000,3.052400112,735000,31.43000031,6056700,28.95000076,6056700,24.90700912,9026600,21.93132973,9026600,30.37392044,24590800,27.03375053,24590800,7.090000153,21421000,5.699999809,21421000,1.649999976,5900,1.620000005,5900,10.93791485,163100,9.952606201,163100,6.764444351,428100,6.373333454,428100,45.09999847,1738900,42.18999863,1738900,31.07999992,1082600,23,1082600,18.59000015,7278900,16.79999924,7278900
5/6/2010 10:26,29.87999916,128613000,27.90999985,128613000,36.8928566,321465200,28.4642849,321465200,17.45192337,189407700,14.56730747,189407700,1.120000005,155700,1.049999952,155700,3.266000032,735000,3.052400112,735000,31.43000031,6056700,28.95000076,6056700,24.90700912,9026600,21.93132973,9026600,30.37392044,24590800,27.03375053,24590800,7.090000153,21421000,5.699999809,21421000,1.649999976,5900,1.620000005,5900,10.93791485,163100,9.952606201,163100,6.764444351,428100,6.373333454,428100,45.09999847,1738900,42.18999863,1738900,31.07999992,1082600,23,1082600,18.59000015,7278900,16.79999924,7278900
5/6/2010 10:27,29.87999916,128613000,27.90999985,128613000,36.8928566,321465200,28.4642849,321465200,17.45192337,189407700,14.56730747,189407700,1.120000005,155700,1.049999952,155700,3.266000032,735000,3.052400112,735000,31.43000031,6056700,28.95000076,6056700,24.90700912,9026600,21.93132973,9026600,30.37392044,24590800,27.03375053,24590800,7.090000153,21421000,5.699999809,21421000,1.649999976,5900,1.620000005,5900,10.93791485,163100,9.952606201,163100,6.764444351,428100,6.373333454,428100,45.09999847,1738900,42.18999863,1738900,31.07999992,1082600,23,1082600,18.59000015,7278900,16.79999924,7278900
5/6/2010 10:28,29.87999916,128613000,27.90999985,128613000,36.8928566,321465200,28.4642849,321465200,17.45192337,189407700,14.56730747,189407700,1.120000005,155700,1.049999952,155700,3.266000032,735000,3.052400112,735000,31.43000031,6056700,28.95000076,6056700,24.90700912,9026600,21.93132973,9026600,30.37392044,24590800,27.03375053,24590800,7.090000153,21421000,5.699999809,21421000,1.649999976,5900,1.620000005,5900,10.93791485,163100,9.952606201,163100,6.764444351,428100,6.373333454,428100,45.09999847,1738900,42.18999863,1738900,31.07999992,1082600,23,1082600,18.59000015,7278900,16.79999924,7278900
5/6/2010 10:29,29.87999916,128613000,27.90999985,128613000,36.8928566,321465200,28.4642849,321465200,17.45192337,189407700,14.56730747,189407700,1.120000005,155700,1.049999952,155700,3.266000032,735000,3.052400112,735000,31.43000031,6056700,28.95000076,6056700,24.90700912,9026600,21.93132973,9026600,30.37392044,24590800,27.03375053,24590800,7.090000153,21421000,5.699999809,21421000,1.649999976,5900,1.620000005,5900,10.93791485,163100,9.952606201,163100,6.764444351,428100,6.373333454,428100,45.09999847,1738900,42.18999863,1738900,31.07999992,1082600,23,1082600,18.59000015,7278900,16.79999924,7278900
5/6/2010 10:30,29.87999916,128613000,27.90999985,128613000,36.8928566,321465200,28.4642849,321465200,17.45192337,189407700,14.56730747,189407700,1.120000005,155700,1.049999952,155700,3.266000032,735000,3.052400112,735000,31.43000031,6056700,28.95000076,6056700,24.90700912,9026600,21.93132973,9026600,30.37392044,24590800,27.03375053,24590800,7.090000153,21421000,5.699999809,21421000,1.649999976,5900,1.620000005,5900,10.93791485,163100,9.952606201,163100,6.764444351,428100,6.373333454,428100,45.09999847,1738900,42.18999863,1738900,31.07999992,1082600,23,1082600,18.59000015,7278900,16.79999924,7278900
5/6/2010 10:31,29.87999916,128613000,27.90999985,128613000,36.8928566,321465200,28.4642849,321465200,17.45192337,189407700,14.56730747,189407700,1.120000005,155700,1.049999952,155700,3.266000032,735000,3.052400112,735000,31.43000031,6056700,28.95000076,6056700,24.90700912,9026600,21.93132973,9026600,30.37392044,24590800,27.03375053,24590800,7.090000153,21421000,5.699999809,21421000,1.649999976,5900,1.620000005,5900,10.93791485,163100,9.952606201,163100,6.764444351,428100,6.373333454,428100,45.09999847,1738900,42.18999863,1738900,31.07999992,1082600,23,1082600,18.59000015,7278900,16.79999924,7278900
5/6/2010 10:32,29.87999916,128613000,27.90999985,128613000,36.8928566,321465200,28.4642849,321465200,17.45192337,189407700,14.56730747,189407700,1.120000005,155700,1.049999952,155700,3.266000032,735000,3.052400112,735000,31.43000031,6056700,28.95000076,6056700,24.90700912,9026600,21.93132973,9026600,30.37392044,24590800,27.03375053,24590800,7.090000153,21421000,5.699999809,21421000,1.649999976,5900,1.620000005,5900,10.93791485,163100,9.952606201,163100,6.764444351,428100,6.373333454,428100,45.09999847,1738900,42.18999863,1738900,31.07999992,1082600,23,1082600,18.59000015,7278900,16.79999924,7278900
5/6/2010 10:33,29.87999916,128613000,27.90999985,128613000,36.8928566,321465200,28.4642849,321465200,17.45192337,189407700,14.56730747,189407700,1.120000005,155700,1.049999952,155700,3.266000032,735000,3.052400112,735000,31.43000031,6056700,28.95000076,6056700,24.90700912,9026600,21.93132973,9026600,30.37392044,24590800,27.03375053,24590800,7.090000153,21421000,5.699999809,21421000,1.649999976,5900,1.620000005,5900,10.93791485,163100,9.952606201,163100,6.764444351,428100,6.373333454,428100,45.09999847,1738900,42.18999863,1738900,31.07999992,1082600,23,1082600,18.59000015,7278900,16.79999924,7278900
5/6/2010 10:34,29.87999916,128613000,27.90999985,128613000,36.8928566,321465200,28.4642849,321465200,17.45192337,189407700,14.56730747,189407700,1.120000005,155700,1.049999952,155700,3.266000032,735000,3.052400112,735000,31.43000031,6056700,28.95000076,6056700,24.90700912,9026600,21.93132973,9026600,30.37392044,24590800,27.03375053,24590800,7.090000153,21421000,5.699999809,21421000,1.649999976,5900,1.620000005,5900,10.93791485,163100,9.952606201,163100,6.764444351,428100,6.373333454,428100,45.09999847,1738900,42.18999863,1738900,31.07999992,1082600,23,1082600,18.59000015,7278900,16.79999924,7278900
5/6/2010 10:35,29.87999916,128613000,27.90999985,128613000,36.8928566,321465200,28.4642849,321465200,17.45192337,189407700,14.56730747,189407700,1.120000005,155700,1.049999952,155700,3.266000032,735000,3.052400112,735000,31.43000031,6056700,28.95000076,6056700,24.90700912,9026600,21.93132973,9026600,30.37392044,24590800,27.03375053,24590800,7.090000153,21421000,5.699999809,21421000,1.649999976,5900,1.620000005,5900,10.93791485,163100,9.952606201,163100,6.764444351,428100,6.373333454,428100,45.09999847,1738900,42.18999863,1738900,31.07999992,1082600,23,1082600,18.59000015,7278900,16.79999924,7278900
5/6/2010 10:36,29.87999916,128613000,27.90999985,128613000,36.8928566,321465200,28.4642849,321465200,17.45192337,189407700,14.56730747,189407700,1.120000005,155700,1.049999952,155700,3.266000032,735000,3.052400112,735000,31.43000031,6056700,28.95000076,6056700,24.90700912,9026600,21.93132973,9026600,30.37392044,24590800,27.03375053,24590800,7.090000153,21421000,5.699999809,21421000,1.649999976,5900,1.620000005,5900,10.93791485,163100,9.952606201,163100,6.764444351,428100,6.373333454,428100,45.09999847,1738900,42.18999863,1738900,31.07999992,1082600,23,1082600,18.59000015,7278900,16.79999924,7278900
5/6/2010 10:37,29.87999916,128613000,27.90999985,128613000,36.8928566,321465200,28.4642849,321465200,17.45192337,189407700,14.56730747,189407700,1.120000005,155700,1.049999952,155700,3.266000032,735000,3.052400112,735000,31.43000031,6056700,28.95000076,6056700,24.90700912,9026600,21.93132973,9026600,30.37392044,24590800,27.03375053,24590800,7.090000153,21421000,5.699999809,21421000,1.649999976,5900,1.620000005,5900,10.93791485,163100,9.952606201,163100,6.764444351,428100,6.373333454,428100,45.09999847,1738900,42.18999863,1738900,31.07999992,1082600,23,1082600,18.59000015,7278900,16.79999924,7278900
5/6/2010 10:38,29.87999916,128613000,27.90999985,128613000,36.8928566,321465200,28.4642849,321465200,17.45192337,189407700,14.56730747,189407700,1.120000005,155700,1.049999952,155700,3.266000032,735000,3.052400112,735000,31.43000031,6056700,28.95000076,6056700,24.90700912,9026600,21.93132973,9026600,30.37392044,24590800,27.03375053,24590800,7.090000153,21421000,5.699999809,21421000,1.649999976,5900,1.620000005,5900,10.93791485,163100,9.952606201,163100,6.764444351,428100,6.373333454,428100,45.09999847,1738900,42.18999863,1738900,31.07999992,1082600,23,1082600,18.59000015,7278900,16.79999924,7278900
5/6/2010 10:39,29.87999916,128613000,27.90999985,128613000,36.8928566,321465200,28.4642849,321465200,17.45192337,189407700,14.56730747,189407700,1.120000005,155700,1.049999952,155700,3.266000032,735000,3.052400112,735000,31.43000031,6056700,28.95000076,6056700,24.90700912,9026600,21.93132973,9026600,30.37392044,24590800,27.03375053,24590800,7.090000153,21421000,5.699999809,21421000,1.649999976,5900,1.620000005,5900,10.93791485,163100,9.952606201,163100,6.764444351,428100,6.373333454,428100,45.09999847,1738900,42.18999863,1738900,31.07999992,1082600,23,1082600,18.59000015,7278900,16.79999924,7278900
5/6/2010 10:40,29.87999916,128613000,27.90999985,128613000,36.8928566,321465200,28.4642849,321465200,17.45192337,189407700,14.56730747,189407700,1.120000005,155700,1.049999952,155700,3.266000032,735000,3.052400112,735000,31.43000031,6056700,28.95000076,6056700,24.90700912,9026600,21.93132973,9026600,30.37392044,24590800,27.03375053,24590800,7.090000153,21421000,5.699999809,21421000,1.649999976,5900,1.620000005,5900,10.93791485,163100,9.952606201,163100,6.764444351,428100,6.373333454,428100,45.09999847,1738900,42.18999863,1738900,31.07999992,1082600,23,1082600,18.59000015,7278900,16.79999924,7278900
5/6/2010 10:41,29.87999916,128613000,27.90999985,128613000,36.8928566,321465200,28.4642849,321465200,17.45192337,189407700,14.56730747,189407700,1.120000005,155700,1.049999952,155700,3.266000032,735000,3.052400112,735000,31.43000031,6056700,28.95000076,6056700,24.90700912,9026600,21.93132973,9026600,30.37392044,24590800,27.03375053,24590800,7.090000153,21421000,5.699999809,21421000,1.649999976,5900,1.620000005,5900,10.93791485,163100,9.952606201,163100,6.764444351,428100,6.373333454,428100,45.09999847,1738900,42.18999863,1738900,31.07999992,1082600,23,1082600,18.59000015,7278900,16.79999924,7278900
5/6/2010 10:42,29.87999916,128613000,27.90999985,128613000,36.8928566,321465200,28.4642849,321465200,17.45192337,189407700,14.56730747,189407700,1.120000005,155700,1.049999952,155700,3.266000032,735000,3.052400112,735000,31.43000031,6056700,28.95000076,6056700,24.90700912,9026600,21.93132973,9026600,30.37392044,24590800,27.03375053,24590800,7.090000153,21421000,5.699999809,21421000,1.649999976,5900,1.620000005,5900,10.93791485,163100,9.952606201,163100,6.764444351,428100,6.373333454,428100,45.09999847,1738900,42.18999863,1738900,31.07999992,1082600,23,1082600,18.59000015,7278900,16.79999924,7278900
5/6/2010 10:43,29.87999916,128613000,27.90999985,128613000,36.8928566,321465200,28.4642849,321465200,17.45192337,189407700,14.56730747,189407700,1.120000005,155700,1.049999952,155700,3.266000032,735000,3.052400112,735000,31.43000031,6056700,28.95000076,6056700,24.90700912,9026600,21.93132973,9026600,30.37392044,24590800,27.03375053,24590800,7.090000153,21421000,5.699999809,21421000,1.649999976,5900,1.620000005,5900,10.93791485,163100,9.952606201,163100,6.764444351,428100,6.373333454,428100,45.09999847,1738900,42.18999863,1738900,31.07999992,1082600,23,1082600,18.59000015,7278900,16.79999924,7278900
5/6/2010 10:44,29.87999916,128613000,27.90999985,128613000,36.8928566,321465200,28.4642849,321465200,17.45192337,189407700,14.56730747,189407700,1.120000005,155700,1.049999952,155700,3.266000032,735000,3.052400112,735000,31.43000031,6056700,28.95000076,6056700,24.90700912,9026600,21.93132973,9026600,30.37392044,24590800,27.03375053,24590800,7.090000153,21421000,5.699999809,21421000,1.649999976,5900,1.620000005,5900,10.93791485,163100,9.952606201,163100,6.764444351,428100,6.373333454,428100,45.09999847,1738900,42.18999863,1738900,31.07999992,1082600,23,1082600,18.59000015,7278900,16.79999924,7278900
5/6/2010 10:45,29.87999916,128613000,27.90999985,128613000,36.8928566,321465200,28.4642849,321465200,17.45192337,189407700,14.56730747,189407700,1.120000005,155700,1.049999952,155700,3.266000032,735000,3.052400112,735000,31.43000031,6056700,28.95000076,6056700,24.90700912,9026600,21.93132973,9026600,30.37392044,24590800,27.03375053,24590800,7.090000153,21421000,5.699999809,21421000,1.649999976,5900,1.620000005,5900,10.93791485,163100,9.952606201,163100,6.764444351,428100,6.373333454,428100,45.09999847,1738900,42.18999863,1738900,31.07999992,1082600,23,1082600,18.59000015,7278900,16.79999924,7278900
5/6/2010 10:46,29.87999916,128613000,27.90999985,128613000,36.8928566,321465200,28.4642849,321465200,17.45192337,189407700,14.56730747,189407700,1.120000005,155700,1.049999952,155700,3.266000032,735000,3.052400112,735000,31.43000031,6056700,28.95000076,6056700,24.90700912,9026600,21.93132973,9026600,30.37392044,24590800,27.03375053,24590800,7.090000153,21421000,5.699999809,21421000,1.649999976,5900,1.620000005,5900,10.93791485,163100,9.952606201,163100,6.764444351,428100,6.373333454,428100,45.09999847,1738900,42.18999863,1738900,31.07999992,1082600,23,1082600,18.59000015,7278900,16.79999924,7278900
5/6/2010 10:47,29.87999916,128613000,27.90999985,128613000,36.8928566,321465200,28.4642849,321465200,17.45192337,189407700,14.56730747,189407700,1.120000005,155700,1.049999952,155700,3.266000032,735000,3.052400112,735000,31.43000031,6056700,28.95000076,6056700,24.90700912,9026600,21.93132973,9026600,30.37392044,24590800,27.03375053,24590800,7.090000153,21421000,5.699999809,21421000,1.649999976,5900,1.620000005,5900,10.93791485,163100,9.952606201,163100,6.764444351,428100,6.373333454,428100,45.09999847,1738900,42.18999863,1738900,31.07999992,1082600,23,1082600,18.59000015,7278900,16.79999924,7278900
5/6/2010 10:48,29.87999916,128613000,27.90999985,128613000,36.8928566,321465200,28.4642849,321465200,17.45192337,189407700,14.56730747,189407700,1.120000005,155700,1.049999952,155700,3.266000032,735000,3.052400112,735000,31.43000031,6056700,28.95000076,6056700,24.90700912,9026600,21.93132973,9026600,30.37392044,24590800,27.03375053,24590800,7.090000153,21421000,5.699999809,21421000,1.649999976,5900,1.620000005,5900,10.93791485,163100,9.952606201,163100,6.764444351,428100,6.373333454,428100,45.09999847,1738900,42.18999863,1738900,31.07999992,1082600,23,1082600,18.59000015,7278900,16.79999924,7278900
5/6/2010 10:49,29.87999916,128613000,27.90999985,128613000,36.8928566,321465200,28.4642849,321465200,17.45192337,189407700,14.56730747,189407700,1.120000005,155700,1.049999952,155700,3.266000032,735000,3.052400112,735000,31.43000031,6056700,28.95000076,6056700,24.90700912,9026600,21.93132973,9026600,30.37392044,24590800,27.03375053,24590800,7.090000153,21421000,5.699999809,21421000,1.649999976,5900,1.620000005,5900,10.93791485,163100,9.952606201,163100,6.764444351,428100,6.373333454,428100,45.09999847,1738900,42.18999863,1738900,31.07999992,1082600,23,1082600,18.59000015,7278900,16.79999924,7278900
5/6/2010 10:50,29.87999916,128613000,27.90999985,128613000,36.8928566,321465200,28.4642849,321465200,17.45192337,189407700,14.56730747,189407700,1.120000005,155700,1.049999952,155700,3.266000032,735000,3.052400112,735000,31.43000031,6056700,28.95000076,6056700,24.90700912,9026600,21.93132973,9026600,30.37392044,24590800,27.03375053,24590800,7.090000153,21421000,5.699999809,21421000,1.649999976,5900,1.620000005,5900,10.93791485,163100,9.952606201,163100,6.764444351,428100,6.373333454,428100,45.09999847,1738900,42.18999863,1738900,31.07999992,1082600,23,1082600,18.59000015,7278900,16.79999924,7278900
5/6/2010 10:51,29.87999916,128613000,27.90999985,128613000,36.8928566,321465200,28.4642849,321465200,17.45192337,189407700,14.56730747,189407700,1.120000005,155700,1.049999952,155700,3.266000032,735000,3.052400112,735000,31.43000031,6056700,28.95000076,6056700,24.90700912,9026600,21.93132973,9026600,30.37392044,24590800,27.03375053,24590800,7.090000153,21421000,5.699999809,21421000,1.649999976,5900,1.620000005,5900,10.93791485,163100,9.952606201,163100,6.764444351,428100,6.373333454,428100,45.09999847,1738900,42.18999863,1738900,31.07999992,1082600,23,1082600,18.59000015,7278900,16.79999924,7278900
5/6/2010 10:52,29.87999916,128613000,27.90999985,128613000,36.8928566,321465200,28.4642849,321465200,17.45192337,189407700,14.56730747,189407700,1.120000005,155700,1.049999952,155700,3.266000032,735000,3.052400112,735000,31.43000031,6056700,28.95000076,6056700,24.90700912,9026600,21.93132973,9026600,30.37392044,24590800,27.03375053,24590800,7.090000153,21421000,5.699999809,21421000,1.649999976,5900,1.620000005,5900,10.93791485,163100,9.952606201,163100,6.764444351,428100,6.373333454,428100,45.09999847,1738900,42.18999863,1738900,31.07999992,1082600,23,1082600,18.59000015,7278900,16.79999924,7278900
5/6/2010 10:53,29.87999916,128613000,27.90999985,128613000,36.8928566,321465200,28.4642849,321465200,17.45192337,189407700,14.56730747,189407700,1.120000005,155700,1.049999952,155700,3.266000032,735000,3.052400112,735000,31.43000031,6056700,28.95000076,6056700,24.90700912,9026600,21.93132973,9026600,30.37392044,24590800,27.03375053,24590800,7.090000153,21421000,5.699999809,21421000,1.649999976,5900,1.620000005,5900,10.93791485,163100,9.952606201,163100,6.764444351,428100,6.373333454,428100,45.09999847,1738900,42.18999863,1738900,31.07999992,1082600,23,1082600,18.59000015,7278900,16.79999924,7278900
5/6/2010 10:54,29.87999916,128613000,27.90999985,128613000,36.8928566,321465200,28.4642849,321465200,17.45192337,189407700,14.56730747,189407700,1.120000005,155700,1.049999952,155700,3.266000032,735000,3.052400112,735000,31.43000031,6056700,28.95000076,6056700,24.90700912,9026600,21.93132973,9026600,30.37392044,24590800,27.03375053,24590800,7.090000153,21421000,5.699999809,21421000,1.649999976,5900,1.620000005,5900,10.93791485,163100,9.952606201,163100,6.764444351,428100,6.373333454,428100,45.09999847,1738900,42.18999863,1738900,31.07999992,1082600,23,1082600,18.59000015,7278900,16.79999924,7278900
5/6/2010 10:55,29.87999916,128613000,27.90999985,128613000,36.8928566,321465200,28.4642849,321465200,17.45192337,189407700,14.56730747,189407700,1.120000005,155700,1.049999952,155700,3.266000032,735000,3.052400112,735000,31.43000031,6056700,28.95000076,6056700,24.90700912,9026600,21.93132973,9026600,30.37392044,24590800,27.03375053,24590800,7.090000153,21421000,5.699999809,21421000,1.649999976,5900,1.620000005,5900,10.93791485,163100,9.952606201,163100,6.764444351,428100,6.373333454,428100,45.09999847,1738900,42.18999863,1738900,31.07999992,1082600,23,1082600,18.59000015,7278900,16.79999924,7278900
5/6/2010 10:56,29.87999916,128613000,27.90999985,128613000,36.8928566,321465200,28.4642849,321465200,17.45192337,189407700,14.56730747,189407700,1.120000005,155700,1.049999952,155700,3.266000032,735000,3.052400112,735000,31.43000031,6056700,28.95000076,6056700,24.90700912,9026600,21.93132973,9026600,30.37392044,24590800,27.03375053,24590800,7.090000153,21421000,5.699999809,21421000,1.649999976,5900,1.620000005,5900,10.93791485,163100,9.952606201,163100,6.764444351,428100,6.373333454,428100,45.09999847,1738900,42.18999863,1738900,31.07999992,1082600,23,1082600,18.59000015,7278900,16.79999924,7278900
5/6/2010 10:57,29.87999916,128613000,27.90999985,128613000,36.8928566,321465200,28.4642849,321465200,17.45192337,189407700,14.56730747,189407700,1.120000005,155700,1.049999952,155700,3.266000032,735000,3.052400112,735000,31.43000031,6056700,28.95000076,6056700,24.90700912,9026600,21.93132973,9026600,30.37392044,24590800,27.03375053,24590800,7.090000153,21421000,5.699999809,21421000,1.649999976,5900,1.620000005,5900,10.93791485,163100,9.952606201,163100,6.764444351,428100,6.373333454,428100,45.09999847,1738900,42.18999863,1738900,31.07999992,1082600,23,1082600,18.59000015,7278900,16.79999924,7278900
5/6/2010 10:58,29.87999916,128613000,27.90999985,128613000,36.8928566,321465200,28.4642849,321465200,17.45192337,189407700,14.56730747,189407700,1.120000005,155700,1.049999952,155700,3.266000032,735000,3.052400112,735000,31.43000031,6056700,28.95000076,6056700,24.90700912,9026600,21.93132973,9026600,30.37392044,24590800,27.03375053,24590800,7.090000153,21421000,5.699999809,21421000,1.649999976,5900,1.620000005,5900,10.93791485,163100,9.952606201,163100,6.764444351,428100,6.373333454,428100,45.09999847,1738900,42.18999863,1738900,31.07999992,1082600,23,1082600,18.59000015,7278900,16.79999924,7278900
5/6/2010 10:59,29.87999916,128613000,27.90999985,128613000,36.8928566,321465200,28.4642849,321465200,17.45192337,189407700,14.56730747,189407700,1.120000005,155700,1.049999952,155700,3.266000032,735000,3.052400112,735000,31.43000031,6056700,28.95000076,6056700,24.90700912,9026600,21.93132973,9026600,30.37392044,24590800,27.03375053,24590800,7.090000153,21421000,5.699999809,21421000,1.649999976,5900,1.620000005,5900,10.93791485,163100,9.952606201,163100,6.764444351,428100,6.373333454,428100,45.09999847,1738900,42.18999863,1738900,31.07999992,1082600,23,1082600,18.59000015,7278900,16.79999924,7278900
5/6/2010 11:00,29.87999916,128613000,27.90999985,128613000,36.8928566,321465200,28.4642849,321465200,17.45192337,189407700,14.56730747,189407700,1.120000005,155700,1.049999952,155700,3.266000032,735000,3.052400112,735000,31.43000031,6056700,28.95000076,6056700,24.90700912,9026600,21.93132973,9026600,30.37392044,24590800,27.03375053,24590800,7.090000153,21421000,5.699999809,21421000,1.649999976,5900,1.620000005,5900,10.93791485,163100,9.952606201,163100,6.764444351,428100,6.373333454,428100,45.09999847,1738900,42.18999863,1738900,31.07999992,1082600,23,1082600,18.59000015,7278900,16.79999924,7278900
5/6/2010 11:01,29.87999916,128613000,27.90999985,128613000,36.8928566,321465200,28.4642849,321465200,17.45192337,189407700,14.56730747,189407700,1.120000005,155700,1.049999952,155700,3.266000032,735000,3.052400112,735000,31.43000031,6056700,28.95000076,6056700,24.90700912,9026600,21.93132973,9026600,30.37392044,24590800,27.03375053,24590800,7.090000153,21421000,5.699999809,21421000,1.649999976,5900,1.620000005,5900,10.93791485,163100,9.952606201,163100,6.764444351,428100,6.373333454,428100,45.09999847,1738900,42.18999863,1738900,31.07999992,1082600,23,1082600,18.59000015,7278900,16.79999924,7278900
5/6/2010 11:02,29.87999916,128613000,27.90999985,128613000,36.8928566,321465200,28.4642849,321465200,17.45192337,189407700,14.56730747,189407700,1.120000005,155700,1.049999952,155700,3.266000032,735000,3.052400112,735000,31.43000031,6056700,28.95000076,6056700,24.90700912,9026600,21.93132973,9026600,30.37392044,24590800,27.03375053,24590800,7.090000153,21421000,5.699999809,21421000,1.649999976,5900,1.620000005,5900,10.93791485,163100,9.952606201,163100,6.764444351,428100,6.373333454,428100,45.09999847,1738900,42.18999863,1738900,31.07999992,1082600,23,1082600,18.59000015,7278900,16.79999924,7278900
5/6/2010 11:03,29.87999916,128613000,27.90999985,128613000,36.8928566,321465200,28.4642849,321465200,17.45192337,189407700,14.56730747,189407700,1.120000005,155700,1.049999952,155700,3.266000032,735000,3.052400112,735000,31.43000031,6056700,28.95000076,6056700,24.90700912,9026600,21.93132973,9026600,30.37392044,24590800,27.03375053,24590800,7.090000153,21421000,5.699999809,21421000,1.649999976,5900,1.620000005,5900,10.93791485,163100,9.952606201,163100,6.764444351,428100,6.373333454,428100,45.09999847,1738900,42.18999863,1738900,31.07999992,1082600,23,1082600,18.59000015,7278900,16.79999924,7278900
5/6/2010 11:04,29.87999916,128613000,27.90999985,128613000,36.8928566,321465200,28.4642849,321465200,17.45192337,189407700,14.56730747,189407700,1.120000005,155700,1.049999952,155700,3.266000032,735000,3.052400112,735000,31.43000031,6056700,28.95000076,6056700,24.90700912,9026600,21.93132973,9026600,30.37392044,24590800,27.03375053,24590800,7.090000153,21421000,5.699999809,21421000,1.649999976,5900,1.620000005,5900,10.93791485,163100,9.952606201,163100,6.764444351,428100,6.373333454,428100,45.09999847,1738900,42.18999863,1738900,31.07999992,1082600,23,1082600,18.59000015,7278900,16.79999924,7278900
5/6/2010 11:05,29.87999916,128613000,27.90999985,128613000,36.8928566,321465200,28.4642849,321465200,17.45192337,189407700,14.56730747,189407700,1.120000005,155700,1.049999952,155700,3.266000032,735000,3.052400112,735000,31.43000031,6056700,28.95000076,6056700,24.90700912,9026600,21.93132973,9026600,30.37392044,24590800,27.03375053,24590800,7.090000153,21421000,5.699999809,21421000,1.649999976,5900,1.620000005,5900,10.93791485,163100,9.952606201,163100,6.764444351,428100,6.373333454,428100,45.09999847,1738900,42.18999863,1738900,31.07999992,1082600,23,1082600,18.59000015,7278900,16.79999924,7278900
5/6/2010 11:06,29.87999916,128613000,27.90999985,128613000,36.8928566,321465200,28.4642849,321465200,17.45192337,189407700,14.56730747,189407700,1.120000005,155700,1.049999952,155700,3.266000032,735000,3.052400112,735000,31.43000031,6056700,28.95000076,6056700,24.90700912,9026600,21.93132973,9026600,30.37392044,24590800,27.03375053,24590800,7.090000153,21421000,5.699999809,21421000,1.649999976,5900,1.620000005,5900,10.93791485,163100,9.952606201,163100,6.764444351,428100,6.373333454,428100,45.09999847,1738900,42.18999863,1738900,31.07999992,1082600,23,1082600,18.59000015,7278900,16.79999924,7278900
5/6/2010 11:07,29.87999916,128613000,27.90999985,128613000,36.8928566,321465200,28.4642849,321465200,17.45192337,189407700,14.56730747,189407700,1.120000005,155700,1.049999952,155700,3.266000032,735000,3.052400112,735000,31.43000031,6056700,28.95000076,6056700,24.90700912,9026600,21.93132973,9026600,30.37392044,24590800,27.03375053,24590800,7.090000153,21421000,5.699999809,21421000,1.649999976,5900,1.620000005,5900,10.93791485,163100,9.952606201,163100,6.764444351,428100,6.373333454,428100,45.09999847,1738900,42.18999863,1738900,31.07999992,1082600,23,1082600,18.59000015,7278900,16.79999924,7278900
5/6/2010 11:08,29.87999916,128613000,27.90999985,128613000,36.8928566,321465200,28.4642849,321465200,17.45192337,189407700,14.56730747,189407700,1.120000005,155700,1.049999952,155700,3.266000032,735000,3.052400112,735000,31.43000031,6056700,28.95000076,6056700,24.90700912,9026600,21.93132973,9026600,30.37392044,24590800,27.03375053,24590800,7.090000153,21421000,5.699999809,21421000,1.649999976,5900,1.620000005,5900,10.93791485,163100,9.952606201,163100,6.764444351,428100,6.373333454,428100,45.09999847,1738900,42.18999863,1738900,31.07999992,1082600,23,1082600,18.59000015,7278900,16.79999924,7278900
5/6/2010 11:09,29.87999916,128613000,27.90999985,128613000,36.8928566,321465200,28.4642849,321465200,17.45192337,189407700,14.56730747,189407700,1.120000005,155700,1.049999952,155700,3.266000032,735000,3.052400112,735000,31.43000031,6056700,28.95000076,6056700,24.90700912,9026600,21.93132973,9026600,30.37392044,24590800,27.03375053,24590800,7.090000153,21421000,5.699999809,21421000,1.649999976,5900,1.620000005,5900,10.93791485,163100,9.952606201,163100,6.764444351,428100,6.373333454,428100,45.09999847,1738900,42.18999863,1738900,31.07999992,1082600,23,1082600,18.59000015,7278900,16.79999924,7278900
5/6/2010 11:10,29.87999916,128613000,27.90999985,128613000,36.8928566,321465200,28.4642849,321465200,17.45192337,189407700,14.56730747,189407700,1.120000005,155700,1.049999952,155700,3.266000032,735000,3.052400112,735000,31.43000031,6056700,28.95000076,6056700,24.90700912,9026600,21.93132973,9026600,30.37392044,24590800,27.03375053,24590800,7.090000153,21421000,5.699999809,21421000,1.649999976,5900,1.620000005,5900,10.93791485,163100,9.952606201,163100,6.764444351,428100,6.373333454,428100,45.09999847,1738900,42.18999863,1738900,31.07999992,1082600,23,1082600,18.59000015,7278900,16.79999924,7278900
5/6/2010 11:11,29.87999916,128613000,27.90999985,128613000,36.8928566,321465200,28.4642849,321465200,17.45192337,189407700,14.56730747,189407700,1.120000005,155700,1.049999952,155700,3.266000032,735000,3.052400112,735000,31.43000031,6056700,28.95000076,6056700,24.90700912,9026600,21.93132973,9026600,30.37392044,24590800,27.03375053,24590800,7.090000153,21421000,5.699999809,21421000,1.649999976,5900,1.620000005,5900,10.93791485,163100,9.952606201,163100,6.764444351,428100,6.373333454,428100,45.09999847,1738900,42.18999863,1738900,31.07999992,1082600,23,1082600,18.59000015,7278900,16.79999924,7278900
5/6/2010 11:12,29.87999916,128613000,27.90999985,128613000,36.8928566,321465200,28.4642849,321465200,17.45192337,189407700,14.56730747,189407700,1.120000005,155700,1.049999952,155700,3.266000032,735000,3.052400112,735000,31.43000031,6056700,28.95000076,6056700,24.90700912,9026600,21.93132973,9026600,30.37392044,24590800,27.03375053,24590800,7.090000153,21421000,5.699999809,21421000,1.649999976,5900,1.620000005,5900,10.93791485,163100,9.952606201,163100,6.764444351,428100,6.373333454,428100,45.09999847,1738900,42.18999863,1738900,31.07999992,1082600,23,1082600,18.59000015,7278900,16.79999924,7278900
5/6/2010 11:13,29.87999916,128613000,27.90999985,128613000,36.8928566,321465200,28.4642849,321465200,17.45192337,189407700,14.56730747,189407700,1.120000005,155700,1.049999952,155700,3.266000032,735000,3.052400112,735000,31.43000031,6056700,28.95000076,6056700,24.90700912,9026600,21.93132973,9026600,30.37392044,24590800,27.03375053,24590800,7.090000153,21421000,5.699999809,21421000,1.649999976,5900,1.620000005,5900,10.93791485,163100,9.952606201,163100,6.764444351,428100,6.373333454,428100,45.09999847,1738900,42.18999863,1738900,31.07999992,1082600,23,1082600,18.59000015,7278900,16.79999924,7278900
5/6/2010 11:14,29.87999916,128613000,27.90999985,128613000,36.8928566,321465200,28.4642849,321465200,17.45192337,189407700,14.56730747,189407700,1.120000005,155700,1.049999952,155700,3.266000032,735000,3.052400112,735000,31.43000031,6056700,28.95000076,6056700,24.90700912,9026600,21.93132973,9026600,30.37392044,24590800,27.03375053,24590800,7.090000153,21421000,5.699999809,21421000,1.649999976,5900,1.620000005,5900,10.93791485,163100,9.952606201,163100,6.764444351,428100,6.373333454,428100,45.09999847,1738900,42.18999863,1738900,31.07999992,1082600,23,1082600,18.59000015,7278900,16.79999924,7278900
5/6/2010 11:15,29.87999916,128613000,27.90999985,128613000,36.8928566,321465200,28.4642849,321465200,17.45192337,189407700,14.56730747,189407700,1.120000005,155700,1.049999952,155700,3.266000032,735000,3.052400112,735000,31.43000031,6056700,28.95000076,6056700,24.90700912,9026600,21.93132973,9026600,30.37392044,24590800,27.03375053,24590800,7.090000153,21421000,5.699999809,21421000,1.649999976,5900,1.620000005,5900,10.93791485,163100,9.952606201,163100,6.764444351,428100,6.373333454,428100,45.09999847,1738900,42.18999863,1738900,31.07999992,1082600,23,1082600,18.59000015,7278900,16.79999924,7278900
5/6/2010 11:16,29.87999916,128613000,27.90999985,128613000,36.8928566,321465200,28.4642849,321465200,17.45192337,189407700,14.56730747,189407700,1.120000005,155700,1.049999952,155700,3.266000032,735000,3.052400112,735000,31.43000031,6056700,28.95000076,6056700,24.90700912,9026600,21.93132973,9026600,30.37392044,24590800,27.03375053,24590800,7.090000153,21421000,5.699999809,21421000,1.649999976,5900,1.620000005,5900,10.93791485,163100,9.952606201,163100,6.764444351,428100,6.373333454,428100,45.09999847,1738900,42.18999863,1738900,31.07999992,1082600,23,1082600,18.59000015,7278900,16.79999924,7278900
5/6/2010 11:17,29.87999916,128613000,27.90999985,128613000,36.8928566,321465200,28.4642849,321465200,17.45192337,189407700,14.56730747,189407700,1.120000005,155700,1.049999952,155700,3.266000032,735000,3.052400112,735000,31.43000031,6056700,28.95000076,6056700,24.90700912,9026600,21.93132973,9026600,30.37392044,24590800,27.03375053,24590800,7.090000153,21421000,5.699999809,21421000,1.649999976,5900,1.620000005,5900,10.93791485,163100,9.952606201,163100,6.764444351,428100,6.373333454,428100,45.09999847,1738900,42.18999863,1738900,31.07999992,1082600,23,1082600,18.59000015,7278900,16.79999924,7278900
5/6/2010 11:18,29.87999916,128613000,27.90999985,128613000,36.8928566,321465200,28.4642849,321465200,17.45192337,189407700,14.56730747,189407700,1.120000005,155700,1.049999952,155700,3.266000032,735000,3.052400112,735000,31.43000031,6056700,28.95000076,6056700,24.90700912,9026600,21.93132973,9026600,30.37392044,24590800,27.03375053,24590800,7.090000153,21421000,5.699999809,21421000,1.649999976,5900,1.620000005,5900,10.93791485,163100,9.952606201,163100,6.764444351,428100,6.373333454,428100,45.09999847,1738900,42.18999863,1738900,31.07999992,1082600,23,1082600,18.59000015,7278900,16.79999924,7278900
5/6/2010 11:19,29.87999916,128613000,27.90999985,128613000,36.8928566,321465200,28.4642849,321465200,17.45192337,189407700,14.56730747,189407700,1.120000005,155700,1.049999952,155700,3.266000032,735000,3.052400112,735000,31.43000031,6056700,28.95000076,6056700,24.90700912,9026600,21.93132973,9026600,30.37392044,24590800,27.03375053,24590800,7.090000153,21421000,5.699999809,21421000,1.649999976,5900,1.620000005,5900,10.93791485,163100,9.952606201,163100,6.764444351,428100,6.373333454,428100,45.09999847,1738900,42.18999863,1738900,31.07999992,1082600,23,1082600,18.59000015,7278900,16.79999924,7278900
5/6/2010 11:20,29.87999916,128613000,27.90999985,128613000,36.8928566,321465200,28.4642849,321465200,17.45192337,189407700,14.56730747,189407700,1.120000005,155700,1.049999952,155700,3.266000032,735000,3.052400112,735000,31.43000031,6056700,28.95000076,6056700,24.90700912,9026600,21.93132973,9026600,30.37392044,24590800,27.03375053,24590800,7.090000153,21421000,5.699999809,21421000,1.649999976,5900,1.620000005,5900,10.93791485,163100,9.952606201,163100,6.764444351,428100,6.373333454,428100,45.09999847,1738900,42.18999863,1738900,31.07999992,1082600,23,1082600,18.59000015,7278900,16.79999924,7278900
5/6/2010 11:21,29.87999916,128613000,27.90999985,128613000,36.8928566,321465200,28.4642849,321465200,17.45192337,189407700,14.56730747,189407700,1.120000005,155700,1.049999952,155700,3.266000032,735000,3.052400112,735000,31.43000031,6056700,28.95000076,6056700,24.90700912,9026600,21.93132973,9026600,30.37392044,24590800,27.03375053,24590800,7.090000153,21421000,5.699999809,21421000,1.649999976,5900,1.620000005,5900,10.93791485,163100,9.952606201,163100,6.764444351,428100,6.373333454,428100,45.09999847,1738900,42.18999863,1738900,31.07999992,1082600,23,1082600,18.59000015,7278900,16.79999924,7278900
5/6/2010 11:22,29.87999916,128613000,27.90999985,128613000,36.8928566,321465200,28.4642849,321465200,17.45192337,189407700,14.56730747,189407700,1.120000005,155700,1.049999952,155700,3.266000032,735000,3.052400112,735000,31.43000031,6056700,28.95000076,6056700,24.90700912,9026600,21.93132973,9026600,30.37392044,24590800,27.03375053,24590800,7.090000153,21421000,5.699999809,21421000,1.649999976,5900,1.620000005,5900,10.93791485,163100,9.952606201,163100,6.764444351,428100,6.373333454,428100,45.09999847,1738900,42.18999863,1738900,31.07999992,1082600,23,1082600,18.59000015,7278900,16.79999924,7278900
5/6/2010 11:23,29.87999916,128613000,27.90999985,128613000,36.8928566,321465200,28.4642849,321465200,17.45192337,189407700,14.56730747,189407700,1.120000005,155700,1.049999952,155700,3.266000032,735000,3.052400112,735000,31.43000031,6056700,28.95000076,6056700,24.90700912,9026600,21.93132973,9026600,30.37392044,24590800,27.03375053,24590800,7.090000153,21421000,5.699999809,21421000,1.649999976,5900,1.620000005,5900,10.93791485,163100,9.952606201,163100,6.764444351,428100,6.373333454,428100,45.09999847,1738900,42.18999863,1738900,31.07999992,1082600,23,1082600,18.59000015,7278900,16.79999924,7278900
5/6/2010 11:24,29.87999916,128613000,27.90999985,128613000,36.8928566,321465200,28.4642849,321465200,17.45192337,189407700,14.56730747,189407700,1.120000005,155700,1.049999952,155700,3.266000032,735000,3.052400112,735000,31.43000031,6056700,28.95000076,6056700,24.90700912,9026600,21.93132973,9026600,30.37392044,24590800,27.03375053,24590800,7.090000153,21421000,5.699999809,21421000,1.649999976,5900,1.620000005,5900,10.93791485,163100,9.952606201,163100,6.764444351,428100,6.373333454,428100,45.09999847,1738900,42.18999863,1738900,31.07999992,1082600,23,1082600,18.59000015,7278900,16.79999924,7278900
5/6/2010 11:25,29.87999916,128613000,27.90999985,128613000,36.8928566,321465200,28.4642849,321465200,17.45192337,189407700,14.56730747,189407700,1.120000005,155700,1.049999952,155700,3.266000032,735000,3.052400112,735000,31.43000031,6056700,28.95000076,6056700,24.90700912,9026600,21.93132973,9026600,30.37392044,24590800,27.03375053,24590800,7.090000153,21421000,5.699999809,21421000,1.649999976,5900,1.620000005,5900,10.93791485,163100,9.952606201,163100,6.764444351,428100,6.373333454,428100,45.09999847,1738900,42.18999863,1738900,31.07999992,1082600,23,1082600,18.59000015,7278900,16.79999924,7278900
5/6/2010 11:26,29.87999916,128613000,27.90999985,128613000,36.8928566,321465200,28.4642849,321465200,17.45192337,189407700,14.56730747,189407700,1.120000005,155700,1.049999952,155700,3.266000032,735000,3.052400112,735000,31.43000031,6056700,28.95000076,6056700,24.90700912,9026600,21.93132973,9026600,30.37392044,24590800,27.03375053,24590800,7.090000153,21421000,5.699999809,21421000,1.649999976,5900,1.620000005,5900,10.93791485,163100,9.952606201,163100,6.764444351,428100,6.373333454,428100,45.09999847,1738900,42.18999863,1738900,31.07999992,1082600,23,1082600,18.59000015,7278900,16.79999924,7278900
5/6/2010 11:27,29.87999916,128613000,27.90999985,128613000,36.8928566,321465200,28.4642849,321465200,17.45192337,189407700,14.56730747,189407700,1.120000005,155700,1.049999952,155700,3.266000032,735000,3.052400112,735000,31.43000031,6056700,28.95000076,6056700,24.90700912,9026600,21.93132973,9026600,30.37392044,24590800,27.03375053,24590800,7.090000153,21421000,5.699999809,21421000,1.649999976,5900,1.620000005,5900,10.93791485,163100,9.952606201,163100,6.764444351,428100,6.373333454,428100,45.09999847,1738900,42.18999863,1738900,31.07999992,1082600,23,1082600,18.59000015,7278900,16.79999924,7278900
5/6/2010 11:28,29.87999916,128613000,27.90999985,128613000,36.8928566,321465200,28.4642849,321465200,17.45192337,189407700,14.56730747,189407700,1.120000005,155700,1.049999952,155700,3.266000032,735000,3.052400112,735000,31.43000031,6056700,28.95000076,6056700,24.90700912,9026600,21.93132973,9026600,30.37392044,24590800,27.03375053,24590800,7.090000153,21421000,5.699999809,21421000,1.649999976,5900,1.620000005,5900,10.93791485,163100,9.952606201,163100,6.764444351,428100,6.373333454,428100,45.09999847,1738900,42.18999863,1738900,31.07999992,1082600,23,1082600,18.59000015,7278900,16.79999924,7278900
5/6/2010 11:29,29.87999916,128613000,27.90999985,128613000,36.8928566,321465200,28.4642849,321465200,17.45192337,189407700,14.56730747,189407700,1.120000005,155700,1.049999952,155700,3.266000032,735000,3.052400112,735000,31.43000031,6056700,28.95000076,6056700,24.90700912,9026600,21.93132973,9026600,30.37392044,24590800,27.03375053,24590800,7.090000153,21421000,5.699999809,21421000,1.649999976,5900,1.620000005,5900,10.93791485,163100,9.952606201,163100,6.764444351,428100,6.373333454,428100,45.09999847,1738900,42.18999863,1738900,31.07999992,1082600,23,1082600,18.59000015,7278900,16.79999924,7278900
5/6/2010 11:30,29.87999916,128613000,27.90999985,128613000,36.8928566,321465200,28.4642849,321465200,17.45192337,189407700,14.56730747,189407700,1.120000005,155700,1.049999952,155700,3.266000032,735000,3.052400112,735000,31.43000031,6056700,28.95000076,6056700,24.90700912,9026600,21.93132973,9026600,30.37392044,24590800,27.03375053,24590800,7.090000153,21421000,5.699999809,21421000,1.649999976,5900,1.620000005,5900,10.93791485,163100,9.952606201,163100,6.764444351,428100,6.373333454,428100,45.09999847,1738900,42.18999863,1738900,31.07999992,1082600,23,1082600,18.59000015,7278900,16.79999924,7278900
5/6/2010 11:31,29.87999916,128613000,27.90999985,128613000,36.8928566,321465200,28.4642849,321465200,17.45192337,189407700,14.56730747,189407700,1.120000005,155700,1.049999952,155700,3.266000032,735000,3.052400112,735000,31.43000031,6056700,28.95000076,6056700,24.90700912,9026600,21.93132973,9026600,30.37392044,24590800,27.03375053,24590800,7.090000153,21421000,5.699999809,21421000,1.649999976,5900,1.620000005,5900,10.93791485,163100,9.952606201,163100,6.764444351,428100,6.373333454,428100,45.09999847,1738900,42.18999863,1738900,31.07999992,1082600,23,1082600,18.59000015,7278900,16.79999924,7278900
5/6/2010 11:32,29.87999916,128613000,27.90999985,128613000,36.8928566,321465200,28.4642849,321465200,17.45192337,189407700,14.56730747,189407700,1.120000005,155700,1.049999952,155700,3.266000032,735000,3.052400112,735000,31.43000031,6056700,28.95000076,6056700,24.90700912,9026600,21.93132973,9026600,30.37392044,24590800,27.03375053,24590800,7.090000153,21421000,5.699999809,21421000,1.649999976,5900,1.620000005,5900,10.93791485,163100,9.952606201,163100,6.764444351,428100,6.373333454,428100,45.09999847,1738900,42.18999863,1738900,31.07999992,1082600,23,1082600,18.59000015,7278900,16.79999924,7278900
5/6/2010 11:33,29.87999916,128613000,27.90999985,128613000,36.8928566,321465200,28.4642849,321465200,17.45192337,189407700,14.56730747,189407700,1.120000005,155700,1.049999952,155700,3.266000032,735000,3.052400112,735000,31.43000031,6056700,28.95000076,6056700,24.90700912,9026600,21.93132973,9026600,30.37392044,24590800,27.03375053,24590800,7.090000153,21421000,5.699999809,21421000,1.649999976,5900,1.620000005,5900,10.93791485,163100,9.952606201,163100,6.764444351,428100,6.373333454,428100,45.09999847,1738900,42.18999863,1738900,31.07999992,1082600,23,1082600,18.59000015,7278900,16.79999924,7278900
5/6/2010 11:34,29.87999916,128613000,27.90999985,128613000,36.8928566,321465200,28.4642849,321465200,17.45192337,189407700,14.56730747,189407700,1.120000005,155700,1.049999952,155700,3.266000032,735000,3.052400112,735000,31.43000031,6056700,28.95000076,6056700,24.90700912,9026600,21.93132973,9026600,30.37392044,24590800,27.03375053,24590800,7.090000153,21421000,5.699999809,21421000,1.649999976,5900,1.620000005,5900,10.93791485,163100,9.952606201,163100,6.764444351,428100,6.373333454,428100,45.09999847,1738900,42.18999863,1738900,31.07999992,1082600,23,1082600,18.59000015,7278900,16.79999924,7278900
5/6/2010 11:35,29.87999916,128613000,27.90999985,128613000,36.8928566,321465200,28.4642849,321465200,17.45192337,189407700,14.56730747,189407700,1.120000005,155700,1.049999952,155700,3.266000032,735000,3.052400112,735000,31.43000031,6056700,28.95000076,6056700,24.90700912,9026600,21.93132973,9026600,30.37392044,24590800,27.03375053,24590800,7.090000153,21421000,5.699999809,21421000,1.649999976,5900,1.620000005,5900,10.93791485,163100,9.952606201,163100,6.764444351,428100,6.373333454,428100,45.09999847,1738900,42.18999863,1738900,31.07999992,1082600,23,1082600,18.59000015,7278900,16.79999924,7278900
5/6/2010 11:36,29.87999916,128613000,27.90999985,128613000,36.8928566,321465200,28.4642849,321465200,17.45192337,189407700,14.56730747,189407700,1.120000005,155700,1.049999952,155700,3.266000032,735000,3.052400112,735000,31.43000031,6056700,28.95000076,6056700,24.90700912,9026600,21.93132973,9026600,30.37392044,24590800,27.03375053,24590800,7.090000153,21421000,5.699999809,21421000,1.649999976,5900,1.620000005,5900,10.93791485,163100,9.952606201,163100,6.764444351,428100,6.373333454,428100,45.09999847,1738900,42.18999863,1738900,31.07999992,1082600,23,1082600,18.59000015,7278900,16.79999924,7278900
5/6/2010 11:37,29.87999916,128613000,27.90999985,128613000,36.8928566,321465200,28.4642849,321465200,17.45192337,189407700,14.56730747,189407700,1.120000005,155700,1.049999952,155700,3.266000032,735000,3.052400112,735000,31.43000031,6056700,28.95000076,6056700,24.90700912,9026600,21.93132973,9026600,30.37392044,24590800,27.03375053,24590800,7.090000153,21421000,5.699999809,21421000,1.649999976,5900,1.620000005,5900,10.93791485,163100,9.952606201,163100,6.764444351,428100,6.373333454,428100,45.09999847,1738900,42.18999863,1738900,31.07999992,1082600,23,1082600,18.59000015,7278900,16.79999924,7278900
5/6/2010 11:38,29.87999916,128613000,27.90999985,128613000,36.8928566,321465200,28.4642849,321465200,17.45192337,189407700,14.56730747,189407700,1.120000005,155700,1.049999952,155700,3.266000032,735000,3.052400112,735000,31.43000031,6056700,28.95000076,6056700,24.90700912,9026600,21.93132973,9026600,30.37392044,24590800,27.03375053,24590800,7.090000153,21421000,5.699999809,21421000,1.649999976,5900,1.620000005,5900,10.93791485,163100,9.952606201,163100,6.764444351,428100,6.373333454,428100,45.09999847,1738900,42.18999863,1738900,31.07999992,1082600,23,1082600,18.59000015,7278900,16.79999924,7278900
5/6/2010 11:39,29.87999916,128613000,27.90999985,128613000,36.8928566,321465200,28.4642849,321465200,17.45192337,189407700,14.56730747,189407700,1.120000005,155700,1.049999952,155700,3.266000032,735000,3.052400112,735000,31.43000031,6056700,28.95000076,6056700,24.90700912,9026600,21.93132973,9026600,30.37392044,24590800,27.03375053,24590800,7.090000153,21421000,5.699999809,21421000,1.649999976,5900,1.620000005,5900,10.93791485,163100,9.952606201,163100,6.764444351,428100,6.373333454,428100,45.09999847,1738900,42.18999863,1738900,31.07999992,1082600,23,1082600,18.59000015,7278900,16.79999924,7278900
5/6/2010 11:40,29.87999916,128613000,27.90999985,128613000,36.8928566,321465200,28.4642849,321465200,17.45192337,189407700,14.56730747,189407700,1.120000005,155700,1.049999952,155700,3.266000032,735000,3.052400112,735000,31.43000031,6056700,28.95000076,6056700,24.90700912,9026600,21.93132973,9026600,30.37392044,24590800,27.03375053,24590800,7.090000153,21421000,5.699999809,21421000,1.649999976,5900,1.620000005,5900,10.93791485,163100,9.952606201,163100,6.764444351,428100,6.373333454,428100,45.09999847,1738900,42.18999863,1738900,31.07999992,1082600,23,1082600,18.59000015,7278900,16.79999924,7278900
5/6/2010 11:41,29.87999916,128613000,27.90999985,128613000,36.8928566,321465200,28.4642849,321465200,17.45192337,189407700,14.56730747,189407700,1.120000005,155700,1.049999952,155700,3.266000032,735000,3.052400112,735000,31.43000031,6056700,28.95000076,6056700,24.90700912,9026600,21.93132973,9026600,30.37392044,24590800,27.03375053,24590800,7.090000153,21421000,5.699999809,21421000,1.649999976,5900,1.620000005,5900,10.93791485,163100,9.952606201,163100,6.764444351,428100,6.373333454,428100,45.09999847,1738900,42.18999863,1738900,31.07999992,1082600,23,1082600,18.59000015,7278900,16.79999924,7278900
5/6/2010 11:42,29.87999916,128613000,27.90999985,128613000,36.8928566,321465200,28.4642849,321465200,17.45192337,189407700,14.56730747,189407700,1.120000005,155700,1.049999952,155700,3.266000032,735000,3.052400112,735000,31.43000031,6056700,28.95000076,6056700,24.90700912,9026600,21.93132973,9026600,30.37392044,24590800,27.03375053,24590800,7.090000153,21421000,5.699999809,21421000,1.649999976,5900,1.620000005,5900,10.93791485,163100,9.952606201,163100,6.764444351,428100,6.373333454,428100,45.09999847,1738900,42.18999863,1738900,31.07999992,1082600,23,1082600,18.59000015,7278900,16.79999924,7278900
5/6/2010 11:43,29.87999916,128613000,27.90999985,128613000,36.8928566,321465200,28.4642849,321465200,17.45192337,189407700,14.56730747,189407700,1.120000005,155700,1.049999952,155700,3.266000032,735000,3.052400112,735000,31.43000031,6056700,28.95000076,6056700,24.90700912,9026600,21.93132973,9026600,30.37392044,24590800,27.03375053,24590800,7.090000153,21421000,5.699999809,21421000,1.649999976,5900,1.620000005,5900,10.93791485,163100,9.952606201,163100,6.764444351,428100,6.373333454,428100,45.09999847,1738900,42.18999863,1738900,31.07999992,1082600,23,1082600,18.59000015,7278900,16.79999924,7278900
5/6/2010 11:44,29.87999916,128613000,27.90999985,128613000,36.8928566,321465200,28.4642849,321465200,17.45192337,189407700,14.56730747,189407700,1.120000005,155700,1.049999952,155700,3.266000032,735000,3.052400112,735000,31.43000031,6056700,28.95000076,6056700,24.90700912,9026600,21.93132973,9026600,30.37392044,24590800,27.03375053,24590800,7.090000153,21421000,5.699999809,21421000,1.649999976,5900,1.620000005,5900,10.93791485,163100,9.952606201,163100,6.764444351,428100,6.373333454,428100,45.09999847,1738900,42.18999863,1738900,31.07999992,1082600,23,1082600,18.59000015,7278900,16.79999924,7278900
5/6/2010 11:45,29.87999916,128613000,27.90999985,128613000,36.8928566,321465200,28.4642849,321465200,17.45192337,189407700,14.56730747,189407700,1.120000005,155700,1.049999952,155700,3.266000032,735000,3.052400112,735000,31.43000031,6056700,28.95000076,6056700,24.90700912,9026600,21.93132973,9026600,30.37392044,24590800,27.03375053,24590800,7.090000153,21421000,5.699999809,21421000,1.649999976,5900,1.620000005,5900,10.93791485,163100,9.952606201,163100,6.764444351,428100,6.373333454,428100,45.09999847,1738900,42.18999863,1738900,31.07999992,1082600,23,1082600,18.59000015,7278900,16.79999924,7278900
5/6/2010 11:46,29.87999916,128613000,27.90999985,128613000,36.8928566,321465200,28.4642849,321465200,17.45192337,189407700,14.56730747,189407700,1.120000005,155700,1.049999952,155700,3.266000032,735000,3.052400112,735000,31.43000031,6056700,28.95000076,6056700,24.90700912,9026600,21.93132973,9026600,30.37392044,24590800,27.03375053,24590800,7.090000153,21421000,5.699999809,21421000,1.649999976,5900,1.620000005,5900,10.93791485,163100,9.952606201,163100,6.764444351,428100,6.373333454,428100,45.09999847,1738900,42.18999863,1738900,31.07999992,1082600,23,1082600,18.59000015,7278900,16.79999924,7278900
5/6/2010 11:47,29.87999916,128613000,27.90999985,128613000,36.8928566,321465200,28.4642849,321465200,17.45192337,189407700,14.56730747,189407700,1.120000005,155700,1.049999952,155700,3.266000032,735000,3.052400112,735000,31.43000031,6056700,28.95000076,6056700,24.90700912,9026600,21.93132973,9026600,30.37392044,24590800,27.03375053,24590800,7.090000153,21421000,5.699999809,21421000,1.649999976,5900,1.620000005,5900,10.93791485,163100,9.952606201,163100,6.764444351,428100,6.373333454,428100,45.09999847,1738900,42.18999863,1738900,31.07999992,1082600,23,1082600,18.59000015,7278900,16.79999924,7278900
5/6/2010 11:48,29.87999916,128613000,27.90999985,128613000,36.8928566,321465200,28.4642849,321465200,17.45192337,189407700,14.56730747,189407700,1.120000005,155700,1.049999952,155700,3.266000032,735000,3.052400112,735000,31.43000031,6056700,28.95000076,6056700,24.90700912,9026600,21.93132973,9026600,30.37392044,24590800,27.03375053,24590800,7.090000153,21421000,5.699999809,21421000,1.649999976,5900,1.620000005,5900,10.93791485,163100,9.952606201,163100,6.764444351,428100,6.373333454,428100,45.09999847,1738900,42.18999863,1738900,31.07999992,1082600,23,1082600,18.59000015,7278900,16.79999924,7278900
5/6/2010 11:49,29.87999916,128613000,27.90999985,128613000,36.8928566,321465200,28.4642849,321465200,17.45192337,189407700,14.56730747,189407700,1.120000005,155700,1.049999952,155700,3.266000032,735000,3.052400112,735000,31.43000031,6056700,28.95000076,6056700,24.90700912,9026600,21.93132973,9026600,30.37392044,24590800,27.03375053,24590800,7.090000153,21421000,5.699999809,21421000,1.649999976,5900,1.620000005,5900,10.93791485,163100,9.952606201,163100,6.764444351,428100,6.373333454,428100,45.09999847,1738900,42.18999863,1738900,31.07999992,1082600,23,1082600,18.59000015,7278900,16.79999924,7278900
5/6/2010 11:50,29.87999916,128613000,27.90999985,128613000,36.8928566,321465200,28.4642849,321465200,17.45192337,189407700,14.56730747,189407700,1.120000005,155700,1.049999952,155700,3.266000032,735000,3.052400112,735000,31.43000031,6056700,28.95000076,6056700,24.90700912,9026600,21.93132973,9026600,30.37392044,24590800,27.03375053,24590800,7.090000153,21421000,5.699999809,21421000,1.649999976,5900,1.620000005,5900,10.93791485,163100,9.952606201,163100,6.764444351,428100,6.373333454,428100,45.09999847,1738900,42.18999863,1738900,31.07999992,1082600,23,1082600,18.59000015,7278900,16.79999924,7278900
5/6/2010 11:51,29.87999916,128613000,27.90999985,128613000,36.8928566,321465200,28.4642849,321465200,17.45192337,189407700,14.56730747,189407700,1.120000005,155700,1.049999952,155700,3.266000032,735000,3.052400112,735000,31.43000031,6056700,28.95000076,6056700,24.90700912,9026600,21.93132973,9026600,30.37392044,24590800,27.03375053,24590800,7.090000153,21421000,5.699999809,21421000,1.649999976,5900,1.620000005,5900,10.93791485,163100,9.952606201,163100,6.764444351,428100,6.373333454,428100,45.09999847,1738900,42.18999863,1738900,31.07999992,1082600,23,1082600,18.59000015,7278900,16.79999924,7278900
5/6/2010 11:52,29.87999916,128613000,27.90999985,128613000,36.8928566,321465200,28.4642849,321465200,17.45192337,189407700,14.56730747,189407700,1.120000005,155700,1.049999952,155700,3.266000032,735000,3.052400112,735000,31.43000031,6056700,28.95000076,6056700,24.90700912,9026600,21.93132973,9026600,30.37392044,24590800,27.03375053,24590800,7.090000153,21421000,5.699999809,21421000,1.649999976,5900,1.620000005,5900,10.93791485,163100,9.952606201,163100,6.764444351,428100,6.373333454,428100,45.09999847,1738900,42.18999863,1738900,31.07999992,1082600,23,1082600,18.59000015,7278900,16.79999924,7278900
5/6/2010 11:53,29.87999916,128613000,27.90999985,128613000,36.8928566,321465200,28.4642849,321465200,17.45192337,189407700,14.56730747,189407700,1.120000005,155700,1.049999952,155700,3.266000032,735000,3.052400112,735000,31.43000031,6056700,28.95000076,6056700,24.90700912,9026600,21.93132973,9026600,30.37392044,24590800,27.03375053,24590800,7.090000153,21421000,5.699999809,21421000,1.649999976,5900,1.620000005,5900,10.93791485,163100,9.952606201,163100,6.764444351,428100,6.373333454,428100,45.09999847,1738900,42.18999863,1738900,31.07999992,1082600,23,1082600,18.59000015,7278900,16.79999924,7278900
5/6/2010 11:54,29.87999916,128613000,27.90999985,128613000,36.8928566,321465200,28.4642849,321465200,17.45192337,189407700,14.56730747,189407700,1.120000005,155700,1.049999952,155700,3.266000032,735000,3.052400112,735000,31.43000031,6056700,28.95000076,6056700,24.90700912,9026600,21.93132973,9026600,30.37392044,24590800,27.03375053,24590800,7.090000153,21421000,5.699999809,21421000,1.649999976,5900,1.620000005,5900,10.93791485,163100,9.952606201,163100,6.764444351,428100,6.373333454,428100,45.09999847,1738900,42.18999863,1738900,31.07999992,1082600,23,1082600,18.59000015,7278900,16.79999924,7278900
5/6/2010 11:55,29.87999916,128613000,27.90999985,128613000,36.8928566,321465200,28.4642849,321465200,17.45192337,189407700,14.56730747,189407700,1.120000005,155700,1.049999952,155700,3.266000032,735000,3.052400112,735000,31.43000031,6056700,28.95000076,6056700,24.90700912,9026600,21.93132973,9026600,30.37392044,24590800,27.03375053,24590800,7.090000153,21421000,5.699999809,21421000,1.649999976,5900,1.620000005,5900,10.93791485,163100,9.952606201,163100,6.764444351,428100,6.373333454,428100,45.09999847,1738900,42.18999863,1738900,31.07999992,1082600,23,1082600,18.59000015,7278900,16.79999924,7278900
5/6/2010 11:56,29.87999916,128613000,27.90999985,128613000,36.8928566,321465200,28.4642849,321465200,17.45192337,189407700,14.56730747,189407700,1.120000005,155700,1.049999952,155700,3.266000032,735000,3.052400112,735000,31.43000031,6056700,28.95000076,6056700,24.90700912,9026600,21.93132973,9026600,30.37392044,24590800,27.03375053,24590800,7.090000153,21421000,5.699999809,21421000,1.649999976,5900,1.620000005,5900,10.93791485,163100,9.952606201,163100,6.764444351,428100,6.373333454,428100,45.09999847,1738900,42.18999863,1738900,31.07999992,1082600,23,1082600,18.59000015,7278900,16.79999924,7278900
5/6/2010 11:57,29.87999916,128613000,27.90999985,128613000,36.8928566,321465200,28.4642849,321465200,17.45192337,189407700,14.56730747,189407700,1.120000005,155700,1.049999952,155700,3.266000032,735000,3.052400112,735000,31.43000031,6056700,28.95000076,6056700,24.90700912,9026600,21.93132973,9026600,30.37392044,24590800,27.03375053,24590800,7.090000153,21421000,5.699999809,21421000,1.649999976,5900,1.620000005,5900,10.93791485,163100,9.952606201,163100,6.764444351,428100,6.373333454,428100,45.09999847,1738900,42.18999863,1738900,31.07999992,1082600,23,1082600,18.59000015,7278900,16.79999924,7278900
5/6/2010 11:58,29.87999916,128613000,27.90999985,128613000,36.8928566,321465200,28.4642849,321465200,17.45192337,189407700,14.56730747,189407700,1.120000005,155700,1.049999952,155700,3.266000032,735000,3.052400112,735000,31.43000031,6056700,28.95000076,6056700,24.90700912,9026600,21.93132973,9026600,30.37392044,24590800,27.03375053,24590800,7.090000153,21421000,5.699999809,21421000,1.649999976,5900,1.620000005,5900,10.93791485,163100,9.952606201,163100,6.764444351,428100,6.373333454,428100,45.09999847,1738900,42.18999863,1738900,31.07999992,1082600,23,1082600,18.59000015,7278900,16.79999924,7278900
5/6/2010 11:59,29.87999916,128613000,27.90999985,128613000,36.8928566,321465200,28.4642849,321465200,17.45192337,189407700,14.56730747,189407700,1.120000005,155700,1.049999952,155700,3.266000032,735000,3.052400112,735000,31.43000031,6056700,28.95000076,6056700,24.90700912,9026600,21.93132973,9026600,30.37392044,24590800,27.03375053,24590800,7.090000153,21421000,5.699999809,21421000,1.649999976,5900,1.620000005,5900,10.93791485,163100,9.952606201,163100,6.764444351,428100,6.373333454,428100,45.09999847,1738900,42.18999863,1738900,31.07999992,1082600,23,1082600,18.59000015,7278900,16.79999924,7278900
5/6/2010 12:00,29.87999916,128613000,27.90999985,128613000,36.8928566,321465200,28.4642849,321465200,17.45192337,189407700,14.56730747,189407700,1.120000005,155700,1.049999952,155700,3.266000032,735000,3.052400112,735000,31.43000031,6056700,28.95000076,6056700,24.90700912,9026600,21.93132973,9026600,30.37392044,24590800,27.03375053,24590800,7.090000153,21421000,5.699999809,21421000,1.649999976,5900,1.620000005,5900,10.93791485,163100,9.952606201,163100,6.764444351,428100,6.373333454,428100,45.09999847,1738900,42.18999863,1738900,31.07999992,1082600,23,1082600,18.59000015,7278900,16.79999924,7278900
5/6/2010 12:01,29.87999916,128613000,27.90999985,128613000,36.8928566,321465200,28.4642849,321465200,17.45192337,189407700,14.56730747,189407700,1.120000005,155700,1.049999952,155700,3.266000032,735000,3.052400112,735000,31.43000031,6056700,28.95000076,6056700,24.90700912,9026600,21.93132973,9026600,30.37392044,24590800,27.03375053,24590800,7.090000153,21421000,5.699999809,21421000,1.649999976,5900,1.620000005,5900,10.93791485,163100,9.952606201,163100,6.764444351,428100,6.373333454,428100,45.09999847,1738900,42.18999863,1738900,31.07999992,1082600,23,1082600,18.59000015,7278900,16.79999924,7278900
5/6/2010 12:02,29.87999916,128613000,27.90999985,128613000,36.8928566,321465200,28.4642849,321465200,17.45192337,189407700,14.56730747,189407700,1.120000005,155700,1.049999952,155700,3.266000032,735000,3.052400112,735000,31.43000031,6056700,28.95000076,6056700,24.90700912,9026600,21.93132973,9026600,30.37392044,24590800,27.03375053,24590800,7.090000153,21421000,5.699999809,21421000,1.649999976,5900,1.620000005,5900,10.93791485,163100,9.952606201,163100,6.764444351,428100,6.373333454,428100,45.09999847,1738900,42.18999863,1738900,31.07999992,1082600,23,1082600,18.59000015,7278900,16.79999924,7278900
5/6/2010 12:03,29.87999916,128613000,27.90999985,128613000,36.8928566,321465200,28.4642849,321465200,17.45192337,189407700,14.56730747,189407700,1.120000005,155700,1.049999952,155700,3.266000032,735000,3.052400112,735000,31.43000031,6056700,28.95000076,6056700,24.90700912,9026600,21.93132973,9026600,30.37392044,24590800,27.03375053,24590800,7.090000153,21421000,5.699999809,21421000,1.649999976,5900,1.620000005,5900,10.93791485,163100,9.952606201,163100,6.764444351,428100,6.373333454,428100,45.09999847,1738900,42.18999863,1738900,31.07999992,1082600,23,1082600,18.59000015,7278900,16.79999924,7278900
5/6/2010 12:04,29.87999916,128613000,27.90999985,128613000,36.8928566,321465200,28.4642849,321465200,17.45192337,189407700,14.56730747,189407700,1.120000005,155700,1.049999952,155700,3.266000032,735000,3.052400112,735000,31.43000031,6056700,28.95000076,6056700,24.90700912,9026600,21.93132973,9026600,30.37392044,24590800,27.03375053,24590800,7.090000153,21421000,5.699999809,21421000,1.649999976,5900,1.620000005,5900,10.93791485,163100,9.952606201,163100,6.764444351,428100,6.373333454,428100,45.09999847,1738900,42.18999863,1738900,31.07999992,1082600,23,1082600,18.59000015,7278900,16.79999924,7278900
5/6/2010 12:05,29.87999916,128613000,27.90999985,128613000,36.8928566,321465200,28.4642849,321465200,17.45192337,189407700,14.56730747,189407700,1.120000005,155700,1.049999952,155700,3.266000032,735000,3.052400112,735000,31.43000031,6056700,28.95000076,6056700,24.90700912,9026600,21.93132973,9026600,30.37392044,24590800,27.03375053,24590800,7.090000153,21421000,5.699999809,21421000,1.649999976,5900,1.620000005,5900,10.93791485,163100,9.952606201,163100,6.764444351,428100,6.373333454,428100,45.09999847,1738900,42.18999863,1738900,31.07999992,1082600,23,1082600,18.59000015,7278900,16.79999924,7278900
5/6/2010 12:06,29.87999916,128613000,27.90999985,128613000,36.8928566,321465200,28.4642849,321465200,17.45192337,189407700,14.56730747,189407700,1.120000005,155700,1.049999952,155700,3.266000032,735000,3.052400112,735000,31.43000031,6056700,28.95000076,6056700,24.90700912,9026600,21.93132973,9026600,30.37392044,24590800,27.03375053,24590800,7.090000153,21421000,5.699999809,21421000,1.649999976,5900,1.620000005,5900,10.93791485,163100,9.952606201,163100,6.764444351,428100,6.373333454,428100,45.09999847,1738900,42.18999863,1738900,31.07999992,1082600,23,1082600,18.59000015,7278900,16.79999924,7278900
5/6/2010 12:07,29.87999916,128613000,27.90999985,128613000,36.8928566,321465200,28.4642849,321465200,17.45192337,189407700,14.56730747,189407700,1.120000005,155700,1.049999952,155700,3.266000032,735000,3.052400112,735000,31.43000031,6056700,28.95000076,6056700,24.90700912,9026600,21.93132973,9026600,30.37392044,24590800,27.03375053,24590800,7.090000153,21421000,5.699999809,21421000,1.649999976,5900,1.620000005,5900,10.93791485,163100,9.952606201,163100,6.764444351,428100,6.373333454,428100,45.09999847,1738900,42.18999863,1738900,31.07999992,1082600,23,1082600,18.59000015,7278900,16.79999924,7278900
5/6/2010 12:08,29.87999916,128613000,27.90999985,128613000,36.8928566,321465200,28.4642849,321465200,17.45192337,189407700,14.56730747,189407700,1.120000005,155700,1.049999952,155700,3.266000032,735000,3.052400112,735000,31.43000031,6056700,28.95000076,6056700,24.90700912,9026600,21.93132973,9026600,30.37392044,24590800,27.03375053,24590800,7.090000153,21421000,5.699999809,21421000,1.649999976,5900,1.620000005,5900,10.93791485,163100,9.952606201,163100,6.764444351,428100,6.373333454,428100,45.09999847,1738900,42.18999863,1738900,31.07999992,1082600,23,1082600,18.59000015,7278900,16.79999924,7278900
5/6/2010 12:09,29.87999916,128613000,27.90999985,128613000,36.8928566,321465200,28.4642849,321465200,17.45192337,189407700,14.56730747,189407700,1.120000005,155700,1.049999952,155700,3.266000032,735000,3.052400112,735000,31.43000031,6056700,28.95000076,6056700,24.90700912,9026600,21.93132973,9026600,30.37392044,24590800,27.03375053,24590800,7.090000153,21421000,5.699999809,21421000,1.649999976,5900,1.620000005,5900,10.93791485,163100,9.952606201,163100,6.764444351,428100,6.373333454,428100,45.09999847,1738900,42.18999863,1738900,31.07999992,1082600,23,1082600,18.59000015,7278900,16.79999924,7278900
5/6/2010 12:10,29.87999916,128613000,27.90999985,128613000,36.8928566,321465200,28.4642849,321465200,17.45192337,189407700,14.56730747,189407700,1.120000005,155700,1.049999952,155700,3.266000032,735000,3.052400112,735000,31.43000031,6056700,28.95000076,6056700,24.90700912,9026600,21.93132973,9026600,30.37392044,24590800,27.03375053,24590800,7.090000153,21421000,5.699999809,21421000,1.649999976,5900,1.620000005,5900,10.93791485,163100,9.952606201,163100,6.764444351,428100,6.373333454,428100,45.09999847,1738900,42.18999863,1738900,31.07999992,1082600,23,1082600,18.59000015,7278900,16.79999924,7278900
5/6/2010 12:11,29.87999916,128613000,27.90999985,128613000,36.8928566,321465200,28.4642849,321465200,17.45192337,189407700,14.56730747,189407700,1.120000005,155700,1.049999952,155700,3.266000032,735000,3.052400112,735000,31.43000031,6056700,28.95000076,6056700,24.90700912,9026600,21.93132973,9026600,30.37392044,24590800,27.03375053,24590800,7.090000153,21421000,5.699999809,21421000,1.649999976,5900,1.620000005,5900,10.93791485,163100,9.952606201,163100,6.764444351,428100,6.373333454,428100,45.09999847,1738900,42.18999863,1738900,31.07999992,1082600,23,1082600,18.59000015,7278900,16.79999924,7278900
5/6/2010 12:12,29.87999916,128613000,27.90999985,128613000,36.8928566,321465200,28.4642849,321465200,17.45192337,189407700,14.56730747,189407700,1.120000005,155700,1.049999952,155700,3.266000032,735000,3.052400112,735000,31.43000031,6056700,28.95000076,6056700,24.90700912,9026600,21.93132973,9026600,30.37392044,24590800,27.03375053,24590800,7.090000153,21421000,5.699999809,21421000,1.649999976,5900,1.620000005,5900,10.93791485,163100,9.952606201,163100,6.764444351,428100,6.373333454,428100,45.09999847,1738900,42.18999863,1738900,31.07999992,1082600,23,1082600,18.59000015,7278900,16.79999924,7278900
5/6/2010 12:13,29.87999916,128613000,27.90999985,128613000,36.8928566,321465200,28.4642849,321465200,17.45192337,189407700,14.56730747,189407700,1.120000005,155700,1.049999952,155700,3.266000032,735000,3.052400112,735000,31.43000031,6056700,28.95000076,6056700,24.90700912,9026600,21.93132973,9026600,30.37392044,24590800,27.03375053,24590800,7.090000153,21421000,5.699999809,21421000,1.649999976,5900,1.620000005,5900,10.93791485,163100,9.952606201,163100,6.764444351,428100,6.373333454,428100,45.09999847,1738900,42.18999863,1738900,31.07999992,1082600,23,1082600,18.59000015,7278900,16.79999924,7278900
5/6/2010 12:14,29.87999916,128613000,27.90999985,128613000,36.8928566,321465200,28.4642849,321465200,17.45192337,189407700,14.56730747,189407700,1.120000005,155700,1.049999952,155700,3.266000032,735000,3.052400112,735000,31.43000031,6056700,28.95000076,6056700,24.90700912,9026600,21.93132973,9026600,30.37392044,24590800,27.03375053,24590800,7.090000153,21421000,5.699999809,21421000,1.649999976,5900,1.620000005,5900,10.93791485,163100,9.952606201,163100,6.764444351,428100,6.373333454,428100,45.09999847,1738900,42.18999863,1738900,31.07999992,1082600,23,1082600,18.59000015,7278900,16.79999924,7278900
5/6/2010 12:15,29.87999916,128613000,27.90999985,128613000,36.8928566,321465200,28.4642849,321465200,17.45192337,189407700,14.56730747,189407700,1.120000005,155700,1.049999952,155700,3.266000032,735000,3.052400112,735000,31.43000031,6056700,28.95000076,6056700,24.90700912,9026600,21.93132973,9026600,30.37392044,24590800,27.03375053,24590800,7.090000153,21421000,5.699999809,21421000,1.649999976,5900,1.620000005,5900,10.93791485,163100,9.952606201,163100,6.764444351,428100,6.373333454,428100,45.09999847,1738900,42.18999863,1738900,31.07999992,1082600,23,1082600,18.59000015,7278900,16.79999924,7278900
5/6/2010 12:16,29.87999916,128613000,27.90999985,128613000,36.8928566,321465200,28.4642849,321465200,17.45192337,189407700,14.56730747,189407700,1.120000005,155700,1.049999952,155700,3.266000032,735000,3.052400112,735000,31.43000031,6056700,28.95000076,6056700,24.90700912,9026600,21.93132973,9026600,30.37392044,24590800,27.03375053,24590800,7.090000153,21421000,5.699999809,21421000,1.649999976,5900,1.620000005,5900,10.93791485,163100,9.952606201,163100,6.764444351,428100,6.373333454,428100,45.09999847,1738900,42.18999863,1738900,31.07999992,1082600,23,1082600,18.59000015,7278900,16.79999924,7278900
5/6/2010 12:17,29.87999916,128613000,27.90999985,128613000,36.8928566,321465200,28.4642849,321465200,17.45192337,189407700,14.56730747,189407700,1.120000005,155700,1.049999952,155700,3.266000032,735000,3.052400112,735000,31.43000031,6056700,28.95000076,6056700,24.90700912,9026600,21.93132973,9026600,30.37392044,24590800,27.03375053,24590800,7.090000153,21421000,5.699999809,21421000,1.649999976,5900,1.620000005,5900,10.93791485,163100,9.952606201,163100,6.764444351,428100,6.373333454,428100,45.09999847,1738900,42.18999863,1738900,31.07999992,1082600,23,1082600,18.59000015,7278900,16.79999924,7278900
5/6/2010 12:18,29.87999916,128613000,27.90999985,128613000,36.8928566,321465200,28.4642849,321465200,17.45192337,189407700,14.56730747,189407700,1.120000005,155700,1.049999952,155700,3.266000032,735000,3.052400112,735000,31.43000031,6056700,28.95000076,6056700,24.90700912,9026600,21.93132973,9026600,30.37392044,24590800,27.03375053,24590800,7.090000153,21421000,5.699999809,21421000,1.649999976,5900,1.620000005,5900,10.93791485,163100,9.952606201,163100,6.764444351,428100,6.373333454,428100,45.09999847,1738900,42.18999863,1738900,31.07999992,1082600,23,1082600,18.59000015,7278900,16.79999924,7278900
5/6/2010 12:19,29.87999916,128613000,27.90999985,128613000,36.8928566,321465200,28.4642849,321465200,17.45192337,189407700,14.56730747,189407700,1.120000005,155700,1.049999952,155700,3.266000032,735000,3.052400112,735000,31.43000031,6056700,28.95000076,6056700,24.90700912,9026600,21.93132973,9026600,30.37392044,24590800,27.03375053,24590800,7.090000153,21421000,5.699999809,21421000,1.649999976,5900,1.620000005,5900,10.93791485,163100,9.952606201,163100,6.764444351,428100,6.373333454,428100,45.09999847,1738900,42.18999863,1738900,31.07999992,1082600,23,1082600,18.59000015,7278900,16.79999924,7278900
5/6/2010 12:20,29.87999916,128613000,27.90999985,128613000,36.8928566,321465200,28.4642849,321465200,17.45192337,189407700,14.56730747,189407700,1.120000005,155700,1.049999952,155700,3.266000032,735000,3.052400112,735000,31.43000031,6056700,28.95000076,6056700,24.90700912,9026600,21.93132973,9026600,30.37392044,24590800,27.03375053,24590800,7.090000153,21421000,5.699999809,21421000,1.649999976,5900,1.620000005,5900,10.93791485,163100,9.952606201,163100,6.764444351,428100,6.373333454,428100,45.09999847,1738900,42.18999863,1738900,31.07999992,1082600,23,1082600,18.59000015,7278900,16.79999924,7278900
5/6/2010 12:21,29.87999916,128613000,27.90999985,128613000,36.8928566,321465200,28.4642849,321465200,17.45192337,189407700,14.56730747,189407700,1.120000005,155700,1.049999952,155700,3.266000032,735000,3.052400112,735000,31.43000031,6056700,28.95000076,6056700,24.90700912,9026600,21.93132973,9026600,30.37392044,24590800,27.03375053,24590800,7.090000153,21421000,5.699999809,21421000,1.649999976,5900,1.620000005,5900,10.93791485,163100,9.952606201,163100,6.764444351,428100,6.373333454,428100,45.09999847,1738900,42.18999863,1738900,31.07999992,1082600,23,1082600,18.59000015,7278900,16.79999924,7278900
5/6/2010 12:22,29.87999916,128613000,27.90999985,128613000,36.8928566,321465200,28.4642849,321465200,17.45192337,189407700,14.56730747,189407700,1.120000005,155700,1.049999952,155700,3.266000032,735000,3.052400112,735000,31.43000031,6056700,28.95000076,6056700,24.90700912,9026600,21.93132973,9026600,30.37392044,24590800,27.03375053,24590800,7.090000153,21421000,5.699999809,21421000,1.649999976,5900,1.620000005,5900,10.93791485,163100,9.952606201,163100,6.764444351,428100,6.373333454,428100,45.09999847,1738900,42.18999863,1738900,31.07999992,1082600,23,1082600,18.59000015,7278900,16.79999924,7278900
5/6/2010 12:23,29.87999916,128613000,27.90999985,128613000,36.8928566,321465200,28.4642849,321465200,17.45192337,189407700,14.56730747,189407700,1.120000005,155700,1.049999952,155700,3.266000032,735000,3.052400112,735000,31.43000031,6056700,28.95000076,6056700,24.90700912,9026600,21.93132973,9026600,30.37392044,24590800,27.03375053,24590800,7.090000153,21421000,5.699999809,21421000,1.649999976,5900,1.620000005,5900,10.93791485,163100,9.952606201,163100,6.764444351,428100,6.373333454,428100,45.09999847,1738900,42.18999863,1738900,31.07999992,1082600,23,1082600,18.59000015,7278900,16.79999924,7278900
5/6/2010 12:24,29.87999916,128613000,27.90999985,128613000,36.8928566,321465200,28.4642849,321465200,17.45192337,189407700,14.56730747,189407700,1.120000005,155700,1.049999952,155700,3.266000032,735000,3.052400112,735000,31.43000031,6056700,28.95000076,6056700,24.90700912,9026600,21.93132973,9026600,30.37392044,24590800,27.03375053,24590800,7.090000153,21421000,5.699999809,21421000,1.649999976,5900,1.620000005,5900,10.93791485,163100,9.952606201,163100,6.764444351,428100,6.373333454,428100,45.09999847,1738900,42.18999863,1738900,31.07999992,1082600,23,1082600,18.59000015,7278900,16.79999924,7278900
5/6/2010 12:25,29.87999916,128613000,27.90999985,128613000,36.8928566,321465200,28.4642849,321465200,17.45192337,189407700,14.56730747,189407700,1.120000005,155700,1.049999952,155700,3.266000032,735000,3.052400112,735000,31.43000031,6056700,28.95000076,6056700,24.90700912,9026600,21.93132973,9026600,30.37392044,24590800,27.03375053,24590800,7.090000153,21421000,5.699999809,21421000,1.649999976,5900,1.620000005,5900,10.93791485,163100,9.952606201,163100,6.764444351,428100,6.373333454,428100,45.09999847,1738900,42.18999863,1738900,31.07999992,1082600,23,1082600,18.59000015,7278900,16.79999924,7278900
5/6/2010 12:26,29.87999916,128613000,27.90999985,128613000,36.8928566,321465200,28.4642849,321465200,17.45192337,189407700,14.56730747,189407700,1.120000005,155700,1.049999952,155700,3.266000032,735000,3.052400112,735000,31.43000031,6056700,28.95000076,6056700,24.90700912,9026600,21.93132973,9026600,30.37392044,24590800,27.03375053,24590800,7.090000153,21421000,5.699999809,21421000,1.649999976,5900,1.620000005,5900,10.93791485,163100,9.952606201,163100,6.764444351,428100,6.373333454,428100,45.09999847,1738900,42.18999863,1738900,31.07999992,1082600,23,1082600,18.59000015,7278900,16.79999924,7278900
5/6/2010 12:27,29.87999916,128613000,27.90999985,128613000,36.8928566,321465200,28.4642849,321465200,17.45192337,189407700,14.56730747,189407700,1.120000005,155700,1.049999952,155700,3.266000032,735000,3.052400112,735000,31.43000031,6056700,28.95000076,6056700,24.90700912,9026600,21.93132973,9026600,30.37392044,24590800,27.03375053,24590800,7.090000153,21421000,5.699999809,21421000,1.649999976,5900,1.620000005,5900,10.93791485,163100,9.952606201,163100,6.764444351,428100,6.373333454,428100,45.09999847,1738900,42.18999863,1738900,31.07999992,1082600,23,1082600,18.59000015,7278900,16.79999924,7278900
5/6/2010 12:28,29.87999916,128613000,27.90999985,128613000,36.8928566,321465200,28.4642849,321465200,17.45192337,189407700,14.56730747,189407700,1.120000005,155700,1.049999952,155700,3.266000032,735000,3.052400112,735000,31.43000031,6056700,28.95000076,6056700,24.90700912,9026600,21.93132973,9026600,30.37392044,24590800,27.03375053,24590800,7.090000153,21421000,5.699999809,21421000,1.649999976,5900,1.620000005,5900,10.93791485,163100,9.952606201,163100,6.764444351,428100,6.373333454,428100,45.09999847,1738900,42.18999863,1738900,31.07999992,1082600,23,1082600,18.59000015,7278900,16.79999924,7278900
5/6/2010 12:29,29.87999916,128613000,27.90999985,128613000,36.8928566,321465200,28.4642849,321465200,17.45192337,189407700,14.56730747,189407700,1.120000005,155700,1.049999952,155700,3.266000032,735000,3.052400112,735000,31.43000031,6056700,28.95000076,6056700,24.90700912,9026600,21.93132973,9026600,30.37392044,24590800,27.03375053,24590800,7.090000153,21421000,5.699999809,21421000,1.649999976,5900,1.620000005,5900,10.93791485,163100,9.952606201,163100,6.764444351,428100,6.373333454,428100,45.09999847,1738900,42.18999863,1738900,31.07999992,1082600,23,1082600,18.59000015,7278900,16.79999924,7278900
5/6/2010 12:30,29.87999916,128613000,27.90999985,128613000,36.8928566,321465200,28.4642849,321465200,17.45192337,189407700,14.56730747,189407700,1.120000005,155700,1.049999952,155700,3.266000032,735000,3.052400112,735000,31.43000031,6056700,28.95000076,6056700,24.90700912,9026600,21.93132973,9026600,30.37392044,24590800,27.03375053,24590800,7.090000153,21421000,5.699999809,21421000,1.649999976,5900,1.620000005,5900,10.93791485,163100,9.952606201,163100,6.764444351,428100,6.373333454,428100,45.09999847,1738900,42.18999863,1738900,31.07999992,1082600,23,1082600,18.59000015,7278900,16.79999924,7278900
5/6/2010 12:31,29.87999916,128613000,27.90999985,128613000,36.8928566,321465200,28.4642849,321465200,17.45192337,189407700,14.56730747,189407700,1.120000005,155700,1.049999952,155700,3.266000032,735000,3.052400112,735000,31.43000031,6056700,28.95000076,6056700,24.90700912,9026600,21.93132973,9026600,30.37392044,24590800,27.03375053,24590800,7.090000153,21421000,5.699999809,21421000,1.649999976,5900,1.620000005,5900,10.93791485,163100,9.952606201,163100,6.764444351,428100,6.373333454,428100,45.09999847,1738900,42.18999863,1738900,31.07999992,1082600,23,1082600,18.59000015,7278900,16.79999924,7278900
5/6/2010 12:32,29.87999916,128613000,27.90999985,128613000,36.8928566,321465200,28.4642849,321465200,17.45192337,189407700,14.56730747,189407700,1.120000005,155700,1.049999952,155700,3.266000032,735000,3.052400112,735000,31.43000031,6056700,28.95000076,6056700,24.90700912,9026600,21.93132973,9026600,30.37392044,24590800,27.03375053,24590800,7.090000153,21421000,5.699999809,21421000,1.649999976,5900,1.620000005,5900,10.93791485,163100,9.952606201,163100,6.764444351,428100,6.373333454,428100,45.09999847,1738900,42.18999863,1738900,31.07999992,1082600,23,1082600,18.59000015,7278900,16.79999924,7278900
5/6/2010 12:33,29.87999916,128613000,27.90999985,128613000,36.8928566,321465200,28.4642849,321465200,17.45192337,189407700,14.56730747,189407700,1.120000005,155700,1.049999952,155700,3.266000032,735000,3.052400112,735000,31.43000031,6056700,28.95000076,6056700,24.90700912,9026600,21.93132973,9026600,30.37392044,24590800,27.03375053,24590800,7.090000153,21421000,5.699999809,21421000,1.649999976,5900,1.620000005,5900,10.93791485,163100,9.952606201,163100,6.764444351,428100,6.373333454,428100,45.09999847,1738900,42.18999863,1738900,31.07999992,1082600,23,1082600,18.59000015,7278900,16.79999924,7278900
5/6/2010 12:34,29.87999916,128613000,27.90999985,128613000,36.8928566,321465200,28.4642849,321465200,17.45192337,189407700,14.56730747,189407700,1.120000005,155700,1.049999952,155700,3.266000032,735000,3.052400112,735000,31.43000031,6056700,28.95000076,6056700,24.90700912,9026600,21.93132973,9026600,30.37392044,24590800,27.03375053,24590800,7.090000153,21421000,5.699999809,21421000,1.649999976,5900,1.620000005,5900,10.93791485,163100,9.952606201,163100,6.764444351,428100,6.373333454,428100,45.09999847,1738900,42.18999863,1738900,31.07999992,1082600,23,1082600,18.59000015,7278900,16.79999924,7278900
5/6/2010 12:35,29.87999916,128613000,27.90999985,128613000,36.8928566,321465200,28.4642849,321465200,17.45192337,189407700,14.56730747,189407700,1.120000005,155700,1.049999952,155700,3.266000032,735000,3.052400112,735000,31.43000031,6056700,28.95000076,6056700,24.90700912,9026600,21.93132973,9026600,30.37392044,24590800,27.03375053,24590800,7.090000153,21421000,5.699999809,21421000,1.649999976,5900,1.620000005,5900,10.93791485,163100,9.952606201,163100,6.764444351,428100,6.373333454,428100,45.09999847,1738900,42.18999863,1738900,31.07999992,1082600,23,1082600,18.59000015,7278900,16.79999924,7278900
5/6/2010 12:36,29.87999916,128613000,27.90999985,128613000,36.8928566,321465200,28.4642849,321465200,17.45192337,189407700,14.56730747,189407700,1.120000005,155700,1.049999952,155700,3.266000032,735000,3.052400112,735000,31.43000031,6056700,28.95000076,6056700,24.90700912,9026600,21.93132973,9026600,30.37392044,24590800,27.03375053,24590800,7.090000153,21421000,5.699999809,21421000,1.649999976,5900,1.620000005,5900,10.93791485,163100,9.952606201,163100,6.764444351,428100,6.373333454,428100,45.09999847,1738900,42.18999863,1738900,31.07999992,1082600,23,1082600,18.59000015,7278900,16.79999924,7278900
5/6/2010 12:37,29.87999916,128613000,27.90999985,128613000,36.8928566,321465200,28.4642849,321465200,17.45192337,189407700,14.56730747,189407700,1.120000005,155700,1.049999952,155700,3.266000032,735000,3.052400112,735000,31.43000031,6056700,28.95000076,6056700,24.90700912,9026600,21.93132973,9026600,30.37392044,24590800,27.03375053,24590800,7.090000153,21421000,5.699999809,21421000,1.649999976,5900,1.620000005,5900,10.93791485,163100,9.952606201,163100,6.764444351,428100,6.373333454,428100,45.09999847,1738900,42.18999863,1738900,31.07999992,1082600,23,1082600,18.59000015,7278900,16.79999924,7278900
5/6/2010 12:38,29.87999916,128613000,27.90999985,128613000,36.8928566,321465200,28.4642849,321465200,17.45192337,189407700,14.56730747,189407700,1.120000005,155700,1.049999952,155700,3.266000032,735000,3.052400112,735000,31.43000031,6056700,28.95000076,6056700,24.90700912,9026600,21.93132973,9026600,30.37392044,24590800,27.03375053,24590800,7.090000153,21421000,5.699999809,21421000,1.649999976,5900,1.620000005,5900,10.93791485,163100,9.952606201,163100,6.764444351,428100,6.373333454,428100,45.09999847,1738900,42.18999863,1738900,31.07999992,1082600,23,1082600,18.59000015,7278900,16.79999924,7278900
5/6/2010 12:39,29.87999916,128613000,27.90999985,128613000,36.8928566,321465200,28.4642849,321465200,17.45192337,189407700,14.56730747,189407700,1.120000005,155700,1.049999952,155700,3.266000032,735000,3.052400112,735000,31.43000031,6056700,28.95000076,6056700,24.90700912,9026600,21.93132973,9026600,30.37392044,24590800,27.03375053,24590800,7.090000153,21421000,5.699999809,21421000,1.649999976,5900,1.620000005,5900,10.93791485,163100,9.952606201,163100,6.764444351,428100,6.373333454,428100,45.09999847,1738900,42.18999863,1738900,31.07999992,1082600,23,1082600,18.59000015,7278900,16.79999924,7278900
5/6/2010 12:40,29.87999916,128613000,27.90999985,128613000,36.8928566,321465200,28.4642849,321465200,17.45192337,189407700,14.56730747,189407700,1.120000005,155700,1.049999952,155700,3.266000032,735000,3.052400112,735000,31.43000031,6056700,28.95000076,6056700,24.90700912,9026600,21.93132973,9026600,30.37392044,24590800,27.03375053,24590800,7.090000153,21421000,5.699999809,21421000,1.649999976,5900,1.620000005,5900,10.93791485,163100,9.952606201,163100,6.764444351,428100,6.373333454,428100,45.09999847,1738900,42.18999863,1738900,31.07999992,1082600,23,1082600,18.59000015,7278900,16.79999924,7278900
5/6/2010 12:41,29.87999916,128613000,27.90999985,128613000,36.8928566,321465200,28.4642849,321465200,17.45192337,189407700,14.56730747,189407700,1.120000005,155700,1.049999952,155700,3.266000032,735000,3.052400112,735000,31.43000031,6056700,28.95000076,6056700,24.90700912,9026600,21.93132973,9026600,30.37392044,24590800,27.03375053,24590800,7.090000153,21421000,5.699999809,21421000,1.649999976,5900,1.620000005,5900,10.93791485,163100,9.952606201,163100,6.764444351,428100,6.373333454,428100,45.09999847,1738900,42.18999863,1738900,31.07999992,1082600,23,1082600,18.59000015,7278900,16.79999924,7278900
5/6/2010 12:42,29.87999916,128613000,27.90999985,128613000,36.8928566,321465200,28.4642849,321465200,17.45192337,189407700,14.56730747,189407700,1.120000005,155700,1.049999952,155700,3.266000032,735000,3.052400112,735000,31.43000031,6056700,28.95000076,6056700,24.90700912,9026600,21.93132973,9026600,30.37392044,24590800,27.03375053,24590800,7.090000153,21421000,5.699999809,21421000,1.649999976,5900,1.620000005,5900,10.93791485,163100,9.952606201,163100,6.764444351,428100,6.373333454,428100,45.09999847,1738900,42.18999863,1738900,31.07999992,1082600,23,1082600,18.59000015,7278900,16.79999924,7278900
5/6/2010 12:43,29.87999916,128613000,27.90999985,128613000,36.8928566,321465200,28.4642849,321465200,17.45192337,189407700,14.56730747,189407700,1.120000005,155700,1.049999952,155700,3.266000032,735000,3.052400112,735000,31.43000031,6056700,28.95000076,6056700,24.90700912,9026600,21.93132973,9026600,30.37392044,24590800,27.03375053,24590800,7.090000153,21421000,5.699999809,21421000,1.649999976,5900,1.620000005,5900,10.93791485,163100,9.952606201,163100,6.764444351,428100,6.373333454,428100,45.09999847,1738900,42.18999863,1738900,31.07999992,1082600,23,1082600,18.59000015,7278900,16.79999924,7278900
5/6/2010 12:44,29.87999916,128613000,27.90999985,128613000,36.8928566,321465200,28.4642849,321465200,17.45192337,189407700,14.56730747,189407700,1.120000005,155700,1.049999952,155700,3.266000032,735000,3.052400112,735000,31.43000031,6056700,28.95000076,6056700,24.90700912,9026600,21.93132973,9026600,30.37392044,24590800,27.03375053,24590800,7.090000153,21421000,5.699999809,21421000,1.649999976,5900,1.620000005,5900,10.93791485,163100,9.952606201,163100,6.764444351,428100,6.373333454,428100,45.09999847,1738900,42.18999863,1738900,31.07999992,1082600,23,1082600,18.59000015,7278900,16.79999924,7278900
5/6/2010 12:45,29.87999916,128613000,27.90999985,128613000,36.8928566,321465200,28.4642849,321465200,17.45192337,189407700,14.56730747,189407700,1.120000005,155700,1.049999952,155700,3.266000032,735000,3.052400112,735000,31.43000031,6056700,28.95000076,6056700,24.90700912,9026600,21.93132973,9026600,30.37392044,24590800,27.03375053,24590800,7.090000153,21421000,5.699999809,21421000,1.649999976,5900,1.620000005,5900,10.93791485,163100,9.952606201,163100,6.764444351,428100,6.373333454,428100,45.09999847,1738900,42.18999863,1738900,31.07999992,1082600,23,1082600,18.59000015,7278900,16.79999924,7278900
5/6/2010 12:46,29.87999916,128613000,27.90999985,128613000,36.8928566,321465200,28.4642849,321465200,17.45192337,189407700,14.56730747,189407700,1.120000005,155700,1.049999952,155700,3.266000032,735000,3.052400112,735000,31.43000031,6056700,28.95000076,6056700,24.90700912,9026600,21.93132973,9026600,30.37392044,24590800,27.03375053,24590800,7.090000153,21421000,5.699999809,21421000,1.649999976,5900,1.620000005,5900,10.93791485,163100,9.952606201,163100,6.764444351,428100,6.373333454,428100,45.09999847,1738900,42.18999863,1738900,31.07999992,1082600,23,1082600,18.59000015,7278900,16.79999924,7278900
5/6/2010 12:47,29.87999916,128613000,27.90999985,128613000,36.8928566,321465200,28.4642849,321465200,17.45192337,189407700,14.56730747,189407700,1.120000005,155700,1.049999952,155700,3.266000032,735000,3.052400112,735000,31.43000031,6056700,28.95000076,6056700,24.90700912,9026600,21.93132973,9026600,30.37392044,24590800,27.03375053,24590800,7.090000153,21421000,5.699999809,21421000,1.649999976,5900,1.620000005,5900,10.93791485,163100,9.952606201,163100,6.764444351,428100,6.373333454,428100,45.09999847,1738900,42.18999863,1738900,31.07999992,1082600,23,1082600,18.59000015,7278900,16.79999924,7278900
5/6/2010 12:48,29.87999916,128613000,27.90999985,128613000,36.8928566,321465200,28.4642849,321465200,17.45192337,189407700,14.56730747,189407700,1.120000005,155700,1.049999952,155700,3.266000032,735000,3.052400112,735000,31.43000031,6056700,28.95000076,6056700,24.90700912,9026600,21.93132973,9026600,30.37392044,24590800,27.03375053,24590800,7.090000153,21421000,5.699999809,21421000,1.649999976,5900,1.620000005,5900,10.93791485,163100,9.952606201,163100,6.764444351,428100,6.373333454,428100,45.09999847,1738900,42.18999863,1738900,31.07999992,1082600,23,1082600,18.59000015,7278900,16.79999924,7278900
5/6/2010 12:49,29.87999916,128613000,27.90999985,128613000,36.8928566,321465200,28.4642849,321465200,17.45192337,189407700,14.56730747,189407700,1.120000005,155700,1.049999952,155700,3.266000032,735000,3.052400112,735000,31.43000031,6056700,28.95000076,6056700,24.90700912,9026600,21.93132973,9026600,30.37392044,24590800,27.03375053,24590800,7.090000153,21421000,5.699999809,21421000,1.649999976,5900,1.620000005,5900,10.93791485,163100,9.952606201,163100,6.764444351,428100,6.373333454,428100,45.09999847,1738900,42.18999863,1738900,31.07999992,1082600,23,1082600,18.59000015,7278900,16.79999924,7278900
5/6/2010 12:50,29.87999916,128613000,27.90999985,128613000,36.8928566,321465200,28.4642849,321465200,17.45192337,189407700,14.56730747,189407700,1.120000005,155700,1.049999952,155700,3.266000032,735000,3.052400112,735000,31.43000031,6056700,28.95000076,6056700,24.90700912,9026600,21.93132973,9026600,30.37392044,24590800,27.03375053,24590800,7.090000153,21421000,5.699999809,21421000,1.649999976,5900,1.620000005,5900,10.93791485,163100,9.952606201,163100,6.764444351,428100,6.373333454,428100,45.09999847,1738900,42.18999863,1738900,31.07999992,1082600,23,1082600,18.59000015,7278900,16.79999924,7278900
5/6/2010 12:51,29.87999916,128613000,27.90999985,128613000,36.8928566,321465200,28.4642849,321465200,17.45192337,189407700,14.56730747,189407700,1.120000005,155700,1.049999952,155700,3.266000032,735000,3.052400112,735000,31.43000031,6056700,28.95000076,6056700,24.90700912,9026600,21.93132973,9026600,30.37392044,24590800,27.03375053,24590800,7.090000153,21421000,5.699999809,21421000,1.649999976,5900,1.620000005,5900,10.93791485,163100,9.952606201,163100,6.764444351,428100,6.373333454,428100,45.09999847,1738900,42.18999863,1738900,31.07999992,1082600,23,1082600,18.59000015,7278900,16.79999924,7278900
5/6/2010 12:52,29.87999916,128613000,27.90999985,128613000,36.8928566,321465200,28.4642849,321465200,17.45192337,189407700,14.56730747,189407700,1.120000005,155700,1.049999952,155700,3.266000032,735000,3.052400112,735000,31.43000031,6056700,28.95000076,6056700,24.90700912,9026600,21.93132973,9026600,30.37392044,24590800,27.03375053,24590800,7.090000153,21421000,5.699999809,21421000,1.649999976,5900,1.620000005,5900,10.93791485,163100,9.952606201,163100,6.764444351,428100,6.373333454,428100,45.09999847,1738900,42.18999863,1738900,31.07999992,1082600,23,1082600,18.59000015,7278900,16.79999924,7278900
5/6/2010 12:53,29.87999916,128613000,27.90999985,128613000,36.8928566,321465200,28.4642849,321465200,17.45192337,189407700,14.56730747,189407700,1.120000005,155700,1.049999952,155700,3.266000032,735000,3.052400112,735000,31.43000031,6056700,28.95000076,6056700,24.90700912,9026600,21.93132973,9026600,30.37392044,24590800,27.03375053,24590800,7.090000153,21421000,5.699999809,21421000,1.649999976,5900,1.620000005,5900,10.93791485,163100,9.952606201,163100,6.764444351,428100,6.373333454,428100,45.09999847,1738900,42.18999863,1738900,31.07999992,1082600,23,1082600,18.59000015,7278900,16.79999924,7278900
5/6/2010 12:54,29.87999916,128613000,27.90999985,128613000,36.8928566,321465200,28.4642849,321465200,17.45192337,189407700,14.56730747,189407700,1.120000005,155700,1.049999952,155700,3.266000032,735000,3.052400112,735000,31.43000031,6056700,28.95000076,6056700,24.90700912,9026600,21.93132973,9026600,30.37392044,24590800,27.03375053,24590800,7.090000153,21421000,5.699999809,21421000,1.649999976,5900,1.620000005,5900,10.93791485,163100,9.952606201,163100,6.764444351,428100,6.373333454,428100,45.09999847,1738900,42.18999863,1738900,31.07999992,1082600,23,1082600,18.59000015,7278900,16.79999924,7278900
5/6/2010 12:55,29.87999916,128613000,27.90999985,128613000,36.8928566,321465200,28.4642849,321465200,17.45192337,189407700,14.56730747,189407700,1.120000005,155700,1.049999952,155700,3.266000032,735000,3.052400112,735000,31.43000031,6056700,28.95000076,6056700,24.90700912,9026600,21.93132973,9026600,30.37392044,24590800,27.03375053,24590800,7.090000153,21421000,5.699999809,21421000,1.649999976,5900,1.620000005,5900,10.93791485,163100,9.952606201,163100,6.764444351,428100,6.373333454,428100,45.09999847,1738900,42.18999863,1738900,31.07999992,1082600,23,1082600,18.59000015,7278900,16.79999924,7278900
5/6/2010 12:56,29.87999916,128613000,27.90999985,128613000,36.8928566,321465200,28.4642849,321465200,17.45192337,189407700,14.56730747,189407700,1.120000005,155700,1.049999952,155700,3.266000032,735000,3.052400112,735000,31.43000031,6056700,28.95000076,6056700,24.90700912,9026600,21.93132973,9026600,30.37392044,24590800,27.03375053,24590800,7.090000153,21421000,5.699999809,21421000,1.649999976,5900,1.620000005,5900,10.93791485,163100,9.952606201,163100,6.764444351,428100,6.373333454,428100,45.09999847,1738900,42.18999863,1738900,31.07999992,1082600,23,1082600,18.59000015,7278900,16.79999924,7278900
5/6/2010 12:57,29.87999916,128613000,27.90999985,128613000,36.8928566,321465200,28.4642849,321465200,17.45192337,189407700,14.56730747,189407700,1.120000005,155700,1.049999952,155700,3.266000032,735000,3.052400112,735000,31.43000031,6056700,28.95000076,6056700,24.90700912,9026600,21.93132973,9026600,30.37392044,24590800,27.03375053,24590800,7.090000153,21421000,5.699999809,21421000,1.649999976,5900,1.620000005,5900,10.93791485,163100,9.952606201,163100,6.764444351,428100,6.373333454,428100,45.09999847,1738900,42.18999863,1738900,31.07999992,1082600,23,1082600,18.59000015,7278900,16.79999924,7278900
5/6/2010 12:58,29.87999916,128613000,27.90999985,128613000,36.8928566,321465200,28.4642849,321465200,17.45192337,189407700,14.56730747,189407700,1.120000005,155700,1.049999952,155700,3.266000032,735000,3.052400112,735000,31.43000031,6056700,28.95000076,6056700,24.90700912,9026600,21.93132973,9026600,30.37392044,24590800,27.03375053,24590800,7.090000153,21421000,5.699999809,21421000,1.649999976,5900,1.620000005,5900,10.93791485,163100,9.952606201,163100,6.764444351,428100,6.373333454,428100,45.09999847,1738900,42.18999863,1738900,31.07999992,1082600,23,1082600,18.59000015,7278900,16.79999924,7278900
5/6/2010 12:59,29.87999916,128613000,27.90999985,128613000,36.8928566,321465200,28.4642849,321465200,17.45192337,189407700,14.56730747,189407700,1.120000005,155700,1.049999952,155700,3.266000032,735000,3.052400112,735000,31.43000031,6056700,28.95000076,6056700,24.90700912,9026600,21.93132973,9026600,30.37392044,24590800,27.03375053,24590800,7.090000153,21421000,5.699999809,21421000,1.649999976,5900,1.620000005,5900,10.93791485,163100,9.952606201,163100,6.764444351,428100,6.373333454,428100,45.09999847,1738900,42.18999863,1738900,31.07999992,1082600,23,1082600,18.59000015,7278900,16.79999924,7278900
5/6/2010 13:00,29.87999916,128613000,27.90999985,128613000,36.8928566,321465200,28.4642849,321465200,17.45192337,189407700,14.56730747,189407700,1.120000005,155700,1.049999952,155700,3.266000032,735000,3.052400112,735000,31.43000031,6056700,28.95000076,6056700,24.90700912,9026600,21.93132973,9026600,30.37392044,24590800,27.03375053,24590800,7.090000153,21421000,5.699999809,21421000,1.649999976,5900,1.620000005,5900,10.93791485,163100,9.952606201,163100,6.764444351,428100,6.373333454,428100,45.09999847,1738900,42.18999863,1738900,31.07999992,1082600,23,1082600,18.59000015,7278900,16.79999924,7278900
5/6/2010 13:01,29.87999916,128613000,27.90999985,128613000,36.8928566,321465200,28.4642849,321465200,17.45192337,189407700,14.56730747,189407700,1.120000005,155700,1.049999952,155700,3.266000032,735000,3.052400112,735000,31.43000031,6056700,28.95000076,6056700,24.90700912,9026600,21.93132973,9026600,30.37392044,24590800,27.03375053,24590800,7.090000153,21421000,5.699999809,21421000,1.649999976,5900,1.620000005,5900,10.93791485,163100,9.952606201,163100,6.764444351,428100,6.373333454,428100,45.09999847,1738900,42.18999863,1738900,31.07999992,1082600,23,1082600,18.59000015,7278900,16.79999924,7278900
5/6/2010 13:02,29.87999916,128613000,27.90999985,128613000,36.8928566,321465200,28.4642849,321465200,17.45192337,189407700,14.56730747,189407700,1.120000005,155700,1.049999952,155700,3.266000032,735000,3.052400112,735000,31.43000031,6056700,28.95000076,6056700,24.90700912,9026600,21.93132973,9026600,30.37392044,24590800,27.03375053,24590800,7.090000153,21421000,5.699999809,21421000,1.649999976,5900,1.620000005,5900,10.93791485,163100,9.952606201,163100,6.764444351,428100,6.373333454,428100,45.09999847,1738900,42.18999863,1738900,31.07999992,1082600,23,1082600,18.59000015,7278900,16.79999924,7278900
5/6/2010 13:03,29.87999916,128613000,27.90999985,128613000,36.8928566,321465200,28.4642849,321465200,17.45192337,189407700,14.56730747,189407700,1.120000005,155700,1.049999952,155700,3.266000032,735000,3.052400112,735000,31.43000031,6056700,28.95000076,6056700,24.90700912,9026600,21.93132973,9026600,30.37392044,24590800,27.03375053,24590800,7.090000153,21421000,5.699999809,21421000,1.649999976,5900,1.620000005,5900,10.93791485,163100,9.952606201,163100,6.764444351,428100,6.373333454,428100,45.09999847,1738900,42.18999863,1738900,31.07999992,1082600,23,1082600,18.59000015,7278900,16.79999924,7278900
5/6/2010 13:04,29.87999916,128613000,27.90999985,128613000,36.8928566,321465200,28.4642849,321465200,17.45192337,189407700,14.56730747,189407700,1.120000005,155700,1.049999952,155700,3.266000032,735000,3.052400112,735000,31.43000031,6056700,28.95000076,6056700,24.90700912,9026600,21.93132973,9026600,30.37392044,24590800,27.03375053,24590800,7.090000153,21421000,5.699999809,21421000,1.649999976,5900,1.620000005,5900,10.93791485,163100,9.952606201,163100,6.764444351,428100,6.373333454,428100,45.09999847,1738900,42.18999863,1738900,31.07999992,1082600,23,1082600,18.59000015,7278900,16.79999924,7278900
5/6/2010 13:05,29.87999916,128613000,27.90999985,128613000,36.8928566,321465200,28.4642849,321465200,17.45192337,189407700,14.56730747,189407700,1.120000005,155700,1.049999952,155700,3.266000032,735000,3.052400112,735000,31.43000031,6056700,28.95000076,6056700,24.90700912,9026600,21.93132973,9026600,30.37392044,24590800,27.03375053,24590800,7.090000153,21421000,5.699999809,21421000,1.649999976,5900,1.620000005,5900,10.93791485,163100,9.952606201,163100,6.764444351,428100,6.373333454,428100,45.09999847,1738900,42.18999863,1738900,31.07999992,1082600,23,1082600,18.59000015,7278900,16.79999924,7278900
5/6/2010 13:06,29.87999916,128613000,27.90999985,128613000,36.8928566,321465200,28.4642849,321465200,17.45192337,189407700,14.56730747,189407700,1.120000005,155700,1.049999952,155700,3.266000032,735000,3.052400112,735000,31.43000031,6056700,28.95000076,6056700,24.90700912,9026600,21.93132973,9026600,30.37392044,24590800,27.03375053,24590800,7.090000153,21421000,5.699999809,21421000,1.649999976,5900,1.620000005,5900,10.93791485,163100,9.952606201,163100,6.764444351,428100,6.373333454,428100,45.09999847,1738900,42.18999863,1738900,31.07999992,1082600,23,1082600,18.59000015,7278900,16.79999924,7278900
5/6/2010 13:07,29.87999916,128613000,27.90999985,128613000,36.8928566,321465200,28.4642849,321465200,17.45192337,189407700,14.56730747,189407700,1.120000005,155700,1.049999952,155700,3.266000032,735000,3.052400112,735000,31.43000031,6056700,28.95000076,6056700,24.90700912,9026600,21.93132973,9026600,30.37392044,24590800,27.03375053,24590800,7.090000153,21421000,5.699999809,21421000,1.649999976,5900,1.620000005,5900,10.93791485,163100,9.952606201,163100,6.764444351,428100,6.373333454,428100,45.09999847,1738900,42.18999863,1738900,31.07999992,1082600,23,1082600,18.59000015,7278900,16.79999924,7278900
5/6/2010 13:08,29.87999916,128613000,27.90999985,128613000,36.8928566,321465200,28.4642849,321465200,17.45192337,189407700,14.56730747,189407700,1.120000005,155700,1.049999952,155700,3.266000032,735000,3.052400112,735000,31.43000031,6056700,28.95000076,6056700,24.90700912,9026600,21.93132973,9026600,30.37392044,24590800,27.03375053,24590800,7.090000153,21421000,5.699999809,21421000,1.649999976,5900,1.620000005,5900,10.93791485,163100,9.952606201,163100,6.764444351,428100,6.373333454,428100,45.09999847,1738900,42.18999863,1738900,31.07999992,1082600,23,1082600,18.59000015,7278900,16.79999924,7278900
5/6/2010 13:09,29.87999916,128613000,27.90999985,128613000,36.8928566,321465200,28.4642849,321465200,17.45192337,189407700,14.56730747,189407700,1.120000005,155700,1.049999952,155700,3.266000032,735000,3.052400112,735000,31.43000031,6056700,28.95000076,6056700,24.90700912,9026600,21.93132973,9026600,30.37392044,24590800,27.03375053,24590800,7.090000153,21421000,5.699999809,21421000,1.649999976,5900,1.620000005,5900,10.93791485,163100,9.952606201,163100,6.764444351,428100,6.373333454,428100,45.09999847,1738900,42.18999863,1738900,31.07999992,1082600,23,1082600,18.59000015,7278900,16.79999924,7278900
5/6/2010 13:10,29.87999916,128613000,27.90999985,128613000,36.8928566,321465200,28.4642849,321465200,17.45192337,189407700,14.56730747,189407700,1.120000005,155700,1.049999952,155700,3.266000032,735000,3.052400112,735000,31.43000031,6056700,28.95000076,6056700,24.90700912,9026600,21.93132973,9026600,30.37392044,24590800,27.03375053,24590800,7.090000153,21421000,5.699999809,21421000,1.649999976,5900,1.620000005,5900,10.93791485,163100,9.952606201,163100,6.764444351,428100,6.373333454,428100,45.09999847,1738900,42.18999863,1738900,31.07999992,1082600,23,1082600,18.59000015,7278900,16.79999924,7278900
5/6/2010 13:11,29.87999916,128613000,27.90999985,128613000,36.8928566,321465200,28.4642849,321465200,17.45192337,189407700,14.56730747,189407700,1.120000005,155700,1.049999952,155700,3.266000032,735000,3.052400112,735000,31.43000031,6056700,28.95000076,6056700,24.90700912,9026600,21.93132973,9026600,30.37392044,24590800,27.03375053,24590800,7.090000153,21421000,5.699999809,21421000,1.649999976,5900,1.620000005,5900,10.93791485,163100,9.952606201,163100,6.764444351,428100,6.373333454,428100,45.09999847,1738900,42.18999863,1738900,31.07999992,1082600,23,1082600,18.59000015,7278900,16.79999924,7278900
5/6/2010 13:12,29.87999916,128613000,27.90999985,128613000,36.8928566,321465200,28.4642849,321465200,17.45192337,189407700,14.56730747,189407700,1.120000005,155700,1.049999952,155700,3.266000032,735000,3.052400112,735000,31.43000031,6056700,28.95000076,6056700,24.90700912,9026600,21.93132973,9026600,30.37392044,24590800,27.03375053,24590800,7.090000153,21421000,5.699999809,21421000,1.649999976,5900,1.620000005,5900,10.93791485,163100,9.952606201,163100,6.764444351,428100,6.373333454,428100,45.09999847,1738900,42.18999863,1738900,31.07999992,1082600,23,1082600,18.59000015,7278900,16.79999924,7278900
5/6/2010 13:13,29.87999916,128613000,27.90999985,128613000,36.8928566,321465200,28.4642849,321465200,17.45192337,189407700,14.56730747,189407700,1.120000005,155700,1.049999952,155700,3.266000032,735000,3.052400112,735000,31.43000031,6056700,28.95000076,6056700,24.90700912,9026600,21.93132973,9026600,30.37392044,24590800,27.03375053,24590800,7.090000153,21421000,5.699999809,21421000,1.649999976,5900,1.620000005,5900,10.93791485,163100,9.952606201,163100,6.764444351,428100,6.373333454,428100,45.09999847,1738900,42.18999863,1738900,31.07999992,1082600,23,1082600,18.59000015,7278900,16.79999924,7278900
5/6/2010 13:14,29.87999916,128613000,27.90999985,128613000,36.8928566,321465200,28.4642849,321465200,17.45192337,189407700,14.56730747,189407700,1.120000005,155700,1.049999952,155700,3.266000032,735000,3.052400112,735000,31.43000031,6056700,28.95000076,6056700,24.90700912,9026600,21.93132973,9026600,30.37392044,24590800,27.03375053,24590800,7.090000153,21421000,5.699999809,21421000,1.649999976,5900,1.620000005,5900,10.93791485,163100,9.952606201,163100,6.764444351,428100,6.373333454,428100,45.09999847,1738900,42.18999863,1738900,31.07999992,1082600,23,1082600,18.59000015,7278900,16.79999924,7278900
5/6/2010 13:15,29.87999916,128613000,27.90999985,128613000,36.8928566,321465200,28.4642849,321465200,17.45192337,189407700,14.56730747,189407700,1.120000005,155700,1.049999952,155700,3.266000032,735000,3.052400112,735000,31.43000031,6056700,28.95000076,6056700,24.90700912,9026600,21.93132973,9026600,30.37392044,24590800,27.03375053,24590800,7.090000153,21421000,5.699999809,21421000,1.649999976,5900,1.620000005,5900,10.93791485,163100,9.952606201,163100,6.764444351,428100,6.373333454,428100,45.09999847,1738900,42.18999863,1738900,31.07999992,1082600,23,1082600,18.59000015,7278900,16.79999924,7278900
5/6/2010 13:16,29.87999916,128613000,27.90999985,128613000,36.8928566,321465200,28.4642849,321465200,17.45192337,189407700,14.56730747,189407700,1.120000005,155700,1.049999952,155700,3.266000032,735000,3.052400112,735000,31.43000031,6056700,28.95000076,6056700,24.90700912,9026600,21.93132973,9026600,30.37392044,24590800,27.03375053,24590800,7.090000153,21421000,5.699999809,21421000,1.649999976,5900,1.620000005,5900,10.93791485,163100,9.952606201,163100,6.764444351,428100,6.373333454,428100,45.09999847,1738900,42.18999863,1738900,31.07999992,1082600,23,1082600,18.59000015,7278900,16.79999924,7278900
5/6/2010 13:17,29.87999916,128613000,27.90999985,128613000,36.8928566,321465200,28.4642849,321465200,17.45192337,189407700,14.56730747,189407700,1.120000005,155700,1.049999952,155700,3.266000032,735000,3.052400112,735000,31.43000031,6056700,28.95000076,6056700,24.90700912,9026600,21.93132973,9026600,30.37392044,24590800,27.03375053,24590800,7.090000153,21421000,5.699999809,21421000,1.649999976,5900,1.620000005,5900,10.93791485,163100,9.952606201,163100,6.764444351,428100,6.373333454,428100,45.09999847,1738900,42.18999863,1738900,31.07999992,1082600,23,1082600,18.59000015,7278900,16.79999924,7278900
5/6/2010 13:18,29.87999916,128613000,27.90999985,128613000,36.8928566,321465200,28.4642849,321465200,17.45192337,189407700,14.56730747,189407700,1.120000005,155700,1.049999952,155700,3.266000032,735000,3.052400112,735000,31.43000031,6056700,28.95000076,6056700,24.90700912,9026600,21.93132973,9026600,30.37392044,24590800,27.03375053,24590800,7.090000153,21421000,5.699999809,21421000,1.649999976,5900,1.620000005,5900,10.93791485,163100,9.952606201,163100,6.764444351,428100,6.373333454,428100,45.09999847,1738900,42.18999863,1738900,31.07999992,1082600,23,1082600,18.59000015,7278900,16.79999924,7278900
5/6/2010 13:19,29.87999916,128613000,27.90999985,128613000,36.8928566,321465200,28.4642849,321465200,17.45192337,189407700,14.56730747,189407700,1.120000005,155700,1.049999952,155700,3.266000032,735000,3.052400112,735000,31.43000031,6056700,28.95000076,6056700,24.90700912,9026600,21.93132973,9026600,30.37392044,24590800,27.03375053,24590800,7.090000153,21421000,5.699999809,21421000,1.649999976,5900,1.620000005,5900,10.93791485,163100,9.952606201,163100,6.764444351,428100,6.373333454,428100,45.09999847,1738900,42.18999863,1738900,31.07999992,1082600,23,1082600,18.59000015,7278900,16.79999924,7278900
5/6/2010 13:20,29.87999916,128613000,27.90999985,128613000,36.8928566,321465200,28.4642849,321465200,17.45192337,189407700,14.56730747,189407700,1.120000005,155700,1.049999952,155700,3.266000032,735000,3.052400112,735000,31.43000031,6056700,28.95000076,6056700,24.90700912,9026600,21.93132973,9026600,30.37392044,24590800,27.03375053,24590800,7.090000153,21421000,5.699999809,21421000,1.649999976,5900,1.620000005,5900,10.93791485,163100,9.952606201,163100,6.764444351,428100,6.373333454,428100,45.09999847,1738900,42.18999863,1738900,31.07999992,1082600,23,1082600,18.59000015,7278900,16.79999924,7278900
5/6/2010 13:21,29.87999916,128613000,27.90999985,128613000,36.8928566,321465200,28.4642849,321465200,17.45192337,189407700,14.56730747,189407700,1.120000005,155700,1.049999952,155700,3.266000032,735000,3.052400112,735000,31.43000031,6056700,28.95000076,6056700,24.90700912,9026600,21.93132973,9026600,30.37392044,24590800,27.03375053,24590800,7.090000153,21421000,5.699999809,21421000,1.649999976,5900,1.620000005,5900,10.93791485,163100,9.952606201,163100,6.764444351,428100,6.373333454,428100,45.09999847,1738900,42.18999863,1738900,31.07999992,1082600,23,1082600,18.59000015,7278900,16.79999924,7278900
5/6/2010 13:22,29.87999916,128613000,27.90999985,128613000,36.8928566,321465200,28.4642849,321465200,17.45192337,189407700,14.56730747,189407700,1.120000005,155700,1.049999952,155700,3.266000032,735000,3.052400112,735000,31.43000031,6056700,28.95000076,6056700,24.90700912,9026600,21.93132973,9026600,30.37392044,24590800,27.03375053,24590800,7.090000153,21421000,5.699999809,21421000,1.649999976,5900,1.620000005,5900,10.93791485,163100,9.952606201,163100,6.764444351,428100,6.373333454,428100,45.09999847,1738900,42.18999863,1738900,31.07999992,1082600,23,1082600,18.59000015,7278900,16.79999924,7278900
5/6/2010 13:23,29.87999916,128613000,27.90999985,128613000,36.8928566,321465200,28.4642849,321465200,17.45192337,189407700,14.56730747,189407700,1.120000005,155700,1.049999952,155700,3.266000032,735000,3.052400112,735000,31.43000031,6056700,28.95000076,6056700,24.90700912,9026600,21.93132973,9026600,30.37392044,24590800,27.03375053,24590800,7.090000153,21421000,5.699999809,21421000,1.649999976,5900,1.620000005,5900,10.93791485,163100,9.952606201,163100,6.764444351,428100,6.373333454,428100,45.09999847,1738900,42.18999863,1738900,31.07999992,1082600,23,1082600,18.59000015,7278900,16.79999924,7278900
5/6/2010 13:24,29.87999916,128613000,27.90999985,128613000,36.8928566,321465200,28.4642849,321465200,17.45192337,189407700,14.56730747,189407700,1.120000005,155700,1.049999952,155700,3.266000032,735000,3.052400112,735000,31.43000031,6056700,28.95000076,6056700,24.90700912,9026600,21.93132973,9026600,30.37392044,24590800,27.03375053,24590800,7.090000153,21421000,5.699999809,21421000,1.649999976,5900,1.620000005,5900,10.93791485,163100,9.952606201,163100,6.764444351,428100,6.373333454,428100,45.09999847,1738900,42.18999863,1738900,31.07999992,1082600,23,1082600,18.59000015,7278900,16.79999924,7278900
5/6/2010 13:25,29.87999916,128613000,27.90999985,128613000,36.8928566,321465200,28.4642849,321465200,17.45192337,189407700,14.56730747,189407700,1.120000005,155700,1.049999952,155700,3.266000032,735000,3.052400112,735000,31.43000031,6056700,28.95000076,6056700,24.90700912,9026600,21.93132973,9026600,30.37392044,24590800,27.03375053,24590800,7.090000153,21421000,5.699999809,21421000,1.649999976,5900,1.620000005,5900,10.93791485,163100,9.952606201,163100,6.764444351,428100,6.373333454,428100,45.09999847,1738900,42.18999863,1738900,31.07999992,1082600,23,1082600,18.59000015,7278900,16.79999924,7278900
5/6/2010 13:26,29.87999916,128613000,27.90999985,128613000,36.8928566,321465200,28.4642849,321465200,17.45192337,189407700,14.56730747,189407700,1.120000005,155700,1.049999952,155700,3.266000032,735000,3.052400112,735000,31.43000031,6056700,28.95000076,6056700,24.90700912,9026600,21.93132973,9026600,30.37392044,24590800,27.03375053,24590800,7.090000153,21421000,5.699999809,21421000,1.649999976,5900,1.620000005,5900,10.93791485,163100,9.952606201,163100,6.764444351,428100,6.373333454,428100,45.09999847,1738900,42.18999863,1738900,31.07999992,1082600,23,1082600,18.59000015,7278900,16.79999924,7278900
5/6/2010 13:27,29.87999916,128613000,27.90999985,128613000,36.8928566,321465200,28.4642849,321465200,17.45192337,189407700,14.56730747,189407700,1.120000005,155700,1.049999952,155700,3.266000032,735000,3.052400112,735000,31.43000031,6056700,28.95000076,6056700,24.90700912,9026600,21.93132973,9026600,30.37392044,24590800,27.03375053,24590800,7.090000153,21421000,5.699999809,21421000,1.649999976,5900,1.620000005,5900,10.93791485,163100,9.952606201,163100,6.764444351,428100,6.373333454,428100,45.09999847,1738900,42.18999863,1738900,31.07999992,1082600,23,1082600,18.59000015,7278900,16.79999924,7278900
5/6/2010 13:28,29.87999916,128613000,27.90999985,128613000,36.8928566,321465200,28.4642849,321465200,17.45192337,189407700,14.56730747,189407700,1.120000005,155700,1.049999952,155700,3.266000032,735000,3.052400112,735000,31.43000031,6056700,28.95000076,6056700,24.90700912,9026600,21.93132973,9026600,30.37392044,24590800,27.03375053,24590800,7.090000153,21421000,5.699999809,21421000,1.649999976,5900,1.620000005,5900,10.93791485,163100,9.952606201,163100,6.764444351,428100,6.373333454,428100,45.09999847,1738900,42.18999863,1738900,31.07999992,1082600,23,1082600,18.59000015,7278900,16.79999924,7278900
5/6/2010 13:29,29.87999916,128613000,27.90999985,128613000,36.8928566,321465200,28.4642849,321465200,17.45192337,189407700,14.56730747,189407700,1.120000005,155700,1.049999952,155700,3.266000032,735000,3.052400112,735000,31.43000031,6056700,28.95000076,6056700,24.90700912,9026600,21.93132973,9026600,30.37392044,24590800,27.03375053,24590800,7.090000153,21421000,5.699999809,21421000,1.649999976,5900,1.620000005,5900,10.93791485,163100,9.952606201,163100,6.764444351,428100,6.373333454,428100,45.09999847,1738900,42.18999863,1738900,31.07999992,1082600,23,1082600,18.59000015,7278900,16.79999924,7278900
5/6/2010 13:30,29.87999916,128613000,27.90999985,128613000,36.8928566,321465200,28.4642849,321465200,17.45192337,189407700,14.56730747,189407700,1.120000005,155700,1.049999952,155700,3.266000032,735000,3.052400112,735000,31.43000031,6056700,28.95000076,6056700,24.90700912,9026600,21.93132973,9026600,30.37392044,24590800,27.03375053,24590800,7.090000153,21421000,5.699999809,21421000,1.649999976,5900,1.620000005,5900,10.93791485,163100,9.952606201,163100,6.764444351,428100,6.373333454,428100,45.09999847,1738900,42.18999863,1738900,31.07999992,1082600,23,1082600,18.59000015,7278900,16.79999924,7278900
5/6/2010 13:31,29.87999916,128613000,27.90999985,128613000,36.8928566,321465200,28.4642849,321465200,17.45192337,189407700,14.56730747,189407700,1.120000005,155700,1.049999952,155700,3.266000032,735000,3.052400112,735000,31.43000031,6056700,28.95000076,6056700,24.90700912,9026600,21.93132973,9026600,30.37392044,24590800,27.03375053,24590800,7.090000153,21421000,5.699999809,21421000,1.649999976,5900,1.620000005,5900,10.93791485,163100,9.952606201,163100,6.764444351,428100,6.373333454,428100,45.09999847,1738900,42.18999863,1738900,31.07999992,1082600,23,1082600,18.59000015,7278900,16.79999924,7278900
5/6/2010 13:32,29.87999916,128613000,27.90999985,128613000,36.8928566,321465200,28.4642849,321465200,17.45192337,189407700,14.56730747,189407700,1.120000005,155700,1.049999952,155700,3.266000032,735000,3.052400112,735000,31.43000031,6056700,28.95000076,6056700,24.90700912,9026600,21.93132973,9026600,30.37392044,24590800,27.03375053,24590800,7.090000153,21421000,5.699999809,21421000,1.649999976,5900,1.620000005,5900,10.93791485,163100,9.952606201,163100,6.764444351,428100,6.373333454,428100,45.09999847,1738900,42.18999863,1738900,31.07999992,1082600,23,1082600,18.59000015,7278900,16.79999924,7278900
5/6/2010 13:33,29.87999916,128613000,27.90999985,128613000,36.8928566,321465200,28.4642849,321465200,17.45192337,189407700,14.56730747,189407700,1.120000005,155700,1.049999952,155700,3.266000032,735000,3.052400112,735000,31.43000031,6056700,28.95000076,6056700,24.90700912,9026600,21.93132973,9026600,30.37392044,24590800,27.03375053,24590800,7.090000153,21421000,5.699999809,21421000,1.649999976,5900,1.620000005,5900,10.93791485,163100,9.952606201,163100,6.764444351,428100,6.373333454,428100,45.09999847,1738900,42.18999863,1738900,31.07999992,1082600,23,1082600,18.59000015,7278900,16.79999924,7278900
5/6/2010 13:34,29.87999916,128613000,27.90999985,128613000,36.8928566,321465200,28.4642849,321465200,17.45192337,189407700,14.56730747,189407700,1.120000005,155700,1.049999952,155700,3.266000032,735000,3.052400112,735000,31.43000031,6056700,28.95000076,6056700,24.90700912,9026600,21.93132973,9026600,30.37392044,24590800,27.03375053,24590800,7.090000153,21421000,5.699999809,21421000,1.649999976,5900,1.620000005,5900,10.93791485,163100,9.952606201,163100,6.764444351,428100,6.373333454,428100,45.09999847,1738900,42.18999863,1738900,31.07999992,1082600,23,1082600,18.59000015,7278900,16.79999924,7278900
5/6/2010 13:35,29.87999916,128613000,27.90999985,128613000,36.8928566,321465200,28.4642849,321465200,17.45192337,189407700,14.56730747,189407700,1.120000005,155700,1.049999952,155700,3.266000032,735000,3.052400112,735000,31.43000031,6056700,28.95000076,6056700,24.90700912,9026600,21.93132973,9026600,30.37392044,24590800,27.03375053,24590800,7.090000153,21421000,5.699999809,21421000,1.649999976,5900,1.620000005,5900,10.93791485,163100,9.952606201,163100,6.764444351,428100,6.373333454,428100,45.09999847,1738900,42.18999863,1738900,31.07999992,1082600,23,1082600,18.59000015,7278900,16.79999924,7278900
5/6/2010 13:36,29.87999916,128613000,27.90999985,128613000,36.8928566,321465200,28.4642849,321465200,17.45192337,189407700,14.56730747,189407700,1.120000005,155700,1.049999952,155700,3.266000032,735000,3.052400112,735000,31.43000031,6056700,28.95000076,6056700,24.90700912,9026600,21.93132973,9026600,30.37392044,24590800,27.03375053,24590800,7.090000153,21421000,5.699999809,21421000,1.649999976,5900,1.620000005,5900,10.93791485,163100,9.952606201,163100,6.764444351,428100,6.373333454,428100,45.09999847,1738900,42.18999863,1738900,31.07999992,1082600,23,1082600,18.59000015,7278900,16.79999924,7278900
5/6/2010 13:37,29.87999916,128613000,27.90999985,128613000,36.8928566,321465200,28.4642849,321465200,17.45192337,189407700,14.56730747,189407700,1.120000005,155700,1.049999952,155700,3.266000032,735000,3.052400112,735000,31.43000031,6056700,28.95000076,6056700,24.90700912,9026600,21.93132973,9026600,30.37392044,24590800,27.03375053,24590800,7.090000153,21421000,5.699999809,21421000,1.649999976,5900,1.620000005,5900,10.93791485,163100,9.952606201,163100,6.764444351,428100,6.373333454,428100,45.09999847,1738900,42.18999863,1738900,31.07999992,1082600,23,1082600,18.59000015,7278900,16.79999924,7278900
5/6/2010 13:38,29.87999916,128613000,27.90999985,128613000,36.8928566,321465200,28.4642849,321465200,17.45192337,189407700,14.56730747,189407700,1.120000005,155700,1.049999952,155700,3.266000032,735000,3.052400112,735000,31.43000031,6056700,28.95000076,6056700,24.90700912,9026600,21.93132973,9026600,30.37392044,24590800,27.03375053,24590800,7.090000153,21421000,5.699999809,21421000,1.649999976,5900,1.620000005,5900,10.93791485,163100,9.952606201,163100,6.764444351,428100,6.373333454,428100,45.09999847,1738900,42.18999863,1738900,31.07999992,1082600,23,1082600,18.59000015,7278900,16.79999924,7278900
5/6/2010 13:39,29.87999916,128613000,27.90999985,128613000,36.8928566,321465200,28.4642849,321465200,17.45192337,189407700,14.56730747,189407700,1.120000005,155700,1.049999952,155700,3.266000032,735000,3.052400112,735000,31.43000031,6056700,28.95000076,6056700,24.90700912,9026600,21.93132973,9026600,30.37392044,24590800,27.03375053,24590800,7.090000153,21421000,5.699999809,21421000,1.649999976,5900,1.620000005,5900,10.93791485,163100,9.952606201,163100,6.764444351,428100,6.373333454,428100,45.09999847,1738900,42.18999863,1738900,31.07999992,1082600,23,1082600,18.59000015,7278900,16.79999924,7278900
5/6/2010 13:40,29.87999916,128613000,27.90999985,128613000,36.8928566,321465200,28.4642849,321465200,17.45192337,189407700,14.56730747,189407700,1.120000005,155700,1.049999952,155700,3.266000032,735000,3.052400112,735000,31.43000031,6056700,28.95000076,6056700,24.90700912,9026600,21.93132973,9026600,30.37392044,24590800,27.03375053,24590800,7.090000153,21421000,5.699999809,21421000,1.649999976,5900,1.620000005,5900,10.93791485,163100,9.952606201,163100,6.764444351,428100,6.373333454,428100,45.09999847,1738900,42.18999863,1738900,31.07999992,1082600,23,1082600,18.59000015,7278900,16.79999924,7278900
5/6/2010 13:41,29.87999916,128613000,27.90999985,128613000,36.8928566,321465200,28.4642849,321465200,17.45192337,189407700,14.56730747,189407700,1.120000005,155700,1.049999952,155700,3.266000032,735000,3.052400112,735000,31.43000031,6056700,28.95000076,6056700,24.90700912,9026600,21.93132973,9026600,30.37392044,24590800,27.03375053,24590800,7.090000153,21421000,5.699999809,21421000,1.649999976,5900,1.620000005,5900,10.93791485,163100,9.952606201,163100,6.764444351,428100,6.373333454,428100,45.09999847,1738900,42.18999863,1738900,31.07999992,1082600,23,1082600,18.59000015,7278900,16.79999924,7278900
5/6/2010 13:42,29.87999916,128613000,27.90999985,128613000,36.8928566,321465200,28.4642849,321465200,17.45192337,189407700,14.56730747,189407700,1.120000005,155700,1.049999952,155700,3.266000032,735000,3.052400112,735000,31.43000031,6056700,28.95000076,6056700,24.90700912,9026600,21.93132973,9026600,30.37392044,24590800,27.03375053,24590800,7.090000153,21421000,5.699999809,21421000,1.649999976,5900,1.620000005,5900,10.93791485,163100,9.952606201,163100,6.764444351,428100,6.373333454,428100,45.09999847,1738900,42.18999863,1738900,31.07999992,1082600,23,1082600,18.59000015,7278900,16.79999924,7278900
5/6/2010 13:43,29.87999916,128613000,27.90999985,128613000,36.8928566,321465200,28.4642849,321465200,17.45192337,189407700,14.56730747,189407700,1.120000005,155700,1.049999952,155700,3.266000032,735000,3.052400112,735000,31.43000031,6056700,28.95000076,6056700,24.90700912,9026600,21.93132973,9026600,30.37392044,24590800,27.03375053,24590800,7.090000153,21421000,5.699999809,21421000,1.649999976,5900,1.620000005,5900,10.93791485,163100,9.952606201,163100,6.764444351,428100,6.373333454,428100,45.09999847,1738900,42.18999863,1738900,31.07999992,1082600,23,1082600,18.59000015,7278900,16.79999924,7278900
5/6/2010 13:44,29.87999916,128613000,27.90999985,128613000,36.8928566,321465200,28.4642849,321465200,17.45192337,189407700,14.56730747,189407700,1.120000005,155700,1.049999952,155700,3.266000032,735000,3.052400112,735000,31.43000031,6056700,28.95000076,6056700,24.90700912,9026600,21.93132973,9026600,30.37392044,24590800,27.03375053,24590800,7.090000153,21421000,5.699999809,21421000,1.649999976,5900,1.620000005,5900,10.93791485,163100,9.952606201,163100,6.764444351,428100,6.373333454,428100,45.09999847,1738900,42.18999863,1738900,31.07999992,1082600,23,1082600,18.59000015,7278900,16.79999924,7278900
5/6/2010 13:45,29.87999916,128613000,27.90999985,128613000,36.8928566,321465200,28.4642849,321465200,17.45192337,189407700,14.56730747,189407700,1.120000005,155700,1.049999952,155700,3.266000032,735000,3.052400112,735000,31.43000031,6056700,28.95000076,6056700,24.90700912,9026600,21.93132973,9026600,30.37392044,24590800,27.03375053,24590800,7.090000153,21421000,5.699999809,21421000,1.649999976,5900,1.620000005,5900,10.93791485,163100,9.952606201,163100,6.764444351,428100,6.373333454,428100,45.09999847,1738900,42.18999863,1738900,31.07999992,1082600,23,1082600,18.59000015,7278900,16.79999924,7278900
5/6/2010 13:46,29.87999916,128613000,27.90999985,128613000,36.8928566,321465200,28.4642849,321465200,17.45192337,189407700,14.56730747,189407700,1.120000005,155700,1.049999952,155700,3.266000032,735000,3.052400112,735000,31.43000031,6056700,28.95000076,6056700,24.90700912,9026600,21.93132973,9026600,30.37392044,24590800,27.03375053,24590800,7.090000153,21421000,5.699999809,21421000,1.649999976,5900,1.620000005,5900,10.93791485,163100,9.952606201,163100,6.764444351,428100,6.373333454,428100,45.09999847,1738900,42.18999863,1738900,31.07999992,1082600,23,1082600,18.59000015,7278900,16.79999924,7278900
5/6/2010 13:47,29.87999916,128613000,27.90999985,128613000,36.8928566,321465200,28.4642849,321465200,17.45192337,189407700,14.56730747,189407700,1.120000005,155700,1.049999952,155700,3.266000032,735000,3.052400112,735000,31.43000031,6056700,28.95000076,6056700,24.90700912,9026600,21.93132973,9026600,30.37392044,24590800,27.03375053,24590800,7.090000153,21421000,5.699999809,21421000,1.649999976,5900,1.620000005,5900,10.93791485,163100,9.952606201,163100,6.764444351,428100,6.373333454,428100,45.09999847,1738900,42.18999863,1738900,31.07999992,1082600,23,1082600,18.59000015,7278900,16.79999924,7278900
5/6/2010 13:48,29.87999916,128613000,27.90999985,128613000,36.8928566,321465200,28.4642849,321465200,17.45192337,189407700,14.56730747,189407700,1.120000005,155700,1.049999952,155700,3.266000032,735000,3.052400112,735000,31.43000031,6056700,28.95000076,6056700,24.90700912,9026600,21.93132973,9026600,30.37392044,24590800,27.03375053,24590800,7.090000153,21421000,5.699999809,21421000,1.649999976,5900,1.620000005,5900,10.93791485,163100,9.952606201,163100,6.764444351,428100,6.373333454,428100,45.09999847,1738900,42.18999863,1738900,31.07999992,1082600,23,1082600,18.59000015,7278900,16.79999924,7278900
5/6/2010 13:49,29.87999916,128613000,27.90999985,128613000,36.8928566,321465200,28.4642849,321465200,17.45192337,189407700,14.56730747,189407700,1.120000005,155700,1.049999952,155700,3.266000032,735000,3.052400112,735000,31.43000031,6056700,28.95000076,6056700,24.90700912,9026600,21.93132973,9026600,30.37392044,24590800,27.03375053,24590800,7.090000153,21421000,5.699999809,21421000,1.649999976,5900,1.620000005,5900,10.93791485,163100,9.952606201,163100,6.764444351,428100,6.373333454,428100,45.09999847,1738900,42.18999863,1738900,31.07999992,1082600,23,1082600,18.59000015,7278900,16.79999924,7278900
5/6/2010 13:50,29.87999916,128613000,27.90999985,128613000,36.8928566,321465200,28.4642849,321465200,17.45192337,189407700,14.56730747,189407700,1.120000005,155700,1.049999952,155700,3.266000032,735000,3.052400112,735000,31.43000031,6056700,28.95000076,6056700,24.90700912,9026600,21.93132973,9026600,30.37392044,24590800,27.03375053,24590800,7.090000153,21421000,5.699999809,21421000,1.649999976,5900,1.620000005,5900,10.93791485,163100,9.952606201,163100,6.764444351,428100,6.373333454,428100,45.09999847,1738900,42.18999863,1738900,31.07999992,1082600,23,1082600,18.59000015,7278900,16.79999924,7278900
5/6/2010 13:51,29.87999916,128613000,27.90999985,128613000,36.8928566,321465200,28.4642849,321465200,17.45192337,189407700,14.56730747,189407700,1.120000005,155700,1.049999952,155700,3.266000032,735000,3.052400112,735000,31.43000031,6056700,28.95000076,6056700,24.90700912,9026600,21.93132973,9026600,30.37392044,24590800,27.03375053,24590800,7.090000153,21421000,5.699999809,21421000,1.649999976,5900,1.620000005,5900,10.93791485,163100,9.952606201,163100,6.764444351,428100,6.373333454,428100,45.09999847,1738900,42.18999863,1738900,31.07999992,1082600,23,1082600,18.59000015,7278900,16.79999924,7278900
5/6/2010 13:52,29.87999916,128613000,27.90999985,128613000,36.8928566,321465200,28.4642849,321465200,17.45192337,189407700,14.56730747,189407700,1.120000005,155700,1.049999952,155700,3.266000032,735000,3.052400112,735000,31.43000031,6056700,28.95000076,6056700,24.90700912,9026600,21.93132973,9026600,30.37392044,24590800,27.03375053,24590800,7.090000153,21421000,5.699999809,21421000,1.649999976,5900,1.620000005,5900,10.93791485,163100,9.952606201,163100,6.764444351,428100,6.373333454,428100,45.09999847,1738900,42.18999863,1738900,31.07999992,1082600,23,1082600,18.59000015,7278900,16.79999924,7278900
5/6/2010 13:53,29.87999916,128613000,27.90999985,128613000,36.8928566,321465200,28.4642849,321465200,17.45192337,189407700,14.56730747,189407700,1.120000005,155700,1.049999952,155700,3.266000032,735000,3.052400112,735000,31.43000031,6056700,28.95000076,6056700,24.90700912,9026600,21.93132973,9026600,30.37392044,24590800,27.03375053,24590800,7.090000153,21421000,5.699999809,21421000,1.649999976,5900,1.620000005,5900,10.93791485,163100,9.952606201,163100,6.764444351,428100,6.373333454,428100,45.09999847,1738900,42.18999863,1738900,31.07999992,1082600,23,1082600,18.59000015,7278900,16.79999924,7278900
5/6/2010 13:54,29.87999916,128613000,27.90999985,128613000,36.8928566,321465200,28.4642849,321465200,17.45192337,189407700,14.56730747,189407700,1.120000005,155700,1.049999952,155700,3.266000032,735000,3.052400112,735000,31.43000031,6056700,28.95000076,6056700,24.90700912,9026600,21.93132973,9026600,30.37392044,24590800,27.03375053,24590800,7.090000153,21421000,5.699999809,21421000,1.649999976,5900,1.620000005,5900,10.93791485,163100,9.952606201,163100,6.764444351,428100,6.373333454,428100,45.09999847,1738900,42.18999863,1738900,31.07999992,1082600,23,1082600,18.59000015,7278900,16.79999924,7278900
5/6/2010 13:55,29.87999916,128613000,27.90999985,128613000,36.8928566,321465200,28.4642849,321465200,17.45192337,189407700,14.56730747,189407700,1.120000005,155700,1.049999952,155700,3.266000032,735000,3.052400112,735000,31.43000031,6056700,28.95000076,6056700,24.90700912,9026600,21.93132973,9026600,30.37392044,24590800,27.03375053,24590800,7.090000153,21421000,5.699999809,21421000,1.649999976,5900,1.620000005,5900,10.93791485,163100,9.952606201,163100,6.764444351,428100,6.373333454,428100,45.09999847,1738900,42.18999863,1738900,31.07999992,1082600,23,1082600,18.59000015,7278900,16.79999924,7278900
5/6/2010 13:56,29.87999916,128613000,27.90999985,128613000,36.8928566,321465200,28.4642849,321465200,17.45192337,189407700,14.56730747,189407700,1.120000005,155700,1.049999952,155700,3.266000032,735000,3.052400112,735000,31.43000031,6056700,28.95000076,6056700,24.90700912,9026600,21.93132973,9026600,30.37392044,24590800,27.03375053,24590800,7.090000153,21421000,5.699999809,21421000,1.649999976,5900,1.620000005,5900,10.93791485,163100,9.952606201,163100,6.764444351,428100,6.373333454,428100,45.09999847,1738900,42.18999863,1738900,31.07999992,1082600,23,1082600,18.59000015,7278900,16.79999924,7278900
5/6/2010 13:57,29.87999916,128613000,27.90999985,128613000,36.8928566,321465200,28.4642849,321465200,17.45192337,189407700,14.56730747,189407700,1.120000005,155700,1.049999952,155700,3.266000032,735000,3.052400112,735000,31.43000031,6056700,28.95000076,6056700,24.90700912,9026600,21.93132973,9026600,30.37392044,24590800,27.03375053,24590800,7.090000153,21421000,5.699999809,21421000,1.649999976,5900,1.620000005,5900,10.93791485,163100,9.952606201,163100,6.764444351,428100,6.373333454,428100,45.09999847,1738900,42.18999863,1738900,31.07999992,1082600,23,1082600,18.59000015,7278900,16.79999924,7278900
5/6/2010 13:58,29.87999916,128613000,27.90999985,128613000,36.8928566,321465200,28.4642849,321465200,17.45192337,189407700,14.56730747,189407700,1.120000005,155700,1.049999952,155700,3.266000032,735000,3.052400112,735000,31.43000031,6056700,28.95000076,6056700,24.90700912,9026600,21.93132973,9026600,30.37392044,24590800,27.03375053,24590800,7.090000153,21421000,5.699999809,21421000,1.649999976,5900,1.620000005,5900,10.93791485,163100,9.952606201,163100,6.764444351,428100,6.373333454,428100,45.09999847,1738900,42.18999863,1738900,31.07999992,1082600,23,1082600,18.59000015,7278900,16.79999924,7278900
5/6/2010 13:59,29.87999916,128613000,27.90999985,128613000,36.8928566,321465200,28.4642849,321465200,17.45192337,189407700,14.56730747,189407700,1.120000005,155700,1.049999952,155700,3.266000032,735000,3.052400112,735000,31.43000031,6056700,28.95000076,6056700,24.90700912,9026600,21.93132973,9026600,30.37392044,24590800,27.03375053,24590800,7.090000153,21421000,5.699999809,21421000,1.649999976,5900,1.620000005,5900,10.93791485,163100,9.952606201,163100,6.764444351,428100,6.373333454,428100,45.09999847,1738900,42.18999863,1738900,31.07999992,1082600,23,1082600,18.59000015,7278900,16.79999924,7278900
5/6/2010 14:00,29.87999916,128613000,27.90999985,128613000,36.8928566,321465200,28.4642849,321465200,17.45192337,189407700,14.56730747,189407700,1.120000005,155700,1.049999952,155700,3.266000032,735000,3.052400112,735000,31.43000031,6056700,28.95000076,6056700,24.90700912,9026600,21.93132973,9026600,30.37392044,24590800,27.03375053,24590800,7.090000153,21421000,5.699999809,21421000,1.649999976,5900,1.620000005,5900,10.93791485,163100,9.952606201,163100,6.764444351,428100,6.373333454,428100,45.09999847,1738900,42.18999863,1738900,31.07999992,1082600,23,1082600,18.59000015,7278900,16.79999924,7278900
5/6/2010 14:01,29.87999916,128613000,27.90999985,128613000,36.8928566,321465200,28.4642849,321465200,17.45192337,189407700,14.56730747,189407700,1.120000005,155700,1.049999952,155700,3.266000032,735000,3.052400112,735000,31.43000031,6056700,28.95000076,6056700,24.90700912,9026600,21.93132973,9026600,30.37392044,24590800,27.03375053,24590800,7.090000153,21421000,5.699999809,21421000,1.649999976,5900,1.620000005,5900,10.93791485,163100,9.952606201,163100,6.764444351,428100,6.373333454,428100,45.09999847,1738900,42.18999863,1738900,31.07999992,1082600,23,1082600,18.59000015,7278900,16.79999924,7278900
5/6/2010 14:02,29.87999916,128613000,27.90999985,128613000,36.8928566,321465200,28.4642849,321465200,17.45192337,189407700,14.56730747,189407700,1.120000005,155700,1.049999952,155700,3.266000032,735000,3.052400112,735000,31.43000031,6056700,28.95000076,6056700,24.90700912,9026600,21.93132973,9026600,30.37392044,24590800,27.03375053,24590800,7.090000153,21421000,5.699999809,21421000,1.649999976,5900,1.620000005,5900,10.93791485,163100,9.952606201,163100,6.764444351,428100,6.373333454,428100,45.09999847,1738900,42.18999863,1738900,31.07999992,1082600,23,1082600,18.59000015,7278900,16.79999924,7278900
5/6/2010 14:03,29.87999916,128613000,27.90999985,128613000,36.8928566,321465200,28.4642849,321465200,17.45192337,189407700,14.56730747,189407700,1.120000005,155700,1.049999952,155700,3.266000032,735000,3.052400112,735000,31.43000031,6056700,28.95000076,6056700,24.90700912,9026600,21.93132973,9026600,30.37392044,24590800,27.03375053,24590800,7.090000153,21421000,5.699999809,21421000,1.649999976,5900,1.620000005,5900,10.93791485,163100,9.952606201,163100,6.764444351,428100,6.373333454,428100,45.09999847,1738900,42.18999863,1738900,31.07999992,1082600,23,1082600,18.59000015,7278900,16.79999924,7278900
5/6/2010 14:04,29.87999916,128613000,27.90999985,128613000,36.8928566,321465200,28.4642849,321465200,17.45192337,189407700,14.56730747,189407700,1.120000005,155700,1.049999952,155700,3.266000032,735000,3.052400112,735000,31.43000031,6056700,28.95000076,6056700,24.90700912,9026600,21.93132973,9026600,30.37392044,24590800,27.03375053,24590800,7.090000153,21421000,5.699999809,21421000,1.649999976,5900,1.620000005,5900,10.93791485,163100,9.952606201,163100,6.764444351,428100,6.373333454,428100,45.09999847,1738900,42.18999863,1738900,31.07999992,1082600,23,1082600,18.59000015,7278900,16.79999924,7278900
5/6/2010 14:05,29.87999916,128613000,27.90999985,128613000,36.8928566,321465200,28.4642849,321465200,17.45192337,189407700,14.56730747,189407700,1.120000005,155700,1.049999952,155700,3.266000032,735000,3.052400112,735000,31.43000031,6056700,28.95000076,6056700,24.90700912,9026600,21.93132973,9026600,30.37392044,24590800,27.03375053,24590800,7.090000153,21421000,5.699999809,21421000,1.649999976,5900,1.620000005,5900,10.93791485,163100,9.952606201,163100,6.764444351,428100,6.373333454,428100,45.09999847,1738900,42.18999863,1738900,31.07999992,1082600,23,1082600,18.59000015,7278900,16.79999924,7278900
5/6/2010 14:06,29.87999916,128613000,27.90999985,128613000,36.8928566,321465200,28.4642849,321465200,17.45192337,189407700,14.56730747,189407700,1.120000005,155700,1.049999952,155700,3.266000032,735000,3.052400112,735000,31.43000031,6056700,28.95000076,6056700,24.90700912,9026600,21.93132973,9026600,30.37392044,24590800,27.03375053,24590800,7.090000153,21421000,5.699999809,21421000,1.649999976,5900,1.620000005,5900,10.93791485,163100,9.952606201,163100,6.764444351,428100,6.373333454,428100,45.09999847,1738900,42.18999863,1738900,31.07999992,1082600,23,1082600,18.59000015,7278900,16.79999924,7278900
5/6/2010 14:07,29.87999916,128613000,27.90999985,128613000,36.8928566,321465200,28.4642849,321465200,17.45192337,189407700,14.56730747,189407700,1.120000005,155700,1.049999952,155700,3.266000032,735000,3.052400112,735000,31.43000031,6056700,28.95000076,6056700,24.90700912,9026600,21.93132973,9026600,30.37392044,24590800,27.03375053,24590800,7.090000153,21421000,5.699999809,21421000,1.649999976,5900,1.620000005,5900,10.93791485,163100,9.952606201,163100,6.764444351,428100,6.373333454,428100,45.09999847,1738900,42.18999863,1738900,31.07999992,1082600,23,1082600,18.59000015,7278900,16.79999924,7278900
5/6/2010 14:08,29.87999916,128613000,27.90999985,128613000,36.8928566,321465200,28.4642849,321465200,17.45192337,189407700,14.56730747,189407700,1.120000005,155700,1.049999952,155700,3.266000032,735000,3.052400112,735000,31.43000031,6056700,28.95000076,6056700,24.90700912,9026600,21.93132973,9026600,30.37392044,24590800,27.03375053,24590800,7.090000153,21421000,5.699999809,21421000,1.649999976,5900,1.620000005,5900,10.93791485,163100,9.952606201,163100,6.764444351,428100,6.373333454,428100,45.09999847,1738900,42.18999863,1738900,31.07999992,1082600,23,1082600,18.59000015,7278900,16.79999924,7278900
5/6/2010 14:09,29.87999916,128613000,27.90999985,128613000,36.8928566,321465200,28.4642849,321465200,17.45192337,189407700,14.56730747,189407700,1.120000005,155700,1.049999952,155700,3.266000032,735000,3.052400112,735000,31.43000031,6056700,28.95000076,6056700,24.90700912,9026600,21.93132973,9026600,30.37392044,24590800,27.03375053,24590800,7.090000153,21421000,5.699999809,21421000,1.649999976,5900,1.620000005,5900,10.93791485,163100,9.952606201,163100,6.764444351,428100,6.373333454,428100,45.09999847,1738900,42.18999863,1738900,31.07999992,1082600,23,1082600,18.59000015,7278900,16.79999924,7278900
5/6/2010 14:10,29.87999916,128613000,27.90999985,128613000,36.8928566,321465200,28.4642849,321465200,17.45192337,189407700,14.56730747,189407700,1.120000005,155700,1.049999952,155700,3.266000032,735000,3.052400112,735000,31.43000031,6056700,28.95000076,6056700,24.90700912,9026600,21.93132973,9026600,30.37392044,24590800,27.03375053,24590800,7.090000153,21421000,5.699999809,21421000,1.649999976,5900,1.620000005,5900,10.93791485,163100,9.952606201,163100,6.764444351,428100,6.373333454,428100,45.09999847,1738900,42.18999863,1738900,31.07999992,1082600,23,1082600,18.59000015,7278900,16.79999924,7278900
5/6/2010 14:11,29.87999916,128613000,27.90999985,128613000,36.8928566,321465200,28.4642849,321465200,17.45192337,189407700,14.56730747,189407700,1.120000005,155700,1.049999952,155700,3.266000032,735000,3.052400112,735000,31.43000031,6056700,28.95000076,6056700,24.90700912,9026600,21.93132973,9026600,30.37392044,24590800,27.03375053,24590800,7.090000153,21421000,5.699999809,21421000,1.649999976,5900,1.620000005,5900,10.93791485,163100,9.952606201,163100,6.764444351,428100,6.373333454,428100,45.09999847,1738900,42.18999863,1738900,31.07999992,1082600,23,1082600,18.59000015,7278900,16.79999924,7278900
5/6/2010 14:12,29.87999916,128613000,27.90999985,128613000,36.8928566,321465200,28.4642849,321465200,17.45192337,189407700,14.56730747,189407700,1.120000005,155700,1.049999952,155700,3.266000032,735000,3.052400112,735000,31.43000031,6056700,28.95000076,6056700,24.90700912,9026600,21.93132973,9026600,30.37392044,24590800,27.03375053,24590800,7.090000153,21421000,5.699999809,21421000,1.649999976,5900,1.620000005,5900,10.93791485,163100,9.952606201,163100,6.764444351,428100,6.373333454,428100,45.09999847,1738900,42.18999863,1738900,31.07999992,1082600,23,1082600,18.59000015,7278900,16.79999924,7278900
5/6/2010 14:13,29.87999916,128613000,27.90999985,128613000,36.8928566,321465200,28.4642849,321465200,17.45192337,189407700,14.56730747,189407700,1.120000005,155700,1.049999952,155700,3.266000032,735000,3.052400112,735000,31.43000031,6056700,28.95000076,6056700,24.90700912,9026600,21.93132973,9026600,30.37392044,24590800,27.03375053,24590800,7.090000153,21421000,5.699999809,21421000,1.649999976,5900,1.620000005,5900,10.93791485,163100,9.952606201,163100,6.764444351,428100,6.373333454,428100,45.09999847,1738900,42.18999863,1738900,31.07999992,1082600,23,1082600,18.59000015,7278900,16.79999924,7278900
5/6/2010 14:14,29.87999916,128613000,27.90999985,128613000,36.8928566,321465200,28.4642849,321465200,17.45192337,189407700,14.56730747,189407700,1.120000005,155700,1.049999952,155700,3.266000032,735000,3.052400112,735000,31.43000031,6056700,28.95000076,6056700,24.90700912,9026600,21.93132973,9026600,30.37392044,24590800,27.03375053,24590800,7.090000153,21421000,5.699999809,21421000,1.649999976,5900,1.620000005,5900,10.93791485,163100,9.952606201,163100,6.764444351,428100,6.373333454,428100,45.09999847,1738900,42.18999863,1738900,31.07999992,1082600,23,1082600,18.59000015,7278900,16.79999924,7278900
5/6/2010 14:15,29.87999916,128613000,27.90999985,128613000,36.8928566,321465200,28.4642849,321465200,17.45192337,189407700,14.56730747,189407700,1.120000005,155700,1.049999952,155700,3.266000032,735000,3.052400112,735000,31.43000031,6056700,28.95000076,6056700,24.90700912,9026600,21.93132973,9026600,30.37392044,24590800,27.03375053,24590800,7.090000153,21421000,5.699999809,21421000,1.649999976,5900,1.620000005,5900,10.93791485,163100,9.952606201,163100,6.764444351,428100,6.373333454,428100,45.09999847,1738900,42.18999863,1738900,31.07999992,1082600,23,1082600,18.59000015,7278900,16.79999924,7278900
5/6/2010 14:16,29.87999916,128613000,27.90999985,128613000,36.8928566,321465200,28.4642849,321465200,17.45192337,189407700,14.56730747,189407700,1.120000005,155700,1.049999952,155700,3.266000032,735000,3.052400112,735000,31.43000031,6056700,28.95000076,6056700,24.90700912,9026600,21.93132973,9026600,30.37392044,24590800,27.03375053,24590800,7.090000153,21421000,5.699999809,21421000,1.649999976,5900,1.620000005,5900,10.93791485,163100,9.952606201,163100,6.764444351,428100,6.373333454,428100,45.09999847,1738900,42.18999863,1738900,31.07999992,1082600,23,1082600,18.59000015,7278900,16.79999924,7278900
5/6/2010 14:17,29.87999916,128613000,27.90999985,128613000,36.8928566,321465200,28.4642849,321465200,17.45192337,189407700,14.56730747,189407700,1.120000005,155700,1.049999952,155700,3.266000032,735000,3.052400112,735000,31.43000031,6056700,28.95000076,6056700,24.90700912,9026600,21.93132973,9026600,30.37392044,24590800,27.03375053,24590800,7.090000153,21421000,5.699999809,21421000,1.649999976,5900,1.620000005,5900,10.93791485,163100,9.952606201,163100,6.764444351,428100,6.373333454,428100,45.09999847,1738900,42.18999863,1738900,31.07999992,1082600,23,1082600,18.59000015,7278900,16.79999924,7278900
5/6/2010 14:18,29.87999916,128613000,27.90999985,128613000,36.8928566,321465200,28.4642849,321465200,17.45192337,189407700,14.56730747,189407700,1.120000005,155700,1.049999952,155700,3.266000032,735000,3.052400112,735000,31.43000031,6056700,28.95000076,6056700,24.90700912,9026600,21.93132973,9026600,30.37392044,24590800,27.03375053,24590800,7.090000153,21421000,5.699999809,21421000,1.649999976,5900,1.620000005,5900,10.93791485,163100,9.952606201,163100,6.764444351,428100,6.373333454,428100,45.09999847,1738900,42.18999863,1738900,31.07999992,1082600,23,1082600,18.59000015,7278900,16.79999924,7278900
5/6/2010 14:19,29.87999916,128613000,27.90999985,128613000,36.8928566,321465200,28.4642849,321465200,17.45192337,189407700,14.56730747,189407700,1.120000005,155700,1.049999952,155700,3.266000032,735000,3.052400112,735000,31.43000031,6056700,28.95000076,6056700,24.90700912,9026600,21.93132973,9026600,30.37392044,24590800,27.03375053,24590800,7.090000153,21421000,5.699999809,21421000,1.649999976,5900,1.620000005,5900,10.93791485,163100,9.952606201,163100,6.764444351,428100,6.373333454,428100,45.09999847,1738900,42.18999863,1738900,31.07999992,1082600,23,1082600,18.59000015,7278900,16.79999924,7278900
5/6/2010 14:20,29.87999916,128613000,27.90999985,128613000,36.8928566,321465200,28.4642849,321465200,17.45192337,189407700,14.56730747,189407700,1.120000005,155700,1.049999952,155700,3.266000032,735000,3.052400112,735000,31.43000031,6056700,28.95000076,6056700,24.90700912,9026600,21.93132973,9026600,30.37392044,24590800,27.03375053,24590800,7.090000153,21421000,5.699999809,21421000,1.649999976,5900,1.620000005,5900,10.93791485,163100,9.952606201,163100,6.764444351,428100,6.373333454,428100,45.09999847,1738900,42.18999863,1738900,31.07999992,1082600,23,1082600,18.59000015,7278900,16.79999924,7278900
5/6/2010 14:21,29.87999916,128613000,27.90999985,128613000,36.8928566,321465200,28.4642849,321465200,17.45192337,189407700,14.56730747,189407700,1.120000005,155700,1.049999952,155700,3.266000032,735000,3.052400112,735000,31.43000031,6056700,28.95000076,6056700,24.90700912,9026600,21.93132973,9026600,30.37392044,24590800,27.03375053,24590800,7.090000153,21421000,5.699999809,21421000,1.649999976,5900,1.620000005,5900,10.93791485,163100,9.952606201,163100,6.764444351,428100,6.373333454,428100,45.09999847,1738900,42.18999863,1738900,31.07999992,1082600,23,1082600,18.59000015,7278900,16.79999924,7278900
5/6/2010 14:22,29.87999916,128613000,27.90999985,128613000,36.8928566,321465200,28.4642849,321465200,17.45192337,189407700,14.56730747,189407700,1.120000005,155700,1.049999952,155700,3.266000032,735000,3.052400112,735000,31.43000031,6056700,28.95000076,6056700,24.90700912,9026600,21.93132973,9026600,30.37392044,24590800,27.03375053,24590800,7.090000153,21421000,5.699999809,21421000,1.649999976,5900,1.620000005,5900,10.93791485,163100,9.952606201,163100,6.764444351,428100,6.373333454,428100,45.09999847,1738900,42.18999863,1738900,31.07999992,1082600,23,1082600,18.59000015,7278900,16.79999924,7278900
5/6/2010 14:23,29.87999916,128613000,27.90999985,128613000,36.8928566,321465200,28.4642849,321465200,17.45192337,189407700,14.56730747,189407700,1.120000005,155700,1.049999952,155700,3.266000032,735000,3.052400112,735000,31.43000031,6056700,28.95000076,6056700,24.90700912,9026600,21.93132973,9026600,30.37392044,24590800,27.03375053,24590800,7.090000153,21421000,5.699999809,21421000,1.649999976,5900,1.620000005,5900,10.93791485,163100,9.952606201,163100,6.764444351,428100,6.373333454,428100,45.09999847,1738900,42.18999863,1738900,31.07999992,1082600,23,1082600,18.59000015,7278900,16.79999924,7278900
5/6/2010 14:24,29.87999916,128613000,27.90999985,128613000,36.8928566,321465200,28.4642849,321465200,17.45192337,189407700,14.56730747,189407700,1.120000005,155700,1.049999952,155700,3.266000032,735000,3.052400112,735000,31.43000031,6056700,28.95000076,6056700,24.90700912,9026600,21.93132973,9026600,30.37392044,24590800,27.03375053,24590800,7.090000153,21421000,5.699999809,21421000,1.649999976,5900,1.620000005,5900,10.93791485,163100,9.952606201,163100,6.764444351,428100,6.373333454,428100,45.09999847,1738900,42.18999863,1738900,31.07999992,1082600,23,1082600,18.59000015,7278900,16.79999924,7278900
5/6/2010 14:25,29.87999916,128613000,27.90999985,128613000,36.8928566,321465200,28.4642849,321465200,17.45192337,189407700,14.56730747,189407700,1.120000005,155700,1.049999952,155700,3.266000032,735000,3.052400112,735000,31.43000031,6056700,28.95000076,6056700,24.90700912,9026600,21.93132973,9026600,30.37392044,24590800,27.03375053,24590800,7.090000153,21421000,5.699999809,21421000,1.649999976,5900,1.620000005,5900,10.93791485,163100,9.952606201,163100,6.764444351,428100,6.373333454,428100,45.09999847,1738900,42.18999863,1738900,31.07999992,1082600,23,1082600,18.59000015,7278900,16.79999924,7278900
5/6/2010 14:26,29.87999916,128613000,27.90999985,128613000,36.8928566,321465200,28.4642849,321465200,17.45192337,189407700,14.56730747,189407700,1.120000005,155700,1.049999952,155700,3.266000032,735000,3.052400112,735000,31.43000031,6056700,28.95000076,6056700,24.90700912,9026600,21.93132973,9026600,30.37392044,24590800,27.03375053,24590800,7.090000153,21421000,5.699999809,21421000,1.649999976,5900,1.620000005,5900,10.93791485,163100,9.952606201,163100,6.764444351,428100,6.373333454,428100,45.09999847,1738900,42.18999863,1738900,31.07999992,1082600,23,1082600,18.59000015,7278900,16.79999924,7278900
5/6/2010 14:27,29.87999916,128613000,27.90999985,128613000,36.8928566,321465200,28.4642849,321465200,17.45192337,189407700,14.56730747,189407700,1.120000005,155700,1.049999952,155700,3.266000032,735000,3.052400112,735000,31.43000031,6056700,28.95000076,6056700,24.90700912,9026600,21.93132973,9026600,30.37392044,24590800,27.03375053,24590800,7.090000153,21421000,5.699999809,21421000,1.649999976,5900,1.620000005,5900,10.93791485,163100,9.952606201,163100,6.764444351,428100,6.373333454,428100,45.09999847,1738900,42.18999863,1738900,31.07999992,1082600,23,1082600,18.59000015,7278900,16.79999924,7278900
5/6/2010 14:28,29.87999916,128613000,27.90999985,128613000,36.8928566,321465200,28.4642849,321465200,17.45192337,189407700,14.56730747,189407700,1.120000005,155700,1.049999952,155700,3.266000032,735000,3.052400112,735000,31.43000031,6056700,28.95000076,6056700,24.90700912,9026600,21.93132973,9026600,30.37392044,24590800,27.03375053,24590800,7.090000153,21421000,5.699999809,21421000,1.649999976,5900,1.620000005,5900,10.93791485,163100,9.952606201,163100,6.764444351,428100,6.373333454,428100,45.09999847,1738900,42.18999863,1738900,31.07999992,1082600,23,1082600,18.59000015,7278900,16.79999924,7278900
5/6/2010 14:29,29.87999916,128613000,27.90999985,128613000,36.8928566,321465200,28.4642849,321465200,17.45192337,189407700,14.56730747,189407700,1.120000005,155700,1.049999952,155700,3.266000032,735000,3.052400112,735000,31.43000031,6056700,28.95000076,6056700,24.90700912,9026600,21.93132973,9026600,30.37392044,24590800,27.03375053,24590800,7.090000153,21421000,5.699999809,21421000,1.649999976,5900,1.620000005,5900,10.93791485,163100,9.952606201,163100,6.764444351,428100,6.373333454,428100,45.09999847,1738900,42.18999863,1738900,31.07999992,1082600,23,1082600,18.59000015,7278900,16.79999924,7278900
5/6/2010 14:30,29.87999916,128613000,27.90999985,128613000,36.8928566,321465200,28.4642849,321465200,17.45192337,189407700,14.56730747,189407700,1.120000005,155700,1.049999952,155700,3.266000032,735000,3.052400112,735000,31.43000031,6056700,28.95000076,6056700,24.90700912,9026600,21.93132973,9026600,30.37392044,24590800,27.03375053,24590800,7.090000153,21421000,5.699999809,21421000,1.649999976,5900,1.620000005,5900,10.93791485,163100,9.952606201,163100,6.764444351,428100,6.373333454,428100,45.09999847,1738900,42.18999863,1738900,31.07999992,1082600,23,1082600,18.59000015,7278900,16.79999924,7278900
5/6/2010 14:31,29.87999916,128613000,27.90999985,128613000,36.8928566,321465200,28.4642849,321465200,17.45192337,189407700,14.56730747,189407700,1.120000005,155700,1.049999952,155700,3.266000032,735000,3.052400112,735000,31.43000031,6056700,28.95000076,6056700,24.90700912,9026600,21.93132973,9026600,30.37392044,24590800,27.03375053,24590800,7.090000153,21421000,5.699999809,21421000,1.649999976,5900,1.620000005,5900,10.93791485,163100,9.952606201,163100,6.764444351,428100,6.373333454,428100,45.09999847,1738900,42.18999863,1738900,31.07999992,1082600,23,1082600,18.59000015,7278900,16.79999924,7278900
5/6/2010 14:32,29.87999916,128613000,27.90999985,128613000,36.8928566,321465200,28.4642849,321465200,17.45192337,189407700,14.56730747,189407700,1.120000005,155700,1.049999952,155700,3.266000032,735000,3.052400112,735000,31.43000031,6056700,28.95000076,6056700,24.90700912,9026600,21.93132973,9026600,30.37392044,24590800,27.03375053,24590800,7.090000153,21421000,5.699999809,21421000,1.649999976,5900,1.620000005,5900,10.93791485,163100,9.952606201,163100,6.764444351,428100,6.373333454,428100,45.09999847,1738900,42.18999863,1738900,31.07999992,1082600,23,1082600,18.59000015,7278900,16.79999924,7278900
5/6/2010 14:33,29.87999916,128613000,27.90999985,128613000,36.8928566,321465200,28.4642849,321465200,17.45192337,189407700,14.56730747,189407700,1.120000005,155700,1.049999952,155700,3.266000032,735000,3.052400112,735000,31.43000031,6056700,28.95000076,6056700,24.90700912,9026600,21.93132973,9026600,30.37392044,24590800,27.03375053,24590800,7.090000153,21421000,5.699999809,21421000,1.649999976,5900,1.620000005,5900,10.93791485,163100,9.952606201,163100,6.764444351,428100,6.373333454,428100,45.09999847,1738900,42.18999863,1738900,31.07999992,1082600,23,1082600,18.59000015,7278900,16.79999924,7278900
5/6/2010 14:34,29.87999916,128613000,27.90999985,128613000,36.8928566,321465200,28.4642849,321465200,17.45192337,189407700,14.56730747,189407700,1.120000005,155700,1.049999952,155700,3.266000032,735000,3.052400112,735000,31.43000031,6056700,28.95000076,6056700,24.90700912,9026600,21.93132973,9026600,30.37392044,24590800,27.03375053,24590800,7.090000153,21421000,5.699999809,21421000,1.649999976,5900,1.620000005,5900,10.93791485,163100,9.952606201,163100,6.764444351,428100,6.373333454,428100,45.09999847,1738900,42.18999863,1738900,31.07999992,1082600,23,1082600,18.59000015,7278900,16.79999924,7278900
5/6/2010 14:35,29.87999916,128613000,27.90999985,128613000,36.8928566,321465200,28.4642849,321465200,17.45192337,189407700,14.56730747,189407700,1.120000005,155700,1.049999952,155700,3.266000032,735000,3.052400112,735000,31.43000031,6056700,28.95000076,6056700,24.90700912,9026600,21.93132973,9026600,30.37392044,24590800,27.03375053,24590800,7.090000153,21421000,5.699999809,21421000,1.649999976,5900,1.620000005,5900,10.93791485,163100,9.952606201,163100,6.764444351,428100,6.373333454,428100,45.09999847,1738900,42.18999863,1738900,31.07999992,1082600,23,1082600,18.59000015,7278900,16.79999924,7278900
5/6/2010 14:36,29.87999916,128613000,27.90999985,128613000,36.8928566,321465200,28.4642849,321465200,17.45192337,189407700,14.56730747,189407700,1.120000005,155700,1.049999952,155700,3.266000032,735000,3.052400112,735000,31.43000031,6056700,28.95000076,6056700,24.90700912,9026600,21.93132973,9026600,30.37392044,24590800,27.03375053,24590800,7.090000153,21421000,5.699999809,21421000,1.649999976,5900,1.620000005,5900,10.93791485,163100,9.952606201,163100,6.764444351,428100,6.373333454,428100,45.09999847,1738900,42.18999863,1738900,31.07999992,1082600,23,1082600,18.59000015,7278900,16.79999924,7278900
5/6/2010 14:37,29.87999916,128613000,27.90999985,128613000,36.8928566,321465200,28.4642849,321465200,17.45192337,189407700,14.56730747,189407700,1.120000005,155700,1.049999952,155700,3.266000032,735000,3.052400112,735000,31.43000031,6056700,28.95000076,6056700,24.90700912,9026600,21.93132973,9026600,30.37392044,24590800,27.03375053,24590800,7.090000153,21421000,5.699999809,21421000,1.649999976,5900,1.620000005,5900,10.93791485,163100,9.952606201,163100,6.764444351,428100,6.373333454,428100,45.09999847,1738900,42.18999863,1738900,31.07999992,1082600,23,1082600,18.59000015,7278900,16.79999924,7278900
5/6/2010 14:38,29.87999916,128613000,27.90999985,128613000,36.8928566,321465200,28.4642849,321465200,17.45192337,189407700,14.56730747,189407700,1.120000005,155700,1.049999952,155700,3.266000032,735000,3.052400112,735000,31.43000031,6056700,28.95000076,6056700,24.90700912,9026600,21.93132973,9026600,30.37392044,24590800,27.03375053,24590800,7.090000153,21421000,5.699999809,21421000,1.649999976,5900,1.620000005,5900,10.93791485,163100,9.952606201,163100,6.764444351,428100,6.373333454,428100,45.09999847,1738900,42.18999863,1738900,31.07999992,1082600,23,1082600,18.59000015,7278900,16.79999924,7278900
5/6/2010 14:39,29.87999916,128613000,27.90999985,128613000,36.8928566,321465200,28.4642849,321465200,17.45192337,189407700,14.56730747,189407700,1.120000005,155700,1.049999952,155700,3.266000032,735000,3.052400112,735000,31.43000031,6056700,28.95000076,6056700,24.90700912,9026600,21.93132973,9026600,30.37392044,24590800,27.03375053,24590800,7.090000153,21421000,5.699999809,21421000,1.649999976,5900,1.620000005,5900,10.93791485,163100,9.952606201,163100,6.764444351,428100,6.373333454,428100,45.09999847,1738900,42.18999863,1738900,31.07999992,1082600,23,1082600,18.59000015,7278900,16.79999924,7278900
5/6/2010 14:40,29.87999916,128613000,27.90999985,128613000,36.8928566,321465200,28.4642849,321465200,17.45192337,189407700,14.56730747,189407700,1.120000005,155700,1.049999952,155700,3.266000032,735000,3.052400112,735000,31.43000031,6056700,28.95000076,6056700,24.90700912,9026600,21.93132973,9026600,30.37392044,24590800,27.03375053,24590800,7.090000153,21421000,5.699999809,21421000,1.649999976,5900,1.620000005,5900,10.93791485,163100,9.952606201,163100,6.764444351,428100,6.373333454,428100,45.09999847,1738900,42.18999863,1738900,31.07999992,1082600,23,1082600,18.59000015,7278900,16.79999924,7278900
5/6/2010 14:41,29.87999916,128613000,27.90999985,128613000,36.8928566,321465200,28.4642849,321465200,17.45192337,189407700,14.56730747,189407700,1.120000005,155700,1.049999952,155700,3.266000032,735000,3.052400112,735000,31.43000031,6056700,28.95000076,6056700,24.90700912,9026600,21.93132973,9026600,30.37392044,24590800,27.03375053,24590800,7.090000153,21421000,5.699999809,21421000,1.649999976,5900,1.620000005,5900,10.93791485,163100,9.952606201,163100,6.764444351,428100,6.373333454,428100,45.09999847,1738900,42.18999863,1738900,31.07999992,1082600,23,1082600,18.59000015,7278900,16.79999924,7278900
5/6/2010 14:42,29.87999916,128613000,27.90999985,128613000,36.8928566,321465200,28.4642849,321465200,17.45192337,189407700,14.56730747,189407700,1.120000005,155700,1.049999952,155700,3.266000032,735000,3.052400112,735000,31.43000031,6056700,28.95000076,6056700,24.90700912,9026600,21.93132973,9026600,30.37392044,24590800,27.03375053,24590800,7.090000153,21421000,5.699999809,21421000,1.649999976,5900,1.620000005,5900,10.93791485,163100,9.952606201,163100,6.764444351,428100,6.373333454,428100,45.09999847,1738900,42.18999863,1738900,31.07999992,1082600,23,1082600,18.59000015,7278900,16.79999924,7278900
5/6/2010 14:43,29.87999916,128613000,27.90999985,128613000,36.8928566,321465200,28.4642849,321465200,17.45192337,189407700,14.56730747,189407700,1.120000005,155700,1.049999952,155700,3.266000032,735000,3.052400112,735000,31.43000031,6056700,28.95000076,6056700,24.90700912,9026600,21.93132973,9026600,30.37392044,24590800,27.03375053,24590800,7.090000153,21421000,5.699999809,21421000,1.649999976,5900,1.620000005,5900,10.93791485,163100,9.952606201,163100,6.764444351,428100,6.373333454,428100,45.09999847,1738900,42.18999863,1738900,31.07999992,1082600,23,1082600,18.59000015,7278900,16.79999924,7278900
5/6/2010 14:44,29.87999916,128613000,27.90999985,128613000,36.8928566,321465200,28.4642849,321465200,17.45192337,189407700,14.56730747,189407700,1.120000005,155700,1.049999952,155700,3.266000032,735000,3.052400112,735000,31.43000031,6056700,28.95000076,6056700,24.90700912,9026600,21.93132973,9026600,30.37392044,24590800,27.03375053,24590800,7.090000153,21421000,5.699999809,21421000,1.649999976,5900,1.620000005,5900,10.93791485,163100,9.952606201,163100,6.764444351,428100,6.373333454,428100,45.09999847,1738900,42.18999863,1738900,31.07999992,1082600,23,1082600,18.59000015,7278900,16.79999924,7278900
5/6/2010 14:45,29.87999916,128613000,27.90999985,128613000,36.8928566,321465200,28.4642849,321465200,17.45192337,189407700,14.56730747,189407700,1.120000005,155700,1.049999952,155700,3.266000032,735000,3.052400112,735000,31.43000031,6056700,28.95000076,6056700,24.90700912,9026600,21.93132973,9026600,30.37392044,24590800,27.03375053,24590800,7.090000153,21421000,5.699999809,21421000,1.649999976,5900,1.620000005,5900,10.93791485,163100,9.952606201,163100,6.764444351,428100,6.373333454,428100,45.09999847,1738900,42.18999863,1738900,31.07999992,1082600,23,1082600,18.59000015,7278900,16.79999924,7278900
5/6/2010 14:46,29.87999916,128613000,27.90999985,128613000,36.8928566,321465200,28.4642849,321465200,17.45192337,189407700,14.56730747,189407700,1.120000005,155700,1.049999952,155700,3.266000032,735000,3.052400112,735000,31.43000031,6056700,28.95000076,6056700,24.90700912,9026600,21.93132973,9026600,30.37392044,24590800,27.03375053,24590800,7.090000153,21421000,5.699999809,21421000,1.649999976,5900,1.620000005,5900,10.93791485,163100,9.952606201,163100,6.764444351,428100,6.373333454,428100,45.09999847,1738900,42.18999863,1738900,31.07999992,1082600,23,1082600,18.59000015,7278900,16.79999924,7278900
5/6/2010 14:47,29.87999916,128613000,27.90999985,128613000,36.8928566,321465200,28.4642849,321465200,17.45192337,189407700,14.56730747,189407700,1.120000005,155700,1.049999952,155700,3.266000032,735000,3.052400112,735000,31.43000031,6056700,28.95000076,6056700,24.90700912,9026600,21.93132973,9026600,30.37392044,24590800,27.03375053,24590800,7.090000153,21421000,5.699999809,21421000,1.649999976,5900,1.620000005,5900,10.93791485,163100,9.952606201,163100,6.764444351,428100,6.373333454,428100,45.09999847,1738900,42.18999863,1738900,31.07999992,1082600,23,1082600,18.59000015,7278900,16.79999924,7278900
5/6/2010 14:48,29.87999916,128613000,27.90999985,128613000,36.8928566,321465200,28.4642849,321465200,17.45192337,189407700,14.56730747,189407700,1.120000005,155700,1.049999952,155700,3.266000032,735000,3.052400112,735000,31.43000031,6056700,28.95000076,6056700,24.90700912,9026600,21.93132973,9026600,30.37392044,24590800,27.03375053,24590800,7.090000153,21421000,5.699999809,21421000,1.649999976,5900,1.620000005,5900,10.93791485,163100,9.952606201,163100,6.764444351,428100,6.373333454,428100,45.09999847,1738900,42.18999863,1738900,31.07999992,1082600,23,1082600,18.59000015,7278900,16.79999924,7278900
5/6/2010 14:49,29.87999916,128613000,27.90999985,128613000,36.8928566,321465200,28.4642849,321465200,17.45192337,189407700,14.56730747,189407700,1.120000005,155700,1.049999952,155700,3.266000032,735000,3.052400112,735000,31.43000031,6056700,28.95000076,6056700,24.90700912,9026600,21.93132973,9026600,30.37392044,24590800,27.03375053,24590800,7.090000153,21421000,5.699999809,21421000,1.649999976,5900,1.620000005,5900,10.93791485,163100,9.952606201,163100,6.764444351,428100,6.373333454,428100,45.09999847,1738900,42.18999863,1738900,31.07999992,1082600,23,1082600,18.59000015,7278900,16.79999924,7278900
5/6/2010 14:50,29.87999916,128613000,27.90999985,128613000,36.8928566,321465200,28.4642849,321465200,17.45192337,189407700,14.56730747,189407700,1.120000005,155700,1.049999952,155700,3.266000032,735000,3.052400112,735000,31.43000031,6056700,28.95000076,6056700,24.90700912,9026600,21.93132973,9026600,30.37392044,24590800,27.03375053,24590800,7.090000153,21421000,5.699999809,21421000,1.649999976,5900,1.620000005,5900,10.93791485,163100,9.952606201,163100,6.764444351,428100,6.373333454,428100,45.09999847,1738900,42.18999863,1738900,31.07999992,1082600,23,1082600,18.59000015,7278900,16.79999924,7278900
5/6/2010 14:51,29.87999916,128613000,27.90999985,128613000,36.8928566,321465200,28.4642849,321465200,17.45192337,189407700,14.56730747,189407700,1.120000005,155700,1.049999952,155700,3.266000032,735000,3.052400112,735000,31.43000031,6056700,28.95000076,6056700,24.90700912,9026600,21.93132973,9026600,30.37392044,24590800,27.03375053,24590800,7.090000153,21421000,5.699999809,21421000,1.649999976,5900,1.620000005,5900,10.93791485,163100,9.952606201,163100,6.764444351,428100,6.373333454,428100,45.09999847,1738900,42.18999863,1738900,31.07999992,1082600,23,1082600,18.59000015,7278900,16.79999924,7278900
5/6/2010 14:52,29.87999916,128613000,27.90999985,128613000,36.8928566,321465200,28.4642849,321465200,17.45192337,189407700,14.56730747,189407700,1.120000005,155700,1.049999952,155700,3.266000032,735000,3.052400112,735000,31.43000031,6056700,28.95000076,6056700,24.90700912,9026600,21.93132973,9026600,30.37392044,24590800,27.03375053,24590800,7.090000153,21421000,5.699999809,21421000,1.649999976,5900,1.620000005,5900,10.93791485,163100,9.952606201,163100,6.764444351,428100,6.373333454,428100,45.09999847,1738900,42.18999863,1738900,31.07999992,1082600,23,1082600,18.59000015,7278900,16.79999924,7278900
5/6/2010 14:53,29.87999916,128613000,27.90999985,128613000,36.8928566,321465200,28.4642849,321465200,17.45192337,189407700,14.56730747,189407700,1.120000005,155700,1.049999952,155700,3.266000032,735000,3.052400112,735000,31.43000031,6056700,28.95000076,6056700,24.90700912,9026600,21.93132973,9026600,30.37392044,24590800,27.03375053,24590800,7.090000153,21421000,5.699999809,21421000,1.649999976,5900,1.620000005,5900,10.93791485,163100,9.952606201,163100,6.764444351,428100,6.373333454,428100,45.09999847,1738900,42.18999863,1738900,31.07999992,1082600,23,1082600,18.59000015,7278900,16.79999924,7278900
5/6/2010 14:54,29.87999916,128613000,27.90999985,128613000,36.8928566,321465200,28.4642849,321465200,17.45192337,189407700,14.56730747,189407700,1.120000005,155700,1.049999952,155700,3.266000032,735000,3.052400112,735000,31.43000031,6056700,28.95000076,6056700,24.90700912,9026600,21.93132973,9026600,30.37392044,24590800,27.03375053,24590800,7.090000153,21421000,5.699999809,21421000,1.649999976,5900,1.620000005,5900,10.93791485,163100,9.952606201,163100,6.764444351,428100,6.373333454,428100,45.09999847,1738900,42.18999863,1738900,31.07999992,1082600,23,1082600,18.59000015,7278900,16.79999924,7278900
5/6/2010 14:55,29.87999916,128613000,27.90999985,128613000,36.8928566,321465200,28.4642849,321465200,17.45192337,189407700,14.56730747,189407700,1.120000005,155700,1.049999952,155700,3.266000032,735000,3.052400112,735000,31.43000031,6056700,28.95000076,6056700,24.90700912,9026600,21.93132973,9026600,30.37392044,24590800,27.03375053,24590800,7.090000153,21421000,5.699999809,21421000,1.649999976,5900,1.620000005,5900,10.93791485,163100,9.952606201,163100,6.764444351,428100,6.373333454,428100,45.09999847,1738900,42.18999863,1738900,31.07999992,1082600,23,1082600,18.59000015,7278900,16.79999924,7278900
5/6/2010 14:56,29.87999916,128613000,27.90999985,128613000,36.8928566,321465200,28.4642849,321465200,17.45192337,189407700,14.56730747,189407700,1.120000005,155700,1.049999952,155700,3.266000032,735000,3.052400112,735000,31.43000031,6056700,28.95000076,6056700,24.90700912,9026600,21.93132973,9026600,30.37392044,24590800,27.03375053,24590800,7.090000153,21421000,5.699999809,21421000,1.649999976,5900,1.620000005,5900,10.93791485,163100,9.952606201,163100,6.764444351,428100,6.373333454,428100,45.09999847,1738900,42.18999863,1738900,31.07999992,1082600,23,1082600,18.59000015,7278900,16.79999924,7278900
5/6/2010 14:57,29.87999916,128613000,27.90999985,128613000,36.8928566,321465200,28.4642849,321465200,17.45192337,189407700,14.56730747,189407700,1.120000005,155700,1.049999952,155700,3.266000032,735000,3.052400112,735000,31.43000031,6056700,28.95000076,6056700,24.90700912,9026600,21.93132973,9026600,30.37392044,24590800,27.03375053,24590800,7.090000153,21421000,5.699999809,21421000,1.649999976,5900,1.620000005,5900,10.93791485,163100,9.952606201,163100,6.764444351,428100,6.373333454,428100,45.09999847,1738900,42.18999863,1738900,31.07999992,1082600,23,1082600,18.59000015,7278900,16.79999924,7278900
5/6/2010 14:58,29.87999916,128613000,27.90999985,128613000,36.8928566,321465200,28.4642849,321465200,17.45192337,189407700,14.56730747,189407700,1.120000005,155700,1.049999952,155700,3.266000032,735000,3.052400112,735000,31.43000031,6056700,28.95000076,6056700,24.90700912,9026600,21.93132973,9026600,30.37392044,24590800,27.03375053,24590800,7.090000153,21421000,5.699999809,21421000,1.649999976,5900,1.620000005,5900,10.93791485,163100,9.952606201,163100,6.764444351,428100,6.373333454,428100,45.09999847,1738900,42.18999863,1738900,31.07999992,1082600,23,1082600,18.59000015,7278900,16.79999924,7278900
5/6/2010 14:59,29.87999916,128613000,27.90999985,128613000,36.8928566,321465200,28.4642849,321465200,17.45192337,189407700,14.56730747,189407700,1.120000005,155700,1.049999952,155700,3.266000032,735000,3.052400112,735000,31.43000031,6056700,28.95000076,6056700,24.90700912,9026600,21.93132973,9026600,30.37392044,24590800,27.03375053,24590800,7.090000153,21421000,5.699999809,21421000,1.649999976,5900,1.620000005,5900,10.93791485,163100,9.952606201,163100,6.764444351,428100,6.373333454,428100,45.09999847,1738900,42.18999863,1738900,31.07999992,1082600,23,1082600,18.59000015,7278900,16.79999924,7278900
5/6/2010 15:00,29.87999916,128613000,27.90999985,128613000,36.8928566,321465200,28.4642849,321465200,17.45192337,189407700,14.56730747,189407700,1.120000005,155700,1.049999952,155700,3.266000032,735000,3.052400112,735000,31.43000031,6056700,28.95000076,6056700,24.90700912,9026600,21.93132973,9026600,30.37392044,24590800,27.03375053,24590800,7.090000153,21421000,5.699999809,21421000,1.649999976,5900,1.620000005,5900,10.93791485,163100,9.952606201,163100,6.764444351,428100,6.373333454,428100,45.09999847,1738900,42.18999863,1738900,31.07999992,1082600,23,1082600,18.59000015,7278900,16.79999924,7278900
5/6/2010 15:01,29.87999916,128613000,27.90999985,128613000,36.8928566,321465200,28.4642849,321465200,17.45192337,189407700,14.56730747,189407700,1.120000005,155700,1.049999952,155700,3.266000032,735000,3.052400112,735000,31.43000031,6056700,28.95000076,6056700,24.90700912,9026600,21.93132973,9026600,30.37392044,24590800,27.03375053,24590800,7.090000153,21421000,5.699999809,21421000,1.649999976,5900,1.620000005,5900,10.93791485,163100,9.952606201,163100,6.764444351,428100,6.373333454,428100,45.09999847,1738900,42.18999863,1738900,31.07999992,1082600,23,1082600,18.59000015,7278900,16.79999924,7278900
5/6/2010 15:02,29.87999916,128613000,27.90999985,128613000,36.8928566,321465200,28.4642849,321465200,17.45192337,189407700,14.56730747,189407700,1.120000005,155700,1.049999952,155700,3.266000032,735000,3.052400112,735000,31.43000031,6056700,28.95000076,6056700,24.90700912,9026600,21.93132973,9026600,30.37392044,24590800,27.03375053,24590800,7.090000153,21421000,5.699999809,21421000,1.649999976,5900,1.620000005,5900,10.93791485,163100,9.952606201,163100,6.764444351,428100,6.373333454,428100,45.09999847,1738900,42.18999863,1738900,31.07999992,1082600,23,1082600,18.59000015,7278900,16.79999924,7278900
5/6/2010 15:03,29.87999916,128613000,27.90999985,128613000,36.8928566,321465200,28.4642849,321465200,17.45192337,189407700,14.56730747,189407700,1.120000005,155700,1.049999952,155700,3.266000032,735000,3.052400112,735000,31.43000031,6056700,28.95000076,6056700,24.90700912,9026600,21.93132973,9026600,30.37392044,24590800,27.03375053,24590800,7.090000153,21421000,5.699999809,21421000,1.649999976,5900,1.620000005,5900,10.93791485,163100,9.952606201,163100,6.764444351,428100,6.373333454,428100,45.09999847,1738900,42.18999863,1738900,31.07999992,1082600,23,1082600,18.59000015,7278900,16.79999924,7278900
5/6/2010 15:04,29.87999916,128613000,27.90999985,128613000,36.8928566,321465200,28.4642849,321465200,17.45192337,189407700,14.56730747,189407700,1.120000005,155700,1.049999952,155700,3.266000032,735000,3.052400112,735000,31.43000031,6056700,28.95000076,6056700,24.90700912,9026600,21.93132973,9026600,30.37392044,24590800,27.03375053,24590800,7.090000153,21421000,5.699999809,21421000,1.649999976,5900,1.620000005,5900,10.93791485,163100,9.952606201,163100,6.764444351,428100,6.373333454,428100,45.09999847,1738900,42.18999863,1738900,31.07999992,1082600,23,1082600,18.59000015,7278900,16.79999924,7278900
5/6/2010 15:05,29.87999916,128613000,27.90999985,128613000,36.8928566,321465200,28.4642849,321465200,17.45192337,189407700,14.56730747,189407700,1.120000005,155700,1.049999952,155700,3.266000032,735000,3.052400112,735000,31.43000031,6056700,28.95000076,6056700,24.90700912,9026600,21.93132973,9026600,30.37392044,24590800,27.03375053,24590800,7.090000153,21421000,5.699999809,21421000,1.649999976,5900,1.620000005,5900,10.93791485,163100,9.952606201,163100,6.764444351,428100,6.373333454,428100,45.09999847,1738900,42.18999863,1738900,31.07999992,1082600,23,1082600,18.59000015,7278900,16.79999924,7278900
5/6/2010 15:06,29.87999916,128613000,27.90999985,128613000,36.8928566,321465200,28.4642849,321465200,17.45192337,189407700,14.56730747,189407700,1.120000005,155700,1.049999952,155700,3.266000032,735000,3.052400112,735000,31.43000031,6056700,28.95000076,6056700,24.90700912,9026600,21.93132973,9026600,30.37392044,24590800,27.03375053,24590800,7.090000153,21421000,5.699999809,21421000,1.649999976,5900,1.620000005,5900,10.93791485,163100,9.952606201,163100,6.764444351,428100,6.373333454,428100,45.09999847,1738900,42.18999863,1738900,31.07999992,1082600,23,1082600,18.59000015,7278900,16.79999924,7278900
5/6/2010 15:07,29.87999916,128613000,27.90999985,128613000,36.8928566,321465200,28.4642849,321465200,17.45192337,189407700,14.56730747,189407700,1.120000005,155700,1.049999952,155700,3.266000032,735000,3.052400112,735000,31.43000031,6056700,28.95000076,6056700,24.90700912,9026600,21.93132973,9026600,30.37392044,24590800,27.03375053,24590800,7.090000153,21421000,5.699999809,21421000,1.649999976,5900,1.620000005,5900,10.93791485,163100,9.952606201,163100,6.764444351,428100,6.373333454,428100,45.09999847,1738900,42.18999863,1738900,31.07999992,1082600,23,1082600,18.59000015,7278900,16.79999924,7278900
5/6/2010 15:08,29.87999916,128613000,27.90999985,128613000,36.8928566,321465200,28.4642849,321465200,17.45192337,189407700,14.56730747,189407700,1.120000005,155700,1.049999952,155700,3.266000032,735000,3.052400112,735000,31.43000031,6056700,28.95000076,6056700,24.90700912,9026600,21.93132973,9026600,30.37392044,24590800,27.03375053,24590800,7.090000153,21421000,5.699999809,21421000,1.649999976,5900,1.620000005,5900,10.93791485,163100,9.952606201,163100,6.764444351,428100,6.373333454,428100,45.09999847,1738900,42.18999863,1738900,31.07999992,1082600,23,1082600,18.59000015,7278900,16.79999924,7278900
5/6/2010 15:09,29.87999916,128613000,27.90999985,128613000,36.8928566,321465200,28.4642849,321465200,17.45192337,189407700,14.56730747,189407700,1.120000005,155700,1.049999952,155700,3.266000032,735000,3.052400112,735000,31.43000031,6056700,28.95000076,6056700,24.90700912,9026600,21.93132973,9026600,30.37392044,24590800,27.03375053,24590800,7.090000153,21421000,5.699999809,21421000,1.649999976,5900,1.620000005,5900,10.93791485,163100,9.952606201,163100,6.764444351,428100,6.373333454,428100,45.09999847,1738900,42.18999863,1738900,31.07999992,1082600,23,1082600,18.59000015,7278900,16.79999924,7278900
5/6/2010 15:10,29.87999916,128613000,27.90999985,128613000,36.8928566,321465200,28.4642849,321465200,17.45192337,189407700,14.56730747,189407700,1.120000005,155700,1.049999952,155700,3.266000032,735000,3.052400112,735000,31.43000031,6056700,28.95000076,6056700,24.90700912,9026600,21.93132973,9026600,30.37392044,24590800,27.03375053,24590800,7.090000153,21421000,5.699999809,21421000,1.649999976,5900,1.620000005,5900,10.93791485,163100,9.952606201,163100,6.764444351,428100,6.373333454,428100,45.09999847,1738900,42.18999863,1738900,31.07999992,1082600,23,1082600,18.59000015,7278900,16.79999924,7278900
5/6/2010 15:11,29.87999916,128613000,27.90999985,128613000,36.8928566,321465200,28.4642849,321465200,17.45192337,189407700,14.56730747,189407700,1.120000005,155700,1.049999952,155700,3.266000032,735000,3.052400112,735000,31.43000031,6056700,28.95000076,6056700,24.90700912,9026600,21.93132973,9026600,30.37392044,24590800,27.03375053,24590800,7.090000153,21421000,5.699999809,21421000,1.649999976,5900,1.620000005,5900,10.93791485,163100,9.952606201,163100,6.764444351,428100,6.373333454,428100,45.09999847,1738900,42.18999863,1738900,31.07999992,1082600,23,1082600,18.59000015,7278900,16.79999924,7278900
5/6/2010 15:12,29.87999916,128613000,27.90999985,128613000,36.8928566,321465200,28.4642849,321465200,17.45192337,189407700,14.56730747,189407700,1.120000005,155700,1.049999952,155700,3.266000032,735000,3.052400112,735000,31.43000031,6056700,28.95000076,6056700,24.90700912,9026600,21.93132973,9026600,30.37392044,24590800,27.03375053,24590800,7.090000153,21421000,5.699999809,21421000,1.649999976,5900,1.620000005,5900,10.93791485,163100,9.952606201,163100,6.764444351,428100,6.373333454,428100,45.09999847,1738900,42.18999863,1738900,31.07999992,1082600,23,1082600,18.59000015,7278900,16.79999924,7278900
5/6/2010 15:13,29.87999916,128613000,27.90999985,128613000,36.8928566,321465200,28.4642849,321465200,17.45192337,189407700,14.56730747,189407700,1.120000005,155700,1.049999952,155700,3.266000032,735000,3.052400112,735000,31.43000031,6056700,28.95000076,6056700,24.90700912,9026600,21.93132973,9026600,30.37392044,24590800,27.03375053,24590800,7.090000153,21421000,5.699999809,21421000,1.649999976,5900,1.620000005,5900,10.93791485,163100,9.952606201,163100,6.764444351,428100,6.373333454,428100,45.09999847,1738900,42.18999863,1738900,31.07999992,1082600,23,1082600,18.59000015,7278900,16.79999924,7278900
5/6/2010 15:14,29.87999916,128613000,27.90999985,128613000,36.8928566,321465200,28.4642849,321465200,17.45192337,189407700,14.56730747,189407700,1.120000005,155700,1.049999952,155700,3.266000032,735000,3.052400112,735000,31.43000031,6056700,28.95000076,6056700,24.90700912,9026600,21.93132973,9026600,30.37392044,24590800,27.03375053,24590800,7.090000153,21421000,5.699999809,21421000,1.649999976,5900,1.620000005,5900,10.93791485,163100,9.952606201,163100,6.764444351,428100,6.373333454,428100,45.09999847,1738900,42.18999863,1738900,31.07999992,1082600,23,1082600,18.59000015,7278900,16.79999924,7278900
5/6/2010 15:15,29.87999916,128613000,27.90999985,128613000,36.8928566,321465200,28.4642849,321465200,17.45192337,189407700,14.56730747,189407700,1.120000005,155700,1.049999952,155700,3.266000032,735000,3.052400112,735000,31.43000031,6056700,28.95000076,6056700,24.90700912,9026600,21.93132973,9026600,30.37392044,24590800,27.03375053,24590800,7.090000153,21421000,5.699999809,21421000,1.649999976,5900,1.620000005,5900,10.93791485,163100,9.952606201,163100,6.764444351,428100,6.373333454,428100,45.09999847,1738900,42.18999863,1738900,31.07999992,1082600,23,1082600,18.59000015,7278900,16.79999924,7278900
5/6/2010 15:16,29.87999916,128613000,27.90999985,128613000,36.8928566,321465200,28.4642849,321465200,17.45192337,189407700,14.56730747,189407700,1.120000005,155700,1.049999952,155700,3.266000032,735000,3.052400112,735000,31.43000031,6056700,28.95000076,6056700,24.90700912,9026600,21.93132973,9026600,30.37392044,24590800,27.03375053,24590800,7.090000153,21421000,5.699999809,21421000,1.649999976,5900,1.620000005,5900,10.93791485,163100,9.952606201,163100,6.764444351,428100,6.373333454,428100,45.09999847,1738900,42.18999863,1738900,31.07999992,1082600,23,1082600,18.59000015,7278900,16.79999924,7278900
5/6/2010 15:17,29.87999916,128613000,27.90999985,128613000,36.8928566,321465200,28.4642849,321465200,17.45192337,189407700,14.56730747,189407700,1.120000005,155700,1.049999952,155700,3.266000032,735000,3.052400112,735000,31.43000031,6056700,28.95000076,6056700,24.90700912,9026600,21.93132973,9026600,30.37392044,24590800,27.03375053,24590800,7.090000153,21421000,5.699999809,21421000,1.649999976,5900,1.620000005,5900,10.93791485,163100,9.952606201,163100,6.764444351,428100,6.373333454,428100,45.09999847,1738900,42.18999863,1738900,31.07999992,1082600,23,1082600,18.59000015,7278900,16.79999924,7278900
5/6/2010 15:18,29.87999916,128613000,27.90999985,128613000,36.8928566,321465200,28.4642849,321465200,17.45192337,189407700,14.56730747,189407700,1.120000005,155700,1.049999952,155700,3.266000032,735000,3.052400112,735000,31.43000031,6056700,28.95000076,6056700,24.90700912,9026600,21.93132973,9026600,30.37392044,24590800,27.03375053,24590800,7.090000153,21421000,5.699999809,21421000,1.649999976,5900,1.620000005,5900,10.93791485,163100,9.952606201,163100,6.764444351,428100,6.373333454,428100,45.09999847,1738900,42.18999863,1738900,31.07999992,1082600,23,1082600,18.59000015,7278900,16.79999924,7278900
5/6/2010 15:19,29.87999916,128613000,27.90999985,128613000,36.8928566,321465200,28.4642849,321465200,17.45192337,189407700,14.56730747,189407700,1.120000005,155700,1.049999952,155700,3.266000032,735000,3.052400112,735000,31.43000031,6056700,28.95000076,6056700,24.90700912,9026600,21.93132973,9026600,30.37392044,24590800,27.03375053,24590800,7.090000153,21421000,5.699999809,21421000,1.649999976,5900,1.620000005,5900,10.93791485,163100,9.952606201,163100,6.764444351,428100,6.373333454,428100,45.09999847,1738900,42.18999863,1738900,31.07999992,1082600,23,1082600,18.59000015,7278900,16.79999924,7278900
5/6/2010 15:20,29.87999916,128613000,27.90999985,128613000,36.8928566,321465200,28.4642849,321465200,17.45192337,189407700,14.56730747,189407700,1.120000005,155700,1.049999952,155700,3.266000032,735000,3.052400112,735000,31.43000031,6056700,28.95000076,6056700,24.90700912,9026600,21.93132973,9026600,30.37392044,24590800,27.03375053,24590800,7.090000153,21421000,5.699999809,21421000,1.649999976,5900,1.620000005,5900,10.93791485,163100,9.952606201,163100,6.764444351,428100,6.373333454,428100,45.09999847,1738900,42.18999863,1738900,31.07999992,1082600,23,1082600,18.59000015,7278900,16.79999924,7278900
5/6/2010 15:21,29.87999916,128613000,27.90999985,128613000,36.8928566,321465200,28.4642849,321465200,17.45192337,189407700,14.56730747,189407700,1.120000005,155700,1.049999952,155700,3.266000032,735000,3.052400112,735000,31.43000031,6056700,28.95000076,6056700,24.90700912,9026600,21.93132973,9026600,30.37392044,24590800,27.03375053,24590800,7.090000153,21421000,5.699999809,21421000,1.649999976,5900,1.620000005,5900,10.93791485,163100,9.952606201,163100,6.764444351,428100,6.373333454,428100,45.09999847,1738900,42.18999863,1738900,31.07999992,1082600,23,1082600,18.59000015,7278900,16.79999924,7278900
5/6/2010 15:22,29.87999916,128613000,27.90999985,128613000,36.8928566,321465200,28.4642849,321465200,17.45192337,189407700,14.56730747,189407700,1.120000005,155700,1.049999952,155700,3.266000032,735000,3.052400112,735000,31.43000031,6056700,28.95000076,6056700,24.90700912,9026600,21.93132973,9026600,30.37392044,24590800,27.03375053,24590800,7.090000153,21421000,5.699999809,21421000,1.649999976,5900,1.620000005,5900,10.93791485,163100,9.952606201,163100,6.764444351,428100,6.373333454,428100,45.09999847,1738900,42.18999863,1738900,31.07999992,1082600,23,1082600,18.59000015,7278900,16.79999924,7278900
5/6/2010 15:23,29.87999916,128613000,27.90999985,128613000,36.8928566,321465200,28.4642849,321465200,17.45192337,189407700,14.56730747,189407700,1.120000005,155700,1.049999952,155700,3.266000032,735000,3.052400112,735000,31.43000031,6056700,28.95000076,6056700,24.90700912,9026600,21.93132973,9026600,30.37392044,24590800,27.03375053,24590800,7.090000153,21421000,5.699999809,21421000,1.649999976,5900,1.620000005,5900,10.93791485,163100,9.952606201,163100,6.764444351,428100,6.373333454,428100,45.09999847,1738900,42.18999863,1738900,31.07999992,1082600,23,1082600,18.59000015,7278900,16.79999924,7278900
5/6/2010 15:24,29.87999916,128613000,27.90999985,128613000,36.8928566,321465200,28.4642849,321465200,17.45192337,189407700,14.56730747,189407700,1.120000005,155700,1.049999952,155700,3.266000032,735000,3.052400112,735000,31.43000031,6056700,28.95000076,6056700,24.90700912,9026600,21.93132973,9026600,30.37392044,24590800,27.03375053,24590800,7.090000153,21421000,5.699999809,21421000,1.649999976,5900,1.620000005,5900,10.93791485,163100,9.952606201,163100,6.764444351,428100,6.373333454,428100,45.09999847,1738900,42.18999863,1738900,31.07999992,1082600,23,1082600,18.59000015,7278900,16.79999924,7278900
5/6/2010 15:25,29.87999916,128613000,27.90999985,128613000,36.8928566,321465200,28.4642849,321465200,17.45192337,189407700,14.56730747,189407700,1.120000005,155700,1.049999952,155700,3.266000032,735000,3.052400112,735000,31.43000031,6056700,28.95000076,6056700,24.90700912,9026600,21.93132973,9026600,30.37392044,24590800,27.03375053,24590800,7.090000153,21421000,5.699999809,21421000,1.649999976,5900,1.620000005,5900,10.93791485,163100,9.952606201,163100,6.764444351,428100,6.373333454,428100,45.09999847,1738900,42.18999863,1738900,31.07999992,1082600,23,1082600,18.59000015,7278900,16.79999924,7278900
5/6/2010 15:26,29.87999916,128613000,27.90999985,128613000,36.8928566,321465200,28.4642849,321465200,17.45192337,189407700,14.56730747,189407700,1.120000005,155700,1.049999952,155700,3.266000032,735000,3.052400112,735000,31.43000031,6056700,28.95000076,6056700,24.90700912,9026600,21.93132973,9026600,30.37392044,24590800,27.03375053,24590800,7.090000153,21421000,5.699999809,21421000,1.649999976,5900,1.620000005,5900,10.93791485,163100,9.952606201,163100,6.764444351,428100,6.373333454,428100,45.09999847,1738900,42.18999863,1738900,31.07999992,1082600,23,1082600,18.59000015,7278900,16.79999924,7278900
5/6/2010 15:27,29.87999916,128613000,27.90999985,128613000,36.8928566,321465200,28.4642849,321465200,17.45192337,189407700,14.56730747,189407700,1.120000005,155700,1.049999952,155700,3.266000032,735000,3.052400112,735000,31.43000031,6056700,28.95000076,6056700,24.90700912,9026600,21.93132973,9026600,30.37392044,24590800,27.03375053,24590800,7.090000153,21421000,5.699999809,21421000,1.649999976,5900,1.620000005,5900,10.93791485,163100,9.952606201,163100,6.764444351,428100,6.373333454,428100,45.09999847,1738900,42.18999863,1738900,31.07999992,1082600,23,1082600,18.59000015,7278900,16.79999924,7278900
5/6/2010 15:28,29.87999916,128613000,27.90999985,128613000,36.8928566,321465200,28.4642849,321465200,17.45192337,189407700,14.56730747,189407700,1.120000005,155700,1.049999952,155700,3.266000032,735000,3.052400112,735000,31.43000031,6056700,28.95000076,6056700,24.90700912,9026600,21.93132973,9026600,30.37392044,24590800,27.03375053,24590800,7.090000153,21421000,5.699999809,21421000,1.649999976,5900,1.620000005,5900,10.93791485,163100,9.952606201,163100,6.764444351,428100,6.373333454,428100,45.09999847,1738900,42.18999863,1738900,31.07999992,1082600,23,1082600,18.59000015,7278900,16.79999924,7278900
5/6/2010 15:29,29.87999916,128613000,27.90999985,128613000,36.8928566,321465200,28.4642849,321465200,17.45192337,189407700,14.56730747,189407700,1.120000005,155700,1.049999952,155700,3.266000032,735000,3.052400112,735000,31.43000031,6056700,28.95000076,6056700,24.90700912,9026600,21.93132973,9026600,30.37392044,24590800,27.03375053,24590800,7.090000153,21421000,5.699999809,21421000,1.649999976,5900,1.620000005,5900,10.93791485,163100,9.952606201,163100,6.764444351,428100,6.373333454,428100,45.09999847,1738900,42.18999863,1738900,31.07999992,1082600,23,1082600,18.59000015,7278900,16.79999924,7278900
5/6/2010 15:30,29.87999916,128613000,27.90999985,128613000,36.8928566,321465200,28.4642849,321465200,17.45192337,189407700,14.56730747,189407700,1.120000005,155700,1.049999952,155700,3.266000032,735000,3.052400112,735000,31.43000031,6056700,28.95000076,6056700,24.90700912,9026600,21.93132973,9026600,30.37392044,24590800,27.03375053,24590800,7.090000153,21421000,5.699999809,21421000,1.649999976,5900,1.620000005,5900,10.93791485,163100,9.952606201,163100,6.764444351,428100,6.373333454,428100,45.09999847,1738900,42.18999863,1738900,31.07999992,1082600,23,1082600,18.59000015,7278900,16.79999924,7278900
5/6/2010 15:31,29.87999916,128613000,27.90999985,128613000,36.8928566,321465200,28.4642849,321465200,17.45192337,189407700,14.56730747,189407700,1.120000005,155700,1.049999952,155700,3.266000032,735000,3.052400112,735000,31.43000031,6056700,28.95000076,6056700,24.90700912,9026600,21.93132973,9026600,30.37392044,24590800,27.03375053,24590800,7.090000153,21421000,5.699999809,21421000,1.649999976,5900,1.620000005,5900,10.93791485,163100,9.952606201,163100,6.764444351,428100,6.373333454,428100,45.09999847,1738900,42.18999863,1738900,31.07999992,1082600,23,1082600,18.59000015,7278900,16.79999924,7278900
5/6/2010 15:32,29.87999916,128613000,27.90999985,128613000,36.8928566,321465200,28.4642849,321465200,17.45192337,189407700,14.56730747,189407700,1.120000005,155700,1.049999952,155700,3.266000032,735000,3.052400112,735000,31.43000031,6056700,28.95000076,6056700,24.90700912,9026600,21.93132973,9026600,30.37392044,24590800,27.03375053,24590800,7.090000153,21421000,5.699999809,21421000,1.649999976,5900,1.620000005,5900,10.93791485,163100,9.952606201,163100,6.764444351,428100,6.373333454,428100,45.09999847,1738900,42.18999863,1738900,31.07999992,1082600,23,1082600,18.59000015,7278900,16.79999924,7278900
5/6/2010 15:33,29.87999916,128613000,27.90999985,128613000,36.8928566,321465200,28.4642849,321465200,17.45192337,189407700,14.56730747,189407700,1.120000005,155700,1.049999952,155700,3.266000032,735000,3.052400112,735000,31.43000031,6056700,28.95000076,6056700,24.90700912,9026600,21.93132973,9026600,30.37392044,24590800,27.03375053,24590800,7.090000153,21421000,5.699999809,21421000,1.649999976,5900,1.620000005,5900,10.93791485,163100,9.952606201,163100,6.764444351,428100,6.373333454,428100,45.09999847,1738900,42.18999863,1738900,31.07999992,1082600,23,1082600,18.59000015,7278900,16.79999924,7278900
5/6/2010 15:34,29.87999916,128613000,27.90999985,128613000,36.8928566,321465200,28.4642849,321465200,17.45192337,189407700,14.56730747,189407700,1.120000005,155700,1.049999952,155700,3.266000032,735000,3.052400112,735000,31.43000031,6056700,28.95000076,6056700,24.90700912,9026600,21.93132973,9026600,30.37392044,24590800,27.03375053,24590800,7.090000153,21421000,5.699999809,21421000,1.649999976,5900,1.620000005,5900,10.93791485,163100,9.952606201,163100,6.764444351,428100,6.373333454,428100,45.09999847,1738900,42.18999863,1738900,31.07999992,1082600,23,1082600,18.59000015,7278900,16.79999924,7278900
5/6/2010 15:35,29.87999916,128613000,27.90999985,128613000,36.8928566,321465200,28.4642849,321465200,17.45192337,189407700,14.56730747,189407700,1.120000005,155700,1.049999952,155700,3.266000032,735000,3.052400112,735000,31.43000031,6056700,28.95000076,6056700,24.90700912,9026600,21.93132973,9026600,30.37392044,24590800,27.03375053,24590800,7.090000153,21421000,5.699999809,21421000,1.649999976,5900,1.620000005,5900,10.93791485,163100,9.952606201,163100,6.764444351,428100,6.373333454,428100,45.09999847,1738900,42.18999863,1738900,31.07999992,1082600,23,1082600,18.59000015,7278900,16.79999924,7278900
5/6/2010 15:36,29.87999916,128613000,27.90999985,128613000,36.8928566,321465200,28.4642849,321465200,17.45192337,189407700,14.56730747,189407700,1.120000005,155700,1.049999952,155700,3.266000032,735000,3.052400112,735000,31.43000031,6056700,28.95000076,6056700,24.90700912,9026600,21.93132973,9026600,30.37392044,24590800,27.03375053,24590800,7.090000153,21421000,5.699999809,21421000,1.649999976,5900,1.620000005,5900,10.93791485,163100,9.952606201,163100,6.764444351,428100,6.373333454,428100,45.09999847,1738900,42.18999863,1738900,31.07999992,1082600,23,1082600,18.59000015,7278900,16.79999924,7278900
5/6/2010 15:37,29.87999916,128613000,27.90999985,128613000,36.8928566,321465200,28.4642849,321465200,17.45192337,189407700,14.56730747,189407700,1.120000005,155700,1.049999952,155700,3.266000032,735000,3.052400112,735000,31.43000031,6056700,28.95000076,6056700,24.90700912,9026600,21.93132973,9026600,30.37392044,24590800,27.03375053,24590800,7.090000153,21421000,5.699999809,21421000,1.649999976,5900,1.620000005,5900,10.93791485,163100,9.952606201,163100,6.764444351,428100,6.373333454,428100,45.09999847,1738900,42.18999863,1738900,31.07999992,1082600,23,1082600,18.59000015,7278900,16.79999924,7278900
5/6/2010 15:38,29.87999916,128613000,27.90999985,128613000,36.8928566,321465200,28.4642849,321465200,17.45192337,189407700,14.56730747,189407700,1.120000005,155700,1.049999952,155700,3.266000032,735000,3.052400112,735000,31.43000031,6056700,28.95000076,6056700,24.90700912,9026600,21.93132973,9026600,30.37392044,24590800,27.03375053,24590800,7.090000153,21421000,5.699999809,21421000,1.649999976,5900,1.620000005,5900,10.93791485,163100,9.952606201,163100,6.764444351,428100,6.373333454,428100,45.09999847,1738900,42.18999863,1738900,31.07999992,1082600,23,1082600,18.59000015,7278900,16.79999924,7278900
5/6/2010 15:39,29.87999916,128613000,27.90999985,128613000,36.8928566,321465200,28.4642849,321465200,17.45192337,189407700,14.56730747,189407700,1.120000005,155700,1.049999952,155700,3.266000032,735000,3.052400112,735000,31.43000031,6056700,28.95000076,6056700,24.90700912,9026600,21.93132973,9026600,30.37392044,24590800,27.03375053,24590800,7.090000153,21421000,5.699999809,21421000,1.649999976,5900,1.620000005,5900,10.93791485,163100,9.952606201,163100,6.764444351,428100,6.373333454,428100,45.09999847,1738900,42.18999863,1738900,31.07999992,1082600,23,1082600,18.59000015,7278900,16.79999924,7278900
5/6/2010 15:40,29.87999916,128613000,27.90999985,128613000,36.8928566,321465200,28.4642849,321465200,17.45192337,189407700,14.56730747,189407700,1.120000005,155700,1.049999952,155700,3.266000032,735000,3.052400112,735000,31.43000031,6056700,28.95000076,6056700,24.90700912,9026600,21.93132973,9026600,30.37392044,24590800,27.03375053,24590800,7.090000153,21421000,5.699999809,21421000,1.649999976,5900,1.620000005,5900,10.93791485,163100,9.952606201,163100,6.764444351,428100,6.373333454,428100,45.09999847,1738900,42.18999863,1738900,31.07999992,1082600,23,1082600,18.59000015,7278900,16.79999924,7278900
5/6/2010 15:41,29.87999916,128613000,27.90999985,128613000,36.8928566,321465200,28.4642849,321465200,17.45192337,189407700,14.56730747,189407700,1.120000005,155700,1.049999952,155700,3.266000032,735000,3.052400112,735000,31.43000031,6056700,28.95000076,6056700,24.90700912,9026600,21.93132973,9026600,30.37392044,24590800,27.03375053,24590800,7.090000153,21421000,5.699999809,21421000,1.649999976,5900,1.620000005,5900,10.93791485,163100,9.952606201,163100,6.764444351,428100,6.373333454,428100,45.09999847,1738900,42.18999863,1738900,31.07999992,1082600,23,1082600,18.59000015,7278900,16.79999924,7278900
5/6/2010 15:42,29.87999916,128613000,27.90999985,128613000,36.8928566,321465200,28.4642849,321465200,17.45192337,189407700,14.56730747,189407700,1.120000005,155700,1.049999952,155700,3.266000032,735000,3.052400112,735000,31.43000031,6056700,28.95000076,6056700,24.90700912,9026600,21.93132973,9026600,30.37392044,24590800,27.03375053,24590800,7.090000153,21421000,5.699999809,21421000,1.649999976,5900,1.620000005,5900,10.93791485,163100,9.952606201,163100,6.764444351,428100,6.373333454,428100,45.09999847,1738900,42.18999863,1738900,31.07999992,1082600,23,1082600,18.59000015,7278900,16.79999924,7278900
5/6/2010 15:43,29.87999916,128613000,27.90999985,128613000,36.8928566,321465200,28.4642849,321465200,17.45192337,189407700,14.56730747,189407700,1.120000005,155700,1.049999952,155700,3.266000032,735000,3.052400112,735000,31.43000031,6056700,28.95000076,6056700,24.90700912,9026600,21.93132973,9026600,30.37392044,24590800,27.03375053,24590800,7.090000153,21421000,5.699999809,21421000,1.649999976,5900,1.620000005,5900,10.93791485,163100,9.952606201,163100,6.764444351,428100,6.373333454,428100,45.09999847,1738900,42.18999863,1738900,31.07999992,1082600,23,1082600,18.59000015,7278900,16.79999924,7278900
5/6/2010 15:44,29.87999916,128613000,27.90999985,128613000,36.8928566,321465200,28.4642849,321465200,17.45192337,189407700,14.56730747,189407700,1.120000005,155700,1.049999952,155700,3.266000032,735000,3.052400112,735000,31.43000031,6056700,28.95000076,6056700,24.90700912,9026600,21.93132973,9026600,30.37392044,24590800,27.03375053,24590800,7.090000153,21421000,5.699999809,21421000,1.649999976,5900,1.620000005,5900,10.93791485,163100,9.952606201,163100,6.764444351,428100,6.373333454,428100,45.09999847,1738900,42.18999863,1738900,31.07999992,1082600,23,1082600,18.59000015,7278900,16.79999924,7278900
5/6/2010 15:45,29.87999916,128613000,27.90999985,128613000,36.8928566,321465200,28.4642849,321465200,17.45192337,189407700,14.56730747,189407700,1.120000005,155700,1.049999952,155700,3.266000032,735000,3.052400112,735000,31.43000031,6056700,28.95000076,6056700,24.90700912,9026600,21.93132973,9026600,30.37392044,24590800,27.03375053,24590800,7.090000153,21421000,5.699999809,21421000,1.649999976,5900,1.620000005,5900,10.93791485,163100,9.952606201,163100,6.764444351,428100,6.373333454,428100,45.09999847,1738900,42.18999863,1738900,31.07999992,1082600,23,1082600,18.59000015,7278900,16.79999924,7278900
5/6/2010 15:46,29.87999916,128613000,27.90999985,128613000,36.8928566,321465200,28.4642849,321465200,17.45192337,189407700,14.56730747,189407700,1.120000005,155700,1.049999952,155700,3.266000032,735000,3.052400112,735000,31.43000031,6056700,28.95000076,6056700,24.90700912,9026600,21.93132973,9026600,30.37392044,24590800,27.03375053,24590800,7.090000153,21421000,5.699999809,21421000,1.649999976,5900,1.620000005,5900,10.93791485,163100,9.952606201,163100,6.764444351,428100,6.373333454,428100,45.09999847,1738900,42.18999863,1738900,31.07999992,1082600,23,1082600,18.59000015,7278900,16.79999924,7278900
5/6/2010 15:47,29.87999916,128613000,27.90999985,128613000,36.8928566,321465200,28.4642849,321465200,17.45192337,189407700,14.56730747,189407700,1.120000005,155700,1.049999952,155700,3.266000032,735000,3.052400112,735000,31.43000031,6056700,28.95000076,6056700,24.90700912,9026600,21.93132973,9026600,30.37392044,24590800,27.03375053,24590800,7.090000153,21421000,5.699999809,21421000,1.649999976,5900,1.620000005,5900,10.93791485,163100,9.952606201,163100,6.764444351,428100,6.373333454,428100,45.09999847,1738900,42.18999863,1738900,31.07999992,1082600,23,1082600,18.59000015,7278900,16.79999924,7278900
5/6/2010 15:48,29.87999916,128613000,27.90999985,128613000,36.8928566,321465200,28.4642849,321465200,17.45192337,189407700,14.56730747,189407700,1.120000005,155700,1.049999952,155700,3.266000032,735000,3.052400112,735000,31.43000031,6056700,28.95000076,6056700,24.90700912,9026600,21.93132973,9026600,30.37392044,24590800,27.03375053,24590800,7.090000153,21421000,5.699999809,21421000,1.649999976,5900,1.620000005,5900,10.93791485,163100,9.952606201,163100,6.764444351,428100,6.373333454,428100,45.09999847,1738900,42.18999863,1738900,31.07999992,1082600,23,1082600,18.59000015,7278900,16.79999924,7278900
5/6/2010 15:49,29.87999916,128613000,27.90999985,128613000,36.8928566,321465200,28.4642849,321465200,17.45192337,189407700,14.56730747,189407700,1.120000005,155700,1.049999952,155700,3.266000032,735000,3.052400112,735000,31.43000031,6056700,28.95000076,6056700,24.90700912,9026600,21.93132973,9026600,30.37392044,24590800,27.03375053,24590800,7.090000153,21421000,5.699999809,21421000,1.649999976,5900,1.620000005,5900,10.93791485,163100,9.952606201,163100,6.764444351,428100,6.373333454,428100,45.09999847,1738900,42.18999863,1738900,31.07999992,1082600,23,1082600,18.59000015,7278900,16.79999924,7278900
5/6/2010 15:50,29.87999916,128613000,27.90999985,128613000,36.8928566,321465200,28.4642849,321465200,17.45192337,189407700,14.56730747,189407700,1.120000005,155700,1.049999952,155700,3.266000032,735000,3.052400112,735000,31.43000031,6056700,28.95000076,6056700,24.90700912,9026600,21.93132973,9026600,30.37392044,24590800,27.03375053,24590800,7.090000153,21421000,5.699999809,21421000,1.649999976,5900,1.620000005,5900,10.93791485,163100,9.952606201,163100,6.764444351,428100,6.373333454,428100,45.09999847,1738900,42.18999863,1738900,31.07999992,1082600,23,1082600,18.59000015,7278900,16.79999924,7278900
5/6/2010 15:51,29.87999916,128613000,27.90999985,128613000,36.8928566,321465200,28.4642849,321465200,17.45192337,189407700,14.56730747,189407700,1.120000005,155700,1.049999952,155700,3.266000032,735000,3.052400112,735000,31.43000031,6056700,28.95000076,6056700,24.90700912,9026600,21.93132973,9026600,30.37392044,24590800,27.03375053,24590800,7.090000153,21421000,5.699999809,21421000,1.649999976,5900,1.620000005,5900,10.93791485,163100,9.952606201,163100,6.764444351,428100,6.373333454,428100,45.09999847,1738900,42.18999863,1738900,31.07999992,1082600,23,1082600,18.59000015,7278900,16.79999924,7278900
5/6/2010 15:52,29.87999916,128613000,27.90999985,128613000,36.8928566,321465200,28.4642849,321465200,17.45192337,189407700,14.56730747,189407700,1.120000005,155700,1.049999952,155700,3.266000032,735000,3.052400112,735000,31.43000031,6056700,28.95000076,6056700,24.90700912,9026600,21.93132973,9026600,30.37392044,24590800,27.03375053,24590800,7.090000153,21421000,5.699999809,21421000,1.649999976,5900,1.620000005,5900,10.93791485,163100,9.952606201,163100,6.764444351,428100,6.373333454,428100,45.09999847,1738900,42.18999863,1738900,31.07999992,1082600,23,1082600,18.59000015,7278900,16.79999924,7278900
5/6/2010 15:53,29.87999916,128613000,27.90999985,128613000,36.8928566,321465200,28.4642849,321465200,17.45192337,189407700,14.56730747,189407700,1.120000005,155700,1.049999952,155700,3.266000032,735000,3.052400112,735000,31.43000031,6056700,28.95000076,6056700,24.90700912,9026600,21.93132973,9026600,30.37392044,24590800,27.03375053,24590800,7.090000153,21421000,5.699999809,21421000,1.649999976,5900,1.620000005,5900,10.93791485,163100,9.952606201,163100,6.764444351,428100,6.373333454,428100,45.09999847,1738900,42.18999863,1738900,31.07999992,1082600,23,1082600,18.59000015,7278900,16.79999924,7278900
5/6/2010 15:54,29.87999916,128613000,27.90999985,128613000,36.8928566,321465200,28.4642849,321465200,17.45192337,189407700,14.56730747,189407700,1.120000005,155700,1.049999952,155700,3.266000032,735000,3.052400112,735000,31.43000031,6056700,28.95000076,6056700,24.90700912,9026600,21.93132973,9026600,30.37392044,24590800,27.03375053,24590800,7.090000153,21421000,5.699999809,21421000,1.649999976,5900,1.620000005,5900,10.93791485,163100,9.952606201,163100,6.764444351,428100,6.373333454,428100,45.09999847,1738900,42.18999863,1738900,31.07999992,1082600,23,1082600,18.59000015,7278900,16.79999924,7278900
5/6/2010 15:55,29.87999916,128613000,27.90999985,128613000,36.8928566,321465200,28.4642849,321465200,17.45192337,189407700,14.56730747,189407700,1.120000005,155700,1.049999952,155700,3.266000032,735000,3.052400112,735000,31.43000031,6056700,28.95000076,6056700,24.90700912,9026600,21.93132973,9026600,30.37392044,24590800,27.03375053,24590800,7.090000153,21421000,5.699999809,21421000,1.649999976,5900,1.620000005,5900,10.93791485,163100,9.952606201,163100,6.764444351,428100,6.373333454,428100,45.09999847,1738900,42.18999863,1738900,31.07999992,1082600,23,1082600,18.59000015,7278900,16.79999924,7278900
5/6/2010 15:56,29.87999916,128613000,27.90999985,128613000,36.8928566,321465200,28.4642849,321465200,17.45192337,189407700,14.56730747,189407700,1.120000005,155700,1.049999952,155700,3.266000032,735000,3.052400112,735000,31.43000031,6056700,28.95000076,6056700,24.90700912,9026600,21.93132973,9026600,30.37392044,24590800,27.03375053,24590800,7.090000153,21421000,5.699999809,21421000,1.649999976,5900,1.620000005,5900,10.93791485,163100,9.952606201,163100,6.764444351,428100,6.373333454,428100,45.09999847,1738900,42.18999863,1738900,31.07999992,1082600,23,1082600,18.59000015,7278900,16.79999924,7278900
5/6/2010 15:57,29.87999916,128613000,27.90999985,128613000,36.8928566,321465200,28.4642849,321465200,17.45192337,189407700,14.56730747,189407700,1.120000005,155700,1.049999952,155700,3.266000032,735000,3.052400112,735000,31.43000031,6056700,28.95000076,6056700,24.90700912,9026600,21.93132973,9026600,30.37392044,24590800,27.03375053,24590800,7.090000153,21421000,5.699999809,21421000,1.649999976,5900,1.620000005,5900,10.93791485,163100,9.952606201,163100,6.764444351,428100,6.373333454,428100,45.09999847,1738900,42.18999863,1738900,31.07999992,1082600,23,1082600,18.59000015,7278900,16.79999924,7278900
5/6/2010 15:58,29.87999916,128613000,27.90999985,128613000,36.8928566,321465200,28.4642849,321465200,17.45192337,189407700,14.56730747,189407700,1.120000005,155700,1.049999952,155700,3.266000032,735000,3.052400112,735000,31.43000031,6056700,28.95000076,6056700,24.90700912,9026600,21.93132973,9026600,30.37392044,24590800,27.03375053,24590800,7.090000153,21421000,5.699999809,21421000,1.649999976,5900,1.620000005,5900,10.93791485,163100,9.952606201,163100,6.764444351,428100,6.373333454,428100,45.09999847,1738900,42.18999863,1738900,31.07999992,1082600,23,1082600,18.59000015,7278900,16.79999924,7278900
5/6/2010 15:59,29.87999916,128613000,27.90999985,128613000,36.8928566,321465200,28.4642849,321465200,17.45192337,189407700,14.56730747,189407700,1.120000005,155700,1.049999952,155700,3.266000032,735000,3.052400112,735000,31.43000031,6056700,28.95000076,6056700,24.90700912,9026600,21.93132973,9026600,30.37392044,24590800,27.03375053,24590800,7.090000153,21421000,5.699999809,21421000,1.649999976,5900,1.620000005,5900,10.93791485,163100,9.952606201,163100,6.764444351,428100,6.373333454,428100,45.09999847,1738900,42.18999863,1738900,31.07999992,1082600,23,1082600,18.59000015,7278900,16.79999924,7278900
5/6/2010 16:00,29.87999916,128613000,27.90999985,128613000,36.8928566,321465200,28.4642849,321465200,17.45192337,189407700,14.56730747,189407700,1.120000005,155700,1.049999952,155700,3.266000032,735000,3.052400112,735000,31.43000031,6056700,28.95000076,6056700,24.90700912,9026600,21.93132973,9026600,30.37392044,24590800,27.03375053,24590800,7.090000153,21421000,5.699999809,21421000,1.649999976,5900,1.620000005,5900,10.93791485,163100,9.952606201,163100,6.764444351,428100,6.373333454,428100,45.09999847,1738900,42.18999863,1738900,31.07999992,1082600,23,1082600,18.59000015,7278900,16.79999924,7278900
5/6/2010 16:01,29.87999916,128613000,27.90999985,128613000,36.8928566,321465200,28.4642849,321465200,17.45192337,189407700,14.56730747,189407700,1.120000005,155700,1.049999952,155700,3.266000032,735000,3.052400112,735000,31.43000031,6056700,28.95000076,6056700,24.90700912,9026600,21.93132973,9026600,30.37392044,24590800,27.03375053,24590800,7.090000153,21421000,5.699999809,21421000,1.649999976,5900,1.620000005,5900,10.93791485,163100,9.952606201,163100,6.764444351,428100,6.373333454,428100,45.09999847,1738900,42.18999863,1738900,31.07999992,1082600,23,1082600,18.59000015,7278900,16.79999924,7278900
5/6/2010 16:02,29.87999916,128613000,27.90999985,128613000,36.8928566,321465200,28.4642849,321465200,17.45192337,189407700,14.56730747,189407700,1.120000005,155700,1.049999952,155700,3.266000032,735000,3.052400112,735000,31.43000031,6056700,28.95000076,6056700,24.90700912,9026600,21.93132973,9026600,30.37392044,24590800,27.03375053,24590800,7.090000153,21421000,5.699999809,21421000,1.649999976,5900,1.620000005,5900,10.93791485,163100,9.952606201,163100,6.764444351,428100,6.373333454,428100,45.09999847,1738900,42.18999863,1738900,31.07999992,1082600,23,1082600,18.59000015,7278900,16.79999924,7278900
5/6/2010 16:03,29.87999916,128613000,27.90999985,128613000,36.8928566,321465200,28.4642849,321465200,17.45192337,189407700,14.56730747,189407700,1.120000005,155700,1.049999952,155700,3.266000032,735000,3.052400112,735000,31.43000031,6056700,28.95000076,6056700,24.90700912,9026600,21.93132973,9026600,30.37392044,24590800,27.03375053,24590800,7.090000153,21421000,5.699999809,21421000,1.649999976,5900,1.620000005,5900,10.93791485,163100,9.952606201,163100,6.764444351,428100,6.373333454,428100,45.09999847,1738900,42.18999863,1738900,31.07999992,1082600,23,1082600,18.59000015,7278900,16.79999924,7278900
5/6/2010 16:04,29.87999916,128613000,27.90999985,128613000,36.8928566,321465200,28.4642849,321465200,17.45192337,189407700,14.56730747,189407700,1.120000005,155700,1.049999952,155700,3.266000032,735000,3.052400112,735000,31.43000031,6056700,28.95000076,6056700,24.90700912,9026600,21.93132973,9026600,30.37392044,24590800,27.03375053,24590800,7.090000153,21421000,5.699999809,21421000,1.649999976,5900,1.620000005,5900,10.93791485,163100,9.952606201,163100,6.764444351,428100,6.373333454,428100,45.09999847,1738900,42.18999863,1738900,31.07999992,1082600,23,1082600,18.59000015,7278900,16.79999924,7278900
5/6/2010 16:05,29.87999916,128613000,27.90999985,128613000,36.8928566,321465200,28.4642849,321465200,17.45192337,189407700,14.56730747,189407700,1.120000005,155700,1.049999952,155700,3.266000032,735000,3.052400112,735000,31.43000031,6056700,28.95000076,6056700,24.90700912,9026600,21.93132973,9026600,30.37392044,24590800,27.03375053,24590800,7.090000153,21421000,5.699999809,21421000,1.649999976,5900,1.620000005,5900,10.93791485,163100,9.952606201,163100,6.764444351,428100,6.373333454,428100,45.09999847,1738900,42.18999863,1738900,31.07999992,1082600,23,1082600,18.59000015,7278900,16.79999924,7278900
5/6/2010 16:06,29.87999916,128613000,27.90999985,128613000,36.8928566,321465200,28.4642849,321465200,17.45192337,189407700,14.56730747,189407700,1.120000005,155700,1.049999952,155700,3.266000032,735000,3.052400112,735000,31.43000031,6056700,28.95000076,6056700,24.90700912,9026600,21.93132973,9026600,30.37392044,24590800,27.03375053,24590800,7.090000153,21421000,5.699999809,21421000,1.649999976,5900,1.620000005,5900,10.93791485,163100,9.952606201,163100,6.764444351,428100,6.373333454,428100,45.09999847,1738900,42.18999863,1738900,31.07999992,1082600,23,1082600,18.59000015,7278900,16.79999924,7278900
5/6/2010 16:07,29.87999916,128613000,27.90999985,128613000,36.8928566,321465200,28.4642849,321465200,17.45192337,189407700,14.56730747,189407700,1.120000005,155700,1.049999952,155700,3.266000032,735000,3.052400112,735000,31.43000031,6056700,28.95000076,6056700,24.90700912,9026600,21.93132973,9026600,30.37392044,24590800,27.03375053,24590800,7.090000153,21421000,5.699999809,21421000,1.649999976,5900,1.620000005,5900,10.93791485,163100,9.952606201,163100,6.764444351,428100,6.373333454,428100,45.09999847,1738900,42.18999863,1738900,31.07999992,1082600,23,1082600,18.59000015,7278900,16.79999924,7278900
5/6/2010 16:08,29.87999916,128613000,27.90999985,128613000,36.8928566,321465200,28.4642849,321465200,17.45192337,189407700,14.56730747,189407700,1.120000005,155700,1.049999952,155700,3.266000032,735000,3.052400112,735000,31.43000031,6056700,28.95000076,6056700,24.90700912,9026600,21.93132973,9026600,30.37392044,24590800,27.03375053,24590800,7.090000153,21421000,5.699999809,21421000,1.649999976,5900,1.620000005,5900,10.93791485,163100,9.952606201,163100,6.764444351,428100,6.373333454,428100,45.09999847,1738900,42.18999863,1738900,31.07999992,1082600,23,1082600,18.59000015,7278900,16.79999924,7278900
5/6/2010 16:09,29.87999916,128613000,27.90999985,128613000,36.8928566,321465200,28.4642849,321465200,17.45192337,189407700,14.56730747,189407700,1.120000005,155700,1.049999952,155700,3.266000032,735000,3.052400112,735000,31.43000031,6056700,28.95000076,6056700,24.90700912,9026600,21.93132973,9026600,30.37392044,24590800,27.03375053,24590800,7.090000153,21421000,5.699999809,21421000,1.649999976,5900,1.620000005,5900,10.93791485,163100,9.952606201,163100,6.764444351,428100,6.373333454,428100,45.09999847,1738900,42.18999863,1738900,31.07999992,1082600,23,1082600,18.59000015,7278900,16.79999924,7278900
5/6/2010 16:10,29.87999916,128613000,27.90999985,128613000,36.8928566,321465200,28.4642849,321465200,17.45192337,189407700,14.56730747,189407700,1.120000005,155700,1.049999952,155700,3.266000032,735000,3.052400112,735000,31.43000031,6056700,28.95000076,6056700,24.90700912,9026600,21.93132973,9026600,30.37392044,24590800,27.03375053,24590800,7.090000153,21421000,5.699999809,21421000,1.649999976,5900,1.620000005,5900,10.93791485,163100,9.952606201,163100,6.764444351,428100,6.373333454,428100,45.09999847,1738900,42.18999863,1738900,31.07999992,1082600,23,1082600,18.59000015,7278900,16.79999924,7278900
5/6/2010 16:11,29.87999916,128613000,27.90999985,128613000,36.8928566,321465200,28.4642849,321465200,17.45192337,189407700,14.56730747,189407700,1.120000005,155700,1.049999952,155700,3.266000032,735000,3.052400112,735000,31.43000031,6056700,28.95000076,6056700,24.90700912,9026600,21.93132973,9026600,30.37392044,24590800,27.03375053,24590800,7.090000153,21421000,5.699999809,21421000,1.649999976,5900,1.620000005,5900,10.93791485,163100,9.952606201,163100,6.764444351,428100,6.373333454,428100,45.09999847,1738900,42.18999863,1738900,31.07999992,1082600,23,1082600,18.59000015,7278900,16.79999924,7278900
5/6/2010 16:12,29.87999916,128613000,27.90999985,128613000,36.8928566,321465200,28.4642849,321465200,17.45192337,189407700,14.56730747,189407700,1.120000005,155700,1.049999952,155700,3.266000032,735000,3.052400112,735000,31.43000031,6056700,28.95000076,6056700,24.90700912,9026600,21.93132973,9026600,30.37392044,24590800,27.03375053,24590800,7.090000153,21421000,5.699999809,21421000,1.649999976,5900,1.620000005,5900,10.93791485,163100,9.952606201,163100,6.764444351,428100,6.373333454,428100,45.09999847,1738900,42.18999863,1738900,31.07999992,1082600,23,1082600,18.59000015,7278900,16.79999924,7278900
5/6/2010 16:13,29.87999916,128613000,27.90999985,128613000,36.8928566,321465200,28.4642849,321465200,17.45192337,189407700,14.56730747,189407700,1.120000005,155700,1.049999952,155700,3.266000032,735000,3.052400112,735000,31.43000031,6056700,28.95000076,6056700,24.90700912,9026600,21.93132973,9026600,30.37392044,24590800,27.03375053,24590800,7.090000153,21421000,5.699999809,21421000,1.649999976,5900,1.620000005,5900,10.93791485,163100,9.952606201,163100,6.764444351,428100,6.373333454,428100,45.09999847,1738900,42.18999863,1738900,31.07999992,1082600,23,1082600,18.59000015,7278900,16.79999924,7278900
5/6/2010 16:14,29.87999916,128613000,27.90999985,128613000,36.8928566,321465200,28.4642849,321465200,17.45192337,189407700,14.56730747,189407700,1.120000005,155700,1.049999952,155700,3.266000032,735000,3.052400112,735000,31.43000031,6056700,28.95000076,6056700,24.90700912,9026600,21.93132973,9026600,30.37392044,24590800,27.03375053,24590800,7.090000153,21421000,5.699999809,21421000,1.649999976,5900,1.620000005,5900,10.93791485,163100,9.952606201,163100,6.764444351,428100,6.373333454,428100,45.09999847,1738900,42.18999863,1738900,31.07999992,1082600,23,1082600,18.59000015,7278900,16.79999924,7278900
5/6/2010 16:15,29.87999916,128613000,27.90999985,128613000,36.8928566,321465200,28.4642849,321465200,17.45192337,189407700,14.56730747,189407700,1.120000005,155700,1.049999952,155700,3.266000032,735000,3.052400112,735000,31.43000031,6056700,28.95000076,6056700,24.90700912,9026600,21.93132973,9026600,30.37392044,24590800,27.03375053,24590800,7.090000153,21421000,5.699999809,21421000,1.649999976,5900,1.620000005,5900,10.93791485,163100,9.952606201,163100,6.764444351,428100,6.373333454,428100,45.09999847,1738900,42.18999863,1738900,31.07999992,1082600,23,1082600,18.59000015,7278900,16.79999924,7278900
5/6/2010 16:16,29.87999916,128613000,27.90999985,128613000,36.8928566,321465200,28.4642849,321465200,17.45192337,189407700,14.56730747,189407700,1.120000005,155700,1.049999952,155700,3.266000032,735000,3.052400112,735000,31.43000031,6056700,28.95000076,6056700,24.90700912,9026600,21.93132973,9026600,30.37392044,24590800,27.03375053,24590800,7.090000153,21421000,5.699999809,21421000,1.649999976,5900,1.620000005,5900,10.93791485,163100,9.952606201,163100,6.764444351,428100,6.373333454,428100,45.09999847,1738900,42.18999863,1738900,31.07999992,1082600,23,1082600,18.59000015,7278900,16.79999924,7278900
5/6/2010 16:17,29.87999916,128613000,27.90999985,128613000,36.8928566,321465200,28.4642849,321465200,17.45192337,189407700,14.56730747,189407700,1.120000005,155700,1.049999952,155700,3.266000032,735000,3.052400112,735000,31.43000031,6056700,28.95000076,6056700,24.90700912,9026600,21.93132973,9026600,30.37392044,24590800,27.03375053,24590800,7.090000153,21421000,5.699999809,21421000,1.649999976,5900,1.620000005,5900,10.93791485,163100,9.952606201,163100,6.764444351,428100,6.373333454,428100,45.09999847,1738900,42.18999863,1738900,31.07999992,1082600,23,1082600,18.59000015,7278900,16.79999924,7278900
5/6/2010 16:18,29.87999916,128613000,27.90999985,128613000,36.8928566,321465200,28.4642849,321465200,17.45192337,189407700,14.56730747,189407700,1.120000005,155700,1.049999952,155700,3.266000032,735000,3.052400112,735000,31.43000031,6056700,28.95000076,6056700,24.90700912,9026600,21.93132973,9026600,30.37392044,24590800,27.03375053,24590800,7.090000153,21421000,5.699999809,21421000,1.649999976,5900,1.620000005,5900,10.93791485,163100,9.952606201,163100,6.764444351,428100,6.373333454,428100,45.09999847,1738900,42.18999863,1738900,31.07999992,1082600,23,1082600,18.59000015,7278900,16.79999924,7278900
5/6/2010 16:19,29.87999916,128613000,27.90999985,128613000,36.8928566,321465200,28.4642849,321465200,17.45192337,189407700,14.56730747,189407700,1.120000005,155700,1.049999952,155700,3.266000032,735000,3.052400112,735000,31.43000031,6056700,28.95000076,6056700,24.90700912,9026600,21.93132973,9026600,30.37392044,24590800,27.03375053,24590800,7.090000153,21421000,5.699999809,21421000,1.649999976,5900,1.620000005,5900,10.93791485,163100,9.952606201,163100,6.764444351,428100,6.373333454,428100,45.09999847,1738900,42.18999863,1738900,31.07999992,1082600,23,1082600,18.59000015,7278900,16.79999924,7278900
5/6/2010 16:20,29.87999916,128613000,27.90999985,128613000,36.8928566,321465200,28.4642849,321465200,17.45192337,189407700,14.56730747,189407700,1.120000005,155700,1.049999952,155700,3.266000032,735000,3.052400112,735000,31.43000031,6056700,28.95000076,6056700,24.90700912,9026600,21.93132973,9026600,30.37392044,24590800,27.03375053,24590800,7.090000153,21421000,5.699999809,21421000,1.649999976,5900,1.620000005,5900,10.93791485,163100,9.952606201,163100,6.764444351,428100,6.373333454,428100,45.09999847,1738900,42.18999863,1738900,31.07999992,1082600,23,1082600,18.59000015,7278900,16.79999924,7278900
5/6/2010 16:21,29.87999916,128613000,27.90999985,128613000,36.8928566,321465200,28.4642849,321465200,17.45192337,189407700,14.56730747,189407700,1.120000005,155700,1.049999952,155700,3.266000032,735000,3.052400112,735000,31.43000031,6056700,28.95000076,6056700,24.90700912,9026600,21.93132973,9026600,30.37392044,24590800,27.03375053,24590800,7.090000153,21421000,5.699999809,21421000,1.649999976,5900,1.620000005,5900,10.93791485,163100,9.952606201,163100,6.764444351,428100,6.373333454,428100,45.09999847,1738900,42.18999863,1738900,31.07999992,1082600,23,1082600,18.59000015,7278900,16.79999924,7278900
5/6/2010 16:22,29.87999916,128613000,27.90999985,128613000,36.8928566,321465200,28.4642849,321465200,17.45192337,189407700,14.56730747,189407700,1.120000005,155700,1.049999952,155700,3.266000032,735000,3.052400112,735000,31.43000031,6056700,28.95000076,6056700,24.90700912,9026600,21.93132973,9026600,30.37392044,24590800,27.03375053,24590800,7.090000153,21421000,5.699999809,21421000,1.649999976,5900,1.620000005,5900,10.93791485,163100,9.952606201,163100,6.764444351,428100,6.373333454,428100,45.09999847,1738900,42.18999863,1738900,31.07999992,1082600,23,1082600,18.59000015,7278900,16.79999924,7278900
5/6/2010 16:23,29.87999916,128613000,27.90999985,128613000,36.8928566,321465200,28.4642849,321465200,17.45192337,189407700,14.56730747,189407700,1.120000005,155700,1.049999952,155700,3.266000032,735000,3.052400112,735000,31.43000031,6056700,28.95000076,6056700,24.90700912,9026600,21.93132973,9026600,30.37392044,24590800,27.03375053,24590800,7.090000153,21421000,5.699999809,21421000,1.649999976,5900,1.620000005,5900,10.93791485,163100,9.952606201,163100,6.764444351,428100,6.373333454,428100,45.09999847,1738900,42.18999863,1738900,31.07999992,1082600,23,1082600,18.59000015,7278900,16.79999924,7278900
5/6/2010 16:24,29.87999916,128613000,27.90999985,128613000,36.8928566,321465200,28.4642849,321465200,17.45192337,189407700,14.56730747,189407700,1.120000005,155700,1.049999952,155700,3.266000032,735000,3.052400112,735000,31.43000031,6056700,28.95000076,6056700,24.90700912,9026600,21.93132973,9026600,30.37392044,24590800,27.03375053,24590800,7.090000153,21421000,5.699999809,21421000,1.649999976,5900,1.620000005,5900,10.93791485,163100,9.952606201,163100,6.764444351,428100,6.373333454,428100,45.09999847,1738900,42.18999863,1738900,31.07999992,1082600,23,1082600,18.59000015,7278900,16.79999924,7278900
5/6/2010 16:25,29.87999916,128613000,27.90999985,128613000,36.8928566,321465200,28.4642849,321465200,17.45192337,189407700,14.56730747,189407700,1.120000005,155700,1.049999952,155700,3.266000032,735000,3.052400112,735000,31.43000031,6056700,28.95000076,6056700,24.90700912,9026600,21.93132973,9026600,30.37392044,24590800,27.03375053,24590800,7.090000153,21421000,5.699999809,21421000,1.649999976,5900,1.620000005,5900,10.93791485,163100,9.952606201,163100,6.764444351,428100,6.373333454,428100,45.09999847,1738900,42.18999863,1738900,31.07999992,1082600,23,1082600,18.59000015,7278900,16.79999924,7278900
5/6/2010 16:26,29.87999916,128613000,27.90999985,128613000,36.8928566,321465200,28.4642849,321465200,17.45192337,189407700,14.56730747,189407700,1.120000005,155700,1.049999952,155700,3.266000032,735000,3.052400112,735000,31.43000031,6056700,28.95000076,6056700,24.90700912,9026600,21.93132973,9026600,30.37392044,24590800,27.03375053,24590800,7.090000153,21421000,5.699999809,21421000,1.649999976,5900,1.620000005,5900,10.93791485,163100,9.952606201,163100,6.764444351,428100,6.373333454,428100,45.09999847,1738900,42.18999863,1738900,31.07999992,1082600,23,1082600,18.59000015,7278900,16.79999924,7278900
5/6/2010 16:27,29.87999916,128613000,27.90999985,128613000,36.8928566,321465200,28.4642849,321465200,17.45192337,189407700,14.56730747,189407700,1.120000005,155700,1.049999952,155700,3.266000032,735000,3.052400112,735000,31.43000031,6056700,28.95000076,6056700,24.90700912,9026600,21.93132973,9026600,30.37392044,24590800,27.03375053,24590800,7.090000153,21421000,5.699999809,21421000,1.649999976,5900,1.620000005,5900,10.93791485,163100,9.952606201,163100,6.764444351,428100,6.373333454,428100,45.09999847,1738900,42.18999863,1738900,31.07999992,1082600,23,1082600,18.59000015,7278900,16.79999924,7278900
5/6/2010 16:28,29.87999916,128613000,27.90999985,128613000,36.8928566,321465200,28.4642849,321465200,17.45192337,189407700,14.56730747,189407700,1.120000005,155700,1.049999952,155700,3.266000032,735000,3.052400112,735000,31.43000031,6056700,28.95000076,6056700,24.90700912,9026600,21.93132973,9026600,30.37392044,24590800,27.03375053,24590800,7.090000153,21421000,5.699999809,21421000,1.649999976,5900,1.620000005,5900,10.93791485,163100,9.952606201,163100,6.764444351,428100,6.373333454,428100,45.09999847,1738900,42.18999863,1738900,31.07999992,1082600,23,1082600,18.59000015,7278900,16.79999924,7278900
5/6/2010 16:29,29.87999916,128613000,27.90999985,128613000,36.8928566,321465200,28.4642849,321465200,17.45192337,189407700,14.56730747,189407700,1.120000005,155700,1.049999952,155700,3.266000032,735000,3.052400112,735000,31.43000031,6056700,28.95000076,6056700,24.90700912,9026600,21.93132973,9026600,30.37392044,24590800,27.03375053,24590800,7.090000153,21421000,5.699999809,21421000,1.649999976,5900,1.620000005,5900,10.93791485,163100,9.952606201,163100,6.764444351,428100,6.373333454,428100,45.09999847,1738900,42.18999863,1738900,31.07999992,1082600,23,1082600,18.59000015,7278900,16.79999924,7278900
5/6/2010 16:30,29.87999916,128613000,27.90999985,128613000,36.8928566,321465200,28.4642849,321465200,17.45192337,189407700,14.56730747,189407700,1.120000005,155700,1.049999952,155700,3.266000032,735000,3.052400112,735000,31.43000031,6056700,28.95000076,6056700,24.90700912,9026600,21.93132973,9026600,30.37392044,24590800,27.03375053,24590800,7.090000153,21421000,5.699999809,21421000,1.649999976,5900,1.620000005,5900,10.93791485,163100,9.952606201,163100,6.764444351,428100,6.373333454,428100,45.09999847,1738900,42.18999863,1738900,31.07999992,1082600,23,1082600,18.59000015,7278900,16.79999924,7278900
5/6/2010 16:31,29.87999916,128613000,27.90999985,128613000,36.8928566,321465200,28.4642849,321465200,17.45192337,189407700,14.56730747,189407700,1.120000005,155700,1.049999952,155700,3.266000032,735000,3.052400112,735000,31.43000031,6056700,28.95000076,6056700,24.90700912,9026600,21.93132973,9026600,30.37392044,24590800,27.03375053,24590800,7.090000153,21421000,5.699999809,21421000,1.649999976,5900,1.620000005,5900,10.93791485,163100,9.952606201,163100,6.764444351,428100,6.373333454,428100,45.09999847,1738900,42.18999863,1738900,31.07999992,1082600,23,1082600,18.59000015,7278900,16.79999924,7278900
5/6/2010 16:32,29.87999916,128613000,27.90999985,128613000,36.8928566,321465200,28.4642849,321465200,17.45192337,189407700,14.56730747,189407700,1.120000005,155700,1.049999952,155700,3.266000032,735000,3.052400112,735000,31.43000031,6056700,28.95000076,6056700,24.90700912,9026600,21.93132973,9026600,30.37392044,24590800,27.03375053,24590800,7.090000153,21421000,5.699999809,21421000,1.649999976,5900,1.620000005,5900,10.93791485,163100,9.952606201,163100,6.764444351,428100,6.373333454,428100,45.09999847,1738900,42.18999863,1738900,31.07999992,1082600,23,1082600,18.59000015,7278900,16.79999924,7278900
5/6/2010 16:33,29.87999916,128613000,27.90999985,128613000,36.8928566,321465200,28.4642849,321465200,17.45192337,189407700,14.56730747,189407700,1.120000005,155700,1.049999952,155700,3.266000032,735000,3.052400112,735000,31.43000031,6056700,28.95000076,6056700,24.90700912,9026600,21.93132973,9026600,30.37392044,24590800,27.03375053,24590800,7.090000153,21421000,5.699999809,21421000,1.649999976,5900,1.620000005,5900,10.93791485,163100,9.952606201,163100,6.764444351,428100,6.373333454,428100,45.09999847,1738900,42.18999863,1738900,31.07999992,1082600,23,1082600,18.59000015,7278900,16.79999924,7278900
5/6/2010 16:34,29.87999916,128613000,27.90999985,128613000,36.8928566,321465200,28.4642849,321465200,17.45192337,189407700,14.56730747,189407700,1.120000005,155700,1.049999952,155700,3.266000032,735000,3.052400112,735000,31.43000031,6056700,28.95000076,6056700,24.90700912,9026600,21.93132973,9026600,30.37392044,24590800,27.03375053,24590800,7.090000153,21421000,5.699999809,21421000,1.649999976,5900,1.620000005,5900,10.93791485,163100,9.952606201,163100,6.764444351,428100,6.373333454,428100,45.09999847,1738900,42.18999863,1738900,31.07999992,1082600,23,1082600,18.59000015,7278900,16.79999924,7278900
5/6/2010 16:35,29.87999916,128613000,27.90999985,128613000,36.8928566,321465200,28.4642849,321465200,17.45192337,189407700,14.56730747,189407700,1.120000005,155700,1.049999952,155700,3.266000032,735000,3.052400112,735000,31.43000031,6056700,28.95000076,6056700,24.90700912,9026600,21.93132973,9026600,30.37392044,24590800,27.03375053,24590800,7.090000153,21421000,5.699999809,21421000,1.649999976,5900,1.620000005,5900,10.93791485,163100,9.952606201,163100,6.764444351,428100,6.373333454,428100,45.09999847,1738900,42.18999863,1738900,31.07999992,1082600,23,1082600,18.59000015,7278900,16.79999924,7278900
5/6/2010 16:36,29.87999916,128613000,27.90999985,128613000,36.8928566,321465200,28.4642849,321465200,17.45192337,189407700,14.56730747,189407700,1.120000005,155700,1.049999952,155700,3.266000032,735000,3.052400112,735000,31.43000031,6056700,28.95000076,6056700,24.90700912,9026600,21.93132973,9026600,30.37392044,24590800,27.03375053,24590800,7.090000153,21421000,5.699999809,21421000,1.649999976,5900,1.620000005,5900,10.93791485,163100,9.952606201,163100,6.764444351,428100,6.373333454,428100,45.09999847,1738900,42.18999863,1738900,31.07999992,1082600,23,1082600,18.59000015,7278900,16.79999924,7278900
5/6/2010 16:37,29.87999916,128613000,27.90999985,128613000,36.8928566,321465200,28.4642849,321465200,17.45192337,189407700,14.56730747,189407700,1.120000005,155700,1.049999952,155700,3.266000032,735000,3.052400112,735000,31.43000031,6056700,28.95000076,6056700,24.90700912,9026600,21.93132973,9026600,30.37392044,24590800,27.03375053,24590800,7.090000153,21421000,5.699999809,21421000,1.649999976,5900,1.620000005,5900,10.93791485,163100,9.952606201,163100,6.764444351,428100,6.373333454,428100,45.09999847,1738900,42.18999863,1738900,31.07999992,1082600,23,1082600,18.59000015,7278900,16.79999924,7278900
5/6/2010 16:38,29.87999916,128613000,27.90999985,128613000,36.8928566,321465200,28.4642849,321465200,17.45192337,189407700,14.56730747,189407700,1.120000005,155700,1.049999952,155700,3.266000032,735000,3.052400112,735000,31.43000031,6056700,28.95000076,6056700,24.90700912,9026600,21.93132973,9026600,30.37392044,24590800,27.03375053,24590800,7.090000153,21421000,5.699999809,21421000,1.649999976,5900,1.620000005,5900,10.93791485,163100,9.952606201,163100,6.764444351,428100,6.373333454,428100,45.09999847,1738900,42.18999863,1738900,31.07999992,1082600,23,1082600,18.59000015,7278900,16.79999924,7278900
5/6/2010 16:39,29.87999916,128613000,27.90999985,128613000,36.8928566,321465200,28.4642849,321465200,17.45192337,189407700,14.56730747,189407700,1.120000005,155700,1.049999952,155700,3.266000032,735000,3.052400112,735000,31.43000031,6056700,28.95000076,6056700,24.90700912,9026600,21.93132973,9026600,30.37392044,24590800,27.03375053,24590800,7.090000153,21421000,5.699999809,21421000,1.649999976,5900,1.620000005,5900,10.93791485,163100,9.952606201,163100,6.764444351,428100,6.373333454,428100,45.09999847,1738900,42.18999863,1738900,31.07999992,1082600,23,1082600,18.59000015,7278900,16.79999924,7278900
5/6/2010 16:40,29.87999916,128613000,27.90999985,128613000,36.8928566,321465200,28.4642849,321465200,17.45192337,189407700,14.56730747,189407700,1.120000005,155700,1.049999952,155700,3.266000032,735000,3.052400112,735000,31.43000031,6056700,28.95000076,6056700,24.90700912,9026600,21.93132973,9026600,30.37392044,24590800,27.03375053,24590800,7.090000153,21421000,5.699999809,21421000,1.649999976,5900,1.620000005,5900,10.93791485,163100,9.952606201,163100,6.764444351,428100,6.373333454,428100,45.09999847,1738900,42.18999863,1738900,31.07999992,1082600,23,1082600,18.59000015,7278900,16.79999924,7278900
5/6/2010 16:41,29.87999916,128613000,27.90999985,128613000,36.8928566,321465200,28.4642849,321465200,17.45192337,189407700,14.56730747,189407700,1.120000005,155700,1.049999952,155700,3.266000032,735000,3.052400112,735000,31.43000031,6056700,28.95000076,6056700,24.90700912,9026600,21.93132973,9026600,30.37392044,24590800,27.03375053,24590800,7.090000153,21421000,5.699999809,21421000,1.649999976,5900,1.620000005,5900,10.93791485,163100,9.952606201,163100,6.764444351,428100,6.373333454,428100,45.09999847,1738900,42.18999863,1738900,31.07999992,1082600,23,1082600,18.59000015,7278900,16.79999924,7278900
5/6/2010 16:42,29.87999916,128613000,27.90999985,128613000,36.8928566,321465200,28.4642849,321465200,17.45192337,189407700,14.56730747,189407700,1.120000005,155700,1.049999952,155700,3.266000032,735000,3.052400112,735000,31.43000031,6056700,28.95000076,6056700,24.90700912,9026600,21.93132973,9026600,30.37392044,24590800,27.03375053,24590800,7.090000153,21421000,5.699999809,21421000,1.649999976,5900,1.620000005,5900,10.93791485,163100,9.952606201,163100,6.764444351,428100,6.373333454,428100,45.09999847,1738900,42.18999863,1738900,31.07999992,1082600,23,1082600,18.59000015,7278900,16.79999924,7278900
5/6/2010 16:43,29.87999916,128613000,27.90999985,128613000,36.8928566,321465200,28.4642849,321465200,17.45192337,189407700,14.56730747,189407700,1.120000005,155700,1.049999952,155700,3.266000032,735000,3.052400112,735000,31.43000031,6056700,28.95000076,6056700,24.90700912,9026600,21.93132973,9026600,30.37392044,24590800,27.03375053,24590800,7.090000153,21421000,5.699999809,21421000,1.649999976,5900,1.620000005,5900,10.93791485,163100,9.952606201,163100,6.764444351,428100,6.373333454,428100,45.09999847,1738900,42.18999863,1738900,31.07999992,1082600,23,1082600,18.59000015,7278900,16.79999924,7278900
5/6/2010 16:44,29.87999916,128613000,27.90999985,128613000,36.8928566,321465200,28.4642849,321465200,17.45192337,189407700,14.56730747,189407700,1.120000005,155700,1.049999952,155700,3.266000032,735000,3.052400112,735000,31.43000031,6056700,28.95000076,6056700,24.90700912,9026600,21.93132973,9026600,30.37392044,24590800,27.03375053,24590800,7.090000153,21421000,5.699999809,21421000,1.649999976,5900,1.620000005,5900,10.93791485,163100,9.952606201,163100,6.764444351,428100,6.373333454,428100,45.09999847,1738900,42.18999863,1738900,31.07999992,1082600,23,1082600,18.59000015,7278900,16.79999924,7278900
5/6/2010 16:45,29.87999916,128613000,27.90999985,128613000,36.8928566,321465200,28.4642849,321465200,17.45192337,189407700,14.56730747,189407700,1.120000005,155700,1.049999952,155700,3.266000032,735000,3.052400112,735000,31.43000031,6056700,28.95000076,6056700,24.90700912,9026600,21.93132973,9026600,30.37392044,24590800,27.03375053,24590800,7.090000153,21421000,5.699999809,21421000,1.649999976,5900,1.620000005,5900,10.93791485,163100,9.952606201,163100,6.764444351,428100,6.373333454,428100,45.09999847,1738900,42.18999863,1738900,31.07999992,1082600,23,1082600,18.59000015,7278900,16.79999924,7278900
5/6/2010 16:46,29.87999916,128613000,27.90999985,128613000,36.8928566,321465200,28.4642849,321465200,17.45192337,189407700,14.56730747,189407700,1.120000005,155700,1.049999952,155700,3.266000032,735000,3.052400112,735000,31.43000031,6056700,28.95000076,6056700,24.90700912,9026600,21.93132973,9026600,30.37392044,24590800,27.03375053,24590800,7.090000153,21421000,5.699999809,21421000,1.649999976,5900,1.620000005,5900,10.93791485,163100,9.952606201,163100,6.764444351,428100,6.373333454,428100,45.09999847,1738900,42.18999863,1738900,31.07999992,1082600,23,1082600,18.59000015,7278900,16.79999924,7278900
5/6/2010 16:47,29.87999916,128613000,27.90999985,128613000,36.8928566,321465200,28.4642849,321465200,17.45192337,189407700,14.56730747,189407700,1.120000005,155700,1.049999952,155700,3.266000032,735000,3.052400112,735000,31.43000031,6056700,28.95000076,6056700,24.90700912,9026600,21.93132973,9026600,30.37392044,24590800,27.03375053,24590800,7.090000153,21421000,5.699999809,21421000,1.649999976,5900,1.620000005,5900,10.93791485,163100,9.952606201,163100,6.764444351,428100,6.373333454,428100,45.09999847,1738900,42.18999863,1738900,31.07999992,1082600,23,1082600,18.59000015,7278900,16.79999924,7278900
5/6/2010 16:48,29.87999916,128613000,27.90999985,128613000,36.8928566,321465200,28.4642849,321465200,17.45192337,189407700,14.56730747,189407700,1.120000005,155700,1.049999952,155700,3.266000032,735000,3.052400112,735000,31.43000031,6056700,28.95000076,6056700,24.90700912,9026600,21.93132973,9026600,30.37392044,24590800,27.03375053,24590800,7.090000153,21421000,5.699999809,21421000,1.649999976,5900,1.620000005,5900,10.93791485,163100,9.952606201,163100,6.764444351,428100,6.373333454,428100,45.09999847,1738900,42.18999863,1738900,31.07999992,1082600,23,1082600,18.59000015,7278900,16.79999924,7278900
5/6/2010 16:49,29.87999916,128613000,27.90999985,128613000,36.8928566,321465200,28.4642849,321465200,17.45192337,189407700,14.56730747,189407700,1.120000005,155700,1.049999952,155700,3.266000032,735000,3.052400112,735000,31.43000031,6056700,28.95000076,6056700,24.90700912,9026600,21.93132973,9026600,30.37392044,24590800,27.03375053,24590800,7.090000153,21421000,5.699999809,21421000,1.649999976,5900,1.620000005,5900,10.93791485,163100,9.952606201,163100,6.764444351,428100,6.373333454,428100,45.09999847,1738900,42.18999863,1738900,31.07999992,1082600,23,1082600,18.59000015,7278900,16.79999924,7278900
5/6/2010 16:50,29.87999916,128613000,27.90999985,128613000,36.8928566,321465200,28.4642849,321465200,17.45192337,189407700,14.56730747,189407700,1.120000005,155700,1.049999952,155700,3.266000032,735000,3.052400112,735000,31.43000031,6056700,28.95000076,6056700,24.90700912,9026600,21.93132973,9026600,30.37392044,24590800,27.03375053,24590800,7.090000153,21421000,5.699999809,21421000,1.649999976,5900,1.620000005,5900,10.93791485,163100,9.952606201,163100,6.764444351,428100,6.373333454,428100,45.09999847,1738900,42.18999863,1738900,31.07999992,1082600,23,1082600,18.59000015,7278900,16.79999924,7278900
5/6/2010 16:51,29.87999916,128613000,27.90999985,128613000,36.8928566,321465200,28.4642849,321465200,17.45192337,189407700,14.56730747,189407700,1.120000005,155700,1.049999952,155700,3.266000032,735000,3.052400112,735000,31.43000031,6056700,28.95000076,6056700,24.90700912,9026600,21.93132973,9026600,30.37392044,24590800,27.03375053,24590800,7.090000153,21421000,5.699999809,21421000,1.649999976,5900,1.620000005,5900,10.93791485,163100,9.952606201,163100,6.764444351,428100,6.373333454,428100,45.09999847,1738900,42.18999863,1738900,31.07999992,1082600,23,1082600,18.59000015,7278900,16.79999924,7278900
5/6/2010 16:52,29.87999916,128613000,27.90999985,128613000,36.8928566,321465200,28.4642849,321465200,17.45192337,189407700,14.56730747,189407700,1.120000005,155700,1.049999952,155700,3.266000032,735000,3.052400112,735000,31.43000031,6056700,28.95000076,6056700,24.90700912,9026600,21.93132973,9026600,30.37392044,24590800,27.03375053,24590800,7.090000153,21421000,5.699999809,21421000,1.649999976,5900,1.620000005,5900,10.93791485,163100,9.952606201,163100,6.764444351,428100,6.373333454,428100,45.09999847,1738900,42.18999863,1738900,31.07999992,1082600,23,1082600,18.59000015,7278900,16.79999924,7278900
5/6/2010 16:53,29.87999916,128613000,27.90999985,128613000,36.8928566,321465200,28.4642849,321465200,17.45192337,189407700,14.56730747,189407700,1.120000005,155700,1.049999952,155700,3.266000032,735000,3.052400112,735000,31.43000031,6056700,28.95000076,6056700,24.90700912,9026600,21.93132973,9026600,30.37392044,24590800,27.03375053,24590800,7.090000153,21421000,5.699999809,21421000,1.649999976,5900,1.620000005,5900,10.93791485,163100,9.952606201,163100,6.764444351,428100,6.373333454,428100,45.09999847,1738900,42.18999863,1738900,31.07999992,1082600,23,1082600,18.59000015,7278900,16.79999924,7278900
5/6/2010 16:54,29.87999916,128613000,27.90999985,128613000,36.8928566,321465200,28.4642849,321465200,17.45192337,189407700,14.56730747,189407700,1.120000005,155700,1.049999952,155700,3.266000032,735000,3.052400112,735000,31.43000031,6056700,28.95000076,6056700,24.90700912,9026600,21.93132973,9026600,30.37392044,24590800,27.03375053,24590800,7.090000153,21421000,5.699999809,21421000,1.649999976,5900,1.620000005,5900,10.93791485,163100,9.952606201,163100,6.764444351,428100,6.373333454,428100,45.09999847,1738900,42.18999863,1738900,31.07999992,1082600,23,1082600,18.59000015,7278900,16.79999924,7278900
5/6/2010 16:55,29.87999916,128613000,27.90999985,128613000,36.8928566,321465200,28.4642849,321465200,17.45192337,189407700,14.56730747,189407700,1.120000005,155700,1.049999952,155700,3.266000032,735000,3.052400112,735000,31.43000031,6056700,28.95000076,6056700,24.90700912,9026600,21.93132973,9026600,30.37392044,24590800,27.03375053,24590800,7.090000153,21421000,5.699999809,21421000,1.649999976,5900,1.620000005,5900,10.93791485,163100,9.952606201,163100,6.764444351,428100,6.373333454,428100,45.09999847,1738900,42.18999863,1738900,31.07999992,1082600,23,1082600,18.59000015,7278900,16.79999924,7278900
5/6/2010 16:56,29.87999916,128613000,27.90999985,128613000,36.8928566,321465200,28.4642849,321465200,17.45192337,189407700,14.56730747,189407700,1.120000005,155700,1.049999952,155700,3.266000032,735000,3.052400112,735000,31.43000031,6056700,28.95000076,6056700,24.90700912,9026600,21.93132973,9026600,30.37392044,24590800,27.03375053,24590800,7.090000153,21421000,5.699999809,21421000,1.649999976,5900,1.620000005,5900,10.93791485,163100,9.952606201,163100,6.764444351,428100,6.373333454,428100,45.09999847,1738900,42.18999863,1738900,31.07999992,1082600,23,1082600,18.59000015,7278900,16.79999924,7278900
5/6/2010 16:57,29.87999916,128613000,27.90999985,128613000,36.8928566,321465200,28.4642849,321465200,17.45192337,189407700,14.56730747,189407700,1.120000005,155700,1.049999952,155700,3.266000032,735000,3.052400112,735000,31.43000031,6056700,28.95000076,6056700,24.90700912,9026600,21.93132973,9026600,30.37392044,24590800,27.03375053,24590800,7.090000153,21421000,5.699999809,21421000,1.649999976,5900,1.620000005,5900,10.93791485,163100,9.952606201,163100,6.764444351,428100,6.373333454,428100,45.09999847,1738900,42.18999863,1738900,31.07999992,1082600,23,1082600,18.59000015,7278900,16.79999924,7278900
5/6/2010 16:58,29.87999916,128613000,27.90999985,128613000,36.8928566,321465200,28.4642849,321465200,17.45192337,189407700,14.56730747,189407700,1.120000005,155700,1.049999952,155700,3.266000032,735000,3.052400112,735000,31.43000031,6056700,28.95000076,6056700,24.90700912,9026600,21.93132973,9026600,30.37392044,24590800,27.03375053,24590800,7.090000153,21421000,5.699999809,21421000,1.649999976,5900,1.620000005,5900,10.93791485,163100,9.952606201,163100,6.764444351,428100,6.373333454,428100,45.09999847,1738900,42.18999863,1738900,31.07999992,1082600,23,1082600,18.59000015,7278900,16.79999924,7278900
5/6/2010 16:59,29.87999916,128613000,27.90999985,128613000,36.8928566,321465200,28.4642849,321465200,17.45192337,189407700,14.56730747,189407700,1.120000005,155700,1.049999952,155700,3.266000032,735000,3.052400112,735000,31.43000031,6056700,28.95000076,6056700,24.90700912,9026600,21.93132973,9026600,30.37392044,24590800,27.03375053,24590800,7.090000153,21421000,5.699999809,21421000,1.649999976,5900,1.620000005,5900,10.93791485,163100,9.952606201,163100,6.764444351,428100,6.373333454,428100,45.09999847,1738900,42.18999863,1738900,31.07999992,1082600,23,1082600,18.59000015,7278900,16.79999924,7278900
5/6/2010 17:00,29.87999916,128613000,27.90999985,128613000,36.8928566,321465200,28.4642849,321465200,17.45192337,189407700,14.56730747,189407700,1.120000005,155700,1.049999952,155700,3.266000032,735000,3.052400112,735000,31.43000031,6056700,28.95000076,6056700,24.90700912,9026600,21.93132973,9026600,30.37392044,24590800,27.03375053,24590800,7.090000153,21421000,5.699999809,21421000,1.649999976,5900,1.620000005,5900,10.93791485,163100,9.952606201,163100,6.764444351,428100,6.373333454,428100,45.09999847,1738900,42.18999863,1738900,31.07999992,1082600,23,1082600,18.59000015,7278900,16.79999924,7278900
5/6/2010 17:01,29.87999916,128613000,27.90999985,128613000,36.8928566,321465200,28.4642849,321465200,17.45192337,189407700,14.56730747,189407700,1.120000005,155700,1.049999952,155700,3.266000032,735000,3.052400112,735000,31.43000031,6056700,28.95000076,6056700,24.90700912,9026600,21.93132973,9026600,30.37392044,24590800,27.03375053,24590800,7.090000153,21421000,5.699999809,21421000,1.649999976,5900,1.620000005,5900,10.93791485,163100,9.952606201,163100,6.764444351,428100,6.373333454,428100,45.09999847,1738900,42.18999863,1738900,31.07999992,1082600,23,1082600,18.59000015,7278900,16.79999924,7278900
5/6/2010 17:02,29.87999916,128613000,27.90999985,128613000,36.8928566,321465200,28.4642849,321465200,17.45192337,189407700,14.56730747,189407700,1.120000005,155700,1.049999952,155700,3.266000032,735000,3.052400112,735000,31.43000031,6056700,28.95000076,6056700,24.90700912,9026600,21.93132973,9026600,30.37392044,24590800,27.03375053,24590800,7.090000153,21421000,5.699999809,21421000,1.649999976,5900,1.620000005,5900,10.93791485,163100,9.952606201,163100,6.764444351,428100,6.373333454,428100,45.09999847,1738900,42.18999863,1738900,31.07999992,1082600,23,1082600,18.59000015,7278900,16.79999924,7278900
5/6/2010 17:03,29.87999916,128613000,27.90999985,128613000,36.8928566,321465200,28.4642849,321465200,17.45192337,189407700,14.56730747,189407700,1.120000005,155700,1.049999952,155700,3.266000032,735000,3.052400112,735000,31.43000031,6056700,28.95000076,6056700,24.90700912,9026600,21.93132973,9026600,30.37392044,24590800,27.03375053,24590800,7.090000153,21421000,5.699999809,21421000,1.649999976,5900,1.620000005,5900,10.93791485,163100,9.952606201,163100,6.764444351,428100,6.373333454,428100,45.09999847,1738900,42.18999863,1738900,31.07999992,1082600,23,1082600,18.59000015,7278900,16.79999924,7278900
5/6/2010 17:04,29.87999916,128613000,27.90999985,128613000,36.8928566,321465200,28.4642849,321465200,17.45192337,189407700,14.56730747,189407700,1.120000005,155700,1.049999952,155700,3.266000032,735000,3.052400112,735000,31.43000031,6056700,28.95000076,6056700,24.90700912,9026600,21.93132973,9026600,30.37392044,24590800,27.03375053,24590800,7.090000153,21421000,5.699999809,21421000,1.649999976,5900,1.620000005,5900,10.93791485,163100,9.952606201,163100,6.764444351,428100,6.373333454,428100,45.09999847,1738900,42.18999863,1738900,31.07999992,1082600,23,1082600,18.59000015,7278900,16.79999924,7278900
5/6/2010 17:05,29.87999916,128613000,27.90999985,128613000,36.8928566,321465200,28.4642849,321465200,17.45192337,189407700,14.56730747,189407700,1.120000005,155700,1.049999952,155700,3.266000032,735000,3.052400112,735000,31.43000031,6056700,28.95000076,6056700,24.90700912,9026600,21.93132973,9026600,30.37392044,24590800,27.03375053,24590800,7.090000153,21421000,5.699999809,21421000,1.649999976,5900,1.620000005,5900,10.93791485,163100,9.952606201,163100,6.764444351,428100,6.373333454,428100,45.09999847,1738900,42.18999863,1738900,31.07999992,1082600,23,1082600,18.59000015,7278900,16.79999924,7278900
5/6/2010 17:06,29.87999916,128613000,27.90999985,128613000,36.8928566,321465200,28.4642849,321465200,17.45192337,189407700,14.56730747,189407700,1.120000005,155700,1.049999952,155700,3.266000032,735000,3.052400112,735000,31.43000031,6056700,28.95000076,6056700,24.90700912,9026600,21.93132973,9026600,30.37392044,24590800,27.03375053,24590800,7.090000153,21421000,5.699999809,21421000,1.649999976,5900,1.620000005,5900,10.93791485,163100,9.952606201,163100,6.764444351,428100,6.373333454,428100,45.09999847,1738900,42.18999863,1738900,31.07999992,1082600,23,1082600,18.59000015,7278900,16.79999924,7278900
5/6/2010 17:07,29.87999916,128613000,27.90999985,128613000,36.8928566,321465200,28.4642849,321465200,17.45192337,189407700,14.56730747,189407700,1.120000005,155700,1.049999952,155700,3.266000032,735000,3.052400112,735000,31.43000031,6056700,28.95000076,6056700,24.90700912,9026600,21.93132973,9026600,30.37392044,24590800,27.03375053,24590800,7.090000153,21421000,5.699999809,21421000,1.649999976,5900,1.620000005,5900,10.93791485,163100,9.952606201,163100,6.764444351,428100,6.373333454,428100,45.09999847,1738900,42.18999863,1738900,31.07999992,1082600,23,1082600,18.59000015,7278900,16.79999924,7278900
5/6/2010 17:08,29.87999916,128613000,27.90999985,128613000,36.8928566,321465200,28.4642849,321465200,17.45192337,189407700,14.56730747,189407700,1.120000005,155700,1.049999952,155700,3.266000032,735000,3.052400112,735000,31.43000031,6056700,28.95000076,6056700,24.90700912,9026600,21.93132973,9026600,30.37392044,24590800,27.03375053,24590800,7.090000153,21421000,5.699999809,21421000,1.649999976,5900,1.620000005,5900,10.93791485,163100,9.952606201,163100,6.764444351,428100,6.373333454,428100,45.09999847,1738900,42.18999863,1738900,31.07999992,1082600,23,1082600,18.59000015,7278900,16.79999924,7278900
5/6/2010 17:09,29.87999916,128613000,27.90999985,128613000,36.8928566,321465200,28.4642849,321465200,17.45192337,189407700,14.56730747,189407700,1.120000005,155700,1.049999952,155700,3.266000032,735000,3.052400112,735000,31.43000031,6056700,28.95000076,6056700,24.90700912,9026600,21.93132973,9026600,30.37392044,24590800,27.03375053,24590800,7.090000153,21421000,5.699999809,21421000,1.649999976,5900,1.620000005,5900,10.93791485,163100,9.952606201,163100,6.764444351,428100,6.373333454,428100,45.09999847,1738900,42.18999863,1738900,31.07999992,1082600,23,1082600,18.59000015,7278900,16.79999924,7278900
5/6/2010 17:10,29.87999916,128613000,27.90999985,128613000,36.8928566,321465200,28.4642849,321465200,17.45192337,189407700,14.56730747,189407700,1.120000005,155700,1.049999952,155700,3.266000032,735000,3.052400112,735000,31.43000031,6056700,28.95000076,6056700,24.90700912,9026600,21.93132973,9026600,30.37392044,24590800,27.03375053,24590800,7.090000153,21421000,5.699999809,21421000,1.649999976,5900,1.620000005,5900,10.93791485,163100,9.952606201,163100,6.764444351,428100,6.373333454,428100,45.09999847,1738900,42.18999863,1738900,31.07999992,1082600,23,1082600,18.59000015,7278900,16.79999924,7278900
5/6/2010 17:11,29.87999916,128613000,27.90999985,128613000,36.8928566,321465200,28.4642849,321465200,17.45192337,189407700,14.56730747,189407700,1.120000005,155700,1.049999952,155700,3.266000032,735000,3.052400112,735000,31.43000031,6056700,28.95000076,6056700,24.90700912,9026600,21.93132973,9026600,30.37392044,24590800,27.03375053,24590800,7.090000153,21421000,5.699999809,21421000,1.649999976,5900,1.620000005,5900,10.93791485,163100,9.952606201,163100,6.764444351,428100,6.373333454,428100,45.09999847,1738900,42.18999863,1738900,31.07999992,1082600,23,1082600,18.59000015,7278900,16.79999924,7278900
5/6/2010 17:12,29.87999916,128613000,27.90999985,128613000,36.8928566,321465200,28.4642849,321465200,17.45192337,189407700,14.56730747,189407700,1.120000005,155700,1.049999952,155700,3.266000032,735000,3.052400112,735000,31.43000031,6056700,28.95000076,6056700,24.90700912,9026600,21.93132973,9026600,30.37392044,24590800,27.03375053,24590800,7.090000153,21421000,5.699999809,21421000,1.649999976,5900,1.620000005,5900,10.93791485,163100,9.952606201,163100,6.764444351,428100,6.373333454,428100,45.09999847,1738900,42.18999863,1738900,31.07999992,1082600,23,1082600,18.59000015,7278900,16.79999924,7278900
5/6/2010 17:13,29.87999916,128613000,27.90999985,128613000,36.8928566,321465200,28.4642849,321465200,17.45192337,189407700,14.56730747,189407700,1.120000005,155700,1.049999952,155700,3.266000032,735000,3.052400112,735000,31.43000031,6056700,28.95000076,6056700,24.90700912,9026600,21.93132973,9026600,30.37392044,24590800,27.03375053,24590800,7.090000153,21421000,5.699999809,21421000,1.649999976,5900,1.620000005,5900,10.93791485,163100,9.952606201,163100,6.764444351,428100,6.373333454,428100,45.09999847,1738900,42.18999863,1738900,31.07999992,1082600,23,1082600,18.59000015,7278900,16.79999924,7278900
5/6/2010 17:14,29.87999916,128613000,27.90999985,128613000,36.8928566,321465200,28.4642849,321465200,17.45192337,189407700,14.56730747,189407700,1.120000005,155700,1.049999952,155700,3.266000032,735000,3.052400112,735000,31.43000031,6056700,28.95000076,6056700,24.90700912,9026600,21.93132973,9026600,30.37392044,24590800,27.03375053,24590800,7.090000153,21421000,5.699999809,21421000,1.649999976,5900,1.620000005,5900,10.93791485,163100,9.952606201,163100,6.764444351,428100,6.373333454,428100,45.09999847,1738900,42.18999863,1738900,31.07999992,1082600,23,1082600,18.59000015,7278900,16.79999924,7278900
5/6/2010 17:15,29.87999916,128613000,27.90999985,128613000,36.8928566,321465200,28.4642849,321465200,17.45192337,189407700,14.56730747,189407700,1.120000005,155700,1.049999952,155700,3.266000032,735000,3.052400112,735000,31.43000031,6056700,28.95000076,6056700,24.90700912,9026600,21.93132973,9026600,30.37392044,24590800,27.03375053,24590800,7.090000153,21421000,5.699999809,21421000,1.649999976,5900,1.620000005,5900,10.93791485,163100,9.952606201,163100,6.764444351,428100,6.373333454,428100,45.09999847,1738900,42.18999863,1738900,31.07999992,1082600,23,1082600,18.59000015,7278900,16.79999924,7278900
5/6/2010 17:16,29.87999916,128613000,27.90999985,128613000,36.8928566,321465200,28.4642849,321465200,17.45192337,189407700,14.56730747,189407700,1.120000005,155700,1.049999952,155700,3.266000032,735000,3.052400112,735000,31.43000031,6056700,28.95000076,6056700,24.90700912,9026600,21.93132973,9026600,30.37392044,24590800,27.03375053,24590800,7.090000153,21421000,5.699999809,21421000,1.649999976,5900,1.620000005,5900,10.93791485,163100,9.952606201,163100,6.764444351,428100,6.373333454,428100,45.09999847,1738900,42.18999863,1738900,31.07999992,1082600,23,1082600,18.59000015,7278900,16.79999924,7278900
5/6/2010 17:17,29.87999916,128613000,27.90999985,128613000,36.8928566,321465200,28.4642849,321465200,17.45192337,189407700,14.56730747,189407700,1.120000005,155700,1.049999952,155700,3.266000032,735000,3.052400112,735000,31.43000031,6056700,28.95000076,6056700,24.90700912,9026600,21.93132973,9026600,30.37392044,24590800,27.03375053,24590800,7.090000153,21421000,5.699999809,21421000,1.649999976,5900,1.620000005,5900,10.93791485,163100,9.952606201,163100,6.764444351,428100,6.373333454,428100,45.09999847,1738900,42.18999863,1738900,31.07999992,1082600,23,1082600,18.59000015,7278900,16.79999924,7278900
5/6/2010 17:18,29.87999916,128613000,27.90999985,128613000,36.8928566,321465200,28.4642849,321465200,17.45192337,189407700,14.56730747,189407700,1.120000005,155700,1.049999952,155700,3.266000032,735000,3.052400112,735000,31.43000031,6056700,28.95000076,6056700,24.90700912,9026600,21.93132973,9026600,30.37392044,24590800,27.03375053,24590800,7.090000153,21421000,5.699999809,21421000,1.649999976,5900,1.620000005,5900,10.93791485,163100,9.952606201,163100,6.764444351,428100,6.373333454,428100,45.09999847,1738900,42.18999863,1738900,31.07999992,1082600,23,1082600,18.59000015,7278900,16.79999924,7278900
5/6/2010 17:19,29.87999916,128613000,27.90999985,128613000,36.8928566,321465200,28.4642849,321465200,17.45192337,189407700,14.56730747,189407700,1.120000005,155700,1.049999952,155700,3.266000032,735000,3.052400112,735000,31.43000031,6056700,28.95000076,6056700,24.90700912,9026600,21.93132973,9026600,30.37392044,24590800,27.03375053,24590800,7.090000153,21421000,5.699999809,21421000,1.649999976,5900,1.620000005,5900,10.93791485,163100,9.952606201,163100,6.764444351,428100,6.373333454,428100,45.09999847,1738900,42.18999863,1738900,31.07999992,1082600,23,1082600,18.59000015,7278900,16.79999924,7278900
5/6/2010 17:20,29.87999916,128613000,27.90999985,128613000,36.8928566,321465200,28.4642849,321465200,17.45192337,189407700,14.56730747,189407700,1.120000005,155700,1.049999952,155700,3.266000032,735000,3.052400112,735000,31.43000031,6056700,28.95000076,6056700,24.90700912,9026600,21.93132973,9026600,30.37392044,24590800,27.03375053,24590800,7.090000153,21421000,5.699999809,21421000,1.649999976,5900,1.620000005,5900,10.93791485,163100,9.952606201,163100,6.764444351,428100,6.373333454,428100,45.09999847,1738900,42.18999863,1738900,31.07999992,1082600,23,1082600,18.59000015,7278900,16.79999924,7278900
5/6/2010 17:21,29.87999916,128613000,27.90999985,128613000,36.8928566,321465200,28.4642849,321465200,17.45192337,189407700,14.56730747,189407700,1.120000005,155700,1.049999952,155700,3.266000032,735000,3.052400112,735000,31.43000031,6056700,28.95000076,6056700,24.90700912,9026600,21.93132973,9026600,30.37392044,24590800,27.03375053,24590800,7.090000153,21421000,5.699999809,21421000,1.649999976,5900,1.620000005,5900,10.93791485,163100,9.952606201,163100,6.764444351,428100,6.373333454,428100,45.09999847,1738900,42.18999863,1738900,31.07999992,1082600,23,1082600,18.59000015,7278900,16.79999924,7278900
5/6/2010 17:22,29.87999916,128613000,27.90999985,128613000,36.8928566,321465200,28.4642849,321465200,17.45192337,189407700,14.56730747,189407700,1.120000005,155700,1.049999952,155700,3.266000032,735000,3.052400112,735000,31.43000031,6056700,28.95000076,6056700,24.90700912,9026600,21.93132973,9026600,30.37392044,24590800,27.03375053,24590800,7.090000153,21421000,5.699999809,21421000,1.649999976,5900,1.620000005,5900,10.93791485,163100,9.952606201,163100,6.764444351,428100,6.373333454,428100,45.09999847,1738900,42.18999863,1738900,31.07999992,1082600,23,1082600,18.59000015,7278900,16.79999924,7278900
5/6/2010 17:23,29.87999916,128613000,27.90999985,128613000,36.8928566,321465200,28.4642849,321465200,17.45192337,189407700,14.56730747,189407700,1.120000005,155700,1.049999952,155700,3.266000032,735000,3.052400112,735000,31.43000031,6056700,28.95000076,6056700,24.90700912,9026600,21.93132973,9026600,30.37392044,24590800,27.03375053,24590800,7.090000153,21421000,5.699999809,21421000,1.649999976,5900,1.620000005,5900,10.93791485,163100,9.952606201,163100,6.764444351,428100,6.373333454,428100,45.09999847,1738900,42.18999863,1738900,31.07999992,1082600,23,1082600,18.59000015,7278900,16.79999924,7278900
5/6/2010 17:24,29.87999916,128613000,27.90999985,128613000,36.8928566,321465200,28.4642849,321465200,17.45192337,189407700,14.56730747,189407700,1.120000005,155700,1.049999952,155700,3.266000032,735000,3.052400112,735000,31.43000031,6056700,28.95000076,6056700,24.90700912,9026600,21.93132973,9026600,30.37392044,24590800,27.03375053,24590800,7.090000153,21421000,5.699999809,21421000,1.649999976,5900,1.620000005,5900,10.93791485,163100,9.952606201,163100,6.764444351,428100,6.373333454,428100,45.09999847,1738900,42.18999863,1738900,31.07999992,1082600,23,1082600,18.59000015,7278900,16.79999924,7278900
5/6/2010 17:25,29.87999916,128613000,27.90999985,128613000,36.8928566,321465200,28.4642849,321465200,17.45192337,189407700,14.56730747,189407700,1.120000005,155700,1.049999952,155700,3.266000032,735000,3.052400112,735000,31.43000031,6056700,28.95000076,6056700,24.90700912,9026600,21.93132973,9026600,30.37392044,24590800,27.03375053,24590800,7.090000153,21421000,5.699999809,21421000,1.649999976,5900,1.620000005,5900,10.93791485,163100,9.952606201,163100,6.764444351,428100,6.373333454,428100,45.09999847,1738900,42.18999863,1738900,31.07999992,1082600,23,1082600,18.59000015,7278900,16.79999924,7278900
5/6/2010 17:26,29.87999916,128613000,27.90999985,128613000,36.8928566,321465200,28.4642849,321465200,17.45192337,189407700,14.56730747,189407700,1.120000005,155700,1.049999952,155700,3.266000032,735000,3.052400112,735000,31.43000031,6056700,28.95000076,6056700,24.90700912,9026600,21.93132973,9026600,30.37392044,24590800,27.03375053,24590800,7.090000153,21421000,5.699999809,21421000,1.649999976,5900,1.620000005,5900,10.93791485,163100,9.952606201,163100,6.764444351,428100,6.373333454,428100,45.09999847,1738900,42.18999863,1738900,31.07999992,1082600,23,1082600,18.59000015,7278900,16.79999924,7278900
5/6/2010 17:27,29.87999916,128613000,27.90999985,128613000,36.8928566,321465200,28.4642849,321465200,17.45192337,189407700,14.56730747,189407700,1.120000005,155700,1.049999952,155700,3.266000032,735000,3.052400112,735000,31.43000031,6056700,28.95000076,6056700,24.90700912,9026600,21.93132973,9026600,30.37392044,24590800,27.03375053,24590800,7.090000153,21421000,5.699999809,21421000,1.649999976,5900,1.620000005,5900,10.93791485,163100,9.952606201,163100,6.764444351,428100,6.373333454,428100,45.09999847,1738900,42.18999863,1738900,31.07999992,1082600,23,1082600,18.59000015,7278900,16.79999924,7278900
5/6/2010 17:28,29.87999916,128613000,27.90999985,128613000,36.8928566,321465200,28.4642849,321465200,17.45192337,189407700,14.56730747,189407700,1.120000005,155700,1.049999952,155700,3.266000032,735000,3.052400112,735000,31.43000031,6056700,28.95000076,6056700,24.90700912,9026600,21.93132973,9026600,30.37392044,24590800,27.03375053,24590800,7.090000153,21421000,5.699999809,21421000,1.649999976,5900,1.620000005,5900,10.93791485,163100,9.952606201,163100,6.764444351,428100,6.373333454,428100,45.09999847,1738900,42.18999863,1738900,31.07999992,1082600,23,1082600,18.59000015,7278900,16.79999924,7278900
5/6/2010 17:29,29.87999916,128613000,27.90999985,128613000,36.8928566,321465200,28.4642849,321465200,17.45192337,189407700,14.56730747,189407700,1.120000005,155700,1.049999952,155700,3.266000032,735000,3.052400112,735000,31.43000031,6056700,28.95000076,6056700,24.90700912,9026600,21.93132973,9026600,30.37392044,24590800,27.03375053,24590800,7.090000153,21421000,5.699999809,21421000,1.649999976,5900,1.620000005,5900,10.93791485,163100,9.952606201,163100,6.764444351,428100,6.373333454,428100,45.09999847,1738900,42.18999863,1738900,31.07999992,1082600,23,1082600,18.59000015,7278900,16.79999924,7278900
5/6/2010 17:30,29.87999916,128613000,27.90999985,128613000,36.8928566,321465200,28.4642849,321465200,17.45192337,189407700,14.56730747,189407700,1.120000005,155700,1.049999952,155700,3.266000032,735000,3.052400112,735000,31.43000031,6056700,28.95000076,6056700,24.90700912,9026600,21.93132973,9026600,30.37392044,24590800,27.03375053,24590800,7.090000153,21421000,5.699999809,21421000,1.649999976,5900,1.620000005,5900,10.93791485,163100,9.952606201,163100,6.764444351,428100,6.373333454,428100,45.09999847,1738900,42.18999863,1738900,31.07999992,1082600,23,1082600,18.59000015,7278900,16.79999924,7278900
5/6/2010 17:31,29.87999916,128613000,27.90999985,128613000,36.8928566,321465200,28.4642849,321465200,17.45192337,189407700,14.56730747,189407700,1.120000005,155700,1.049999952,155700,3.266000032,735000,3.052400112,735000,31.43000031,6056700,28.95000076,6056700,24.90700912,9026600,21.93132973,9026600,30.37392044,24590800,27.03375053,24590800,7.090000153,21421000,5.699999809,21421000,1.649999976,5900,1.620000005,5900,10.93791485,163100,9.952606201,163100,6.764444351,428100,6.373333454,428100,45.09999847,1738900,42.18999863,1738900,31.07999992,1082600,23,1082600,18.59000015,7278900,16.79999924,7278900
5/6/2010 17:32,29.87999916,128613000,27.90999985,128613000,36.8928566,321465200,28.4642849,321465200,17.45192337,189407700,14.56730747,189407700,1.120000005,155700,1.049999952,155700,3.266000032,735000,3.052400112,735000,31.43000031,6056700,28.95000076,6056700,24.90700912,9026600,21.93132973,9026600,30.37392044,24590800,27.03375053,24590800,7.090000153,21421000,5.699999809,21421000,1.649999976,5900,1.620000005,5900,10.93791485,163100,9.952606201,163100,6.764444351,428100,6.373333454,428100,45.09999847,1738900,42.18999863,1738900,31.07999992,1082600,23,1082600,18.59000015,7278900,16.79999924,7278900
5/6/2010 17:33,29.87999916,128613000,27.90999985,128613000,36.8928566,321465200,28.4642849,321465200,17.45192337,189407700,14.56730747,189407700,1.120000005,155700,1.049999952,155700,3.266000032,735000,3.052400112,735000,31.43000031,6056700,28.95000076,6056700,24.90700912,9026600,21.93132973,9026600,30.37392044,24590800,27.03375053,24590800,7.090000153,21421000,5.699999809,21421000,1.649999976,5900,1.620000005,5900,10.93791485,163100,9.952606201,163100,6.764444351,428100,6.373333454,428100,45.09999847,1738900,42.18999863,1738900,31.07999992,1082600,23,1082600,18.59000015,7278900,16.79999924,7278900
5/6/2010 17:34,29.87999916,128613000,27.90999985,128613000,36.8928566,321465200,28.4642849,321465200,17.45192337,189407700,14.56730747,189407700,1.120000005,155700,1.049999952,155700,3.266000032,735000,3.052400112,735000,31.43000031,6056700,28.95000076,6056700,24.90700912,9026600,21.93132973,9026600,30.37392044,24590800,27.03375053,24590800,7.090000153,21421000,5.699999809,21421000,1.649999976,5900,1.620000005,5900,10.93791485,163100,9.952606201,163100,6.764444351,428100,6.373333454,428100,45.09999847,1738900,42.18999863,1738900,31.07999992,1082600,23,1082600,18.59000015,7278900,16.79999924,7278900
5/6/2010 17:35,29.87999916,128613000,27.90999985,128613000,36.8928566,321465200,28.4642849,321465200,17.45192337,189407700,14.56730747,189407700,1.120000005,155700,1.049999952,155700,3.266000032,735000,3.052400112,735000,31.43000031,6056700,28.95000076,6056700,24.90700912,9026600,21.93132973,9026600,30.37392044,24590800,27.03375053,24590800,7.090000153,21421000,5.699999809,21421000,1.649999976,5900,1.620000005,5900,10.93791485,163100,9.952606201,163100,6.764444351,428100,6.373333454,428100,45.09999847,1738900,42.18999863,1738900,31.07999992,1082600,23,1082600,18.59000015,7278900,16.79999924,7278900
5/6/2010 17:36,29.87999916,128613000,27.90999985,128613000,36.8928566,321465200,28.4642849,321465200,17.45192337,189407700,14.56730747,189407700,1.120000005,155700,1.049999952,155700,3.266000032,735000,3.052400112,735000,31.43000031,6056700,28.95000076,6056700,24.90700912,9026600,21.93132973,9026600,30.37392044,24590800,27.03375053,24590800,7.090000153,21421000,5.699999809,21421000,1.649999976,5900,1.620000005,5900,10.93791485,163100,9.952606201,163100,6.764444351,428100,6.373333454,428100,45.09999847,1738900,42.18999863,1738900,31.07999992,1082600,23,1082600,18.59000015,7278900,16.79999924,7278900
5/6/2010 17:37,29.87999916,128613000,27.90999985,128613000,36.8928566,321465200,28.4642849,321465200,17.45192337,189407700,14.56730747,189407700,1.120000005,155700,1.049999952,155700,3.266000032,735000,3.052400112,735000,31.43000031,6056700,28.95000076,6056700,24.90700912,9026600,21.93132973,9026600,30.37392044,24590800,27.03375053,24590800,7.090000153,21421000,5.699999809,21421000,1.649999976,5900,1.620000005,5900,10.93791485,163100,9.952606201,163100,6.764444351,428100,6.373333454,428100,45.09999847,1738900,42.18999863,1738900,31.07999992,1082600,23,1082600,18.59000015,7278900,16.79999924,7278900
5/6/2010 17:38,29.87999916,128613000,27.90999985,128613000,36.8928566,321465200,28.4642849,321465200,17.45192337,189407700,14.56730747,189407700,1.120000005,155700,1.049999952,155700,3.266000032,735000,3.052400112,735000,31.43000031,6056700,28.95000076,6056700,24.90700912,9026600,21.93132973,9026600,30.37392044,24590800,27.03375053,24590800,7.090000153,21421000,5.699999809,21421000,1.649999976,5900,1.620000005,5900,10.93791485,163100,9.952606201,163100,6.764444351,428100,6.373333454,428100,45.09999847,1738900,42.18999863,1738900,31.07999992,1082600,23,1082600,18.59000015,7278900,16.79999924,7278900
5/6/2010 17:39,29.87999916,128613000,27.90999985,128613000,36.8928566,321465200,28.4642849,321465200,17.45192337,189407700,14.56730747,189407700,1.120000005,155700,1.049999952,155700,3.266000032,735000,3.052400112,735000,31.43000031,6056700,28.95000076,6056700,24.90700912,9026600,21.93132973,9026600,30.37392044,24590800,27.03375053,24590800,7.090000153,21421000,5.699999809,21421000,1.649999976,5900,1.620000005,5900,10.93791485,163100,9.952606201,163100,6.764444351,428100,6.373333454,428100,45.09999847,1738900,42.18999863,1738900,31.07999992,1082600,23,1082600,18.59000015,7278900,16.79999924,7278900
5/6/2010 17:40,29.87999916,128613000,27.90999985,128613000,36.8928566,321465200,28.4642849,321465200,17.45192337,189407700,14.56730747,189407700,1.120000005,155700,1.049999952,155700,3.266000032,735000,3.052400112,735000,31.43000031,6056700,28.95000076,6056700,24.90700912,9026600,21.93132973,9026600,30.37392044,24590800,27.03375053,24590800,7.090000153,21421000,5.699999809,21421000,1.649999976,5900,1.620000005,5900,10.93791485,163100,9.952606201,163100,6.764444351,428100,6.373333454,428100,45.09999847,1738900,42.18999863,1738900,31.07999992,1082600,23,1082600,18.59000015,7278900,16.79999924,7278900
5/6/2010 17:41,29.87999916,128613000,27.90999985,128613000,36.8928566,321465200,28.4642849,321465200,17.45192337,189407700,14.56730747,189407700,1.120000005,155700,1.049999952,155700,3.266000032,735000,3.052400112,735000,31.43000031,6056700,28.95000076,6056700,24.90700912,9026600,21.93132973,9026600,30.37392044,24590800,27.03375053,24590800,7.090000153,21421000,5.699999809,21421000,1.649999976,5900,1.620000005,5900,10.93791485,163100,9.952606201,163100,6.764444351,428100,6.373333454,428100,45.09999847,1738900,42.18999863,1738900,31.07999992,1082600,23,1082600,18.59000015,7278900,16.79999924,7278900
5/6/2010 17:42,29.87999916,128613000,27.90999985,128613000,36.8928566,321465200,28.4642849,321465200,17.45192337,189407700,14.56730747,189407700,1.120000005,155700,1.049999952,155700,3.266000032,735000,3.052400112,735000,31.43000031,6056700,28.95000076,6056700,24.90700912,9026600,21.93132973,9026600,30.37392044,24590800,27.03375053,24590800,7.090000153,21421000,5.699999809,21421000,1.649999976,5900,1.620000005,5900,10.93791485,163100,9.952606201,163100,6.764444351,428100,6.373333454,428100,45.09999847,1738900,42.18999863,1738900,31.07999992,1082600,23,1082600,18.59000015,7278900,16.79999924,7278900
5/6/2010 17:43,29.87999916,128613000,27.90999985,128613000,36.8928566,321465200,28.4642849,321465200,17.45192337,189407700,14.56730747,189407700,1.120000005,155700,1.049999952,155700,3.266000032,735000,3.052400112,735000,31.43000031,6056700,28.95000076,6056700,24.90700912,9026600,21.93132973,9026600,30.37392044,24590800,27.03375053,24590800,7.090000153,21421000,5.699999809,21421000,1.649999976,5900,1.620000005,5900,10.93791485,163100,9.952606201,163100,6.764444351,428100,6.373333454,428100,45.09999847,1738900,42.18999863,1738900,31.07999992,1082600,23,1082600,18.59000015,7278900,16.79999924,7278900
5/6/2010 17:44,29.87999916,128613000,27.90999985,128613000,36.8928566,321465200,28.4642849,321465200,17.45192337,189407700,14.56730747,189407700,1.120000005,155700,1.049999952,155700,3.266000032,735000,3.052400112,735000,31.43000031,6056700,28.95000076,6056700,24.90700912,9026600,21.93132973,9026600,30.37392044,24590800,27.03375053,24590800,7.090000153,21421000,5.699999809,21421000,1.649999976,5900,1.620000005,5900,10.93791485,163100,9.952606201,163100,6.764444351,428100,6.373333454,428100,45.09999847,1738900,42.18999863,1738900,31.07999992,1082600,23,1082600,18.59000015,7278900,16.79999924,7278900
5/6/2010 17:45,29.87999916,128613000,27.90999985,128613000,36.8928566,321465200,28.4642849,321465200,17.45192337,189407700,14.56730747,189407700,1.120000005,155700,1.049999952,155700,3.266000032,735000,3.052400112,735000,31.43000031,6056700,28.95000076,6056700,24.90700912,9026600,21.93132973,9026600,30.37392044,24590800,27.03375053,24590800,7.090000153,21421000,5.699999809,21421000,1.649999976,5900,1.620000005,5900,10.93791485,163100,9.952606201,163100,6.764444351,428100,6.373333454,428100,45.09999847,1738900,42.18999863,1738900,31.07999992,1082600,23,1082600,18.59000015,7278900,16.79999924,7278900
5/6/2010 17:46,29.87999916,128613000,27.90999985,128613000,36.8928566,321465200,28.4642849,321465200,17.45192337,189407700,14.56730747,189407700,1.120000005,155700,1.049999952,155700,3.266000032,735000,3.052400112,735000,31.43000031,6056700,28.95000076,6056700,24.90700912,9026600,21.93132973,9026600,30.37392044,24590800,27.03375053,24590800,7.090000153,21421000,5.699999809,21421000,1.649999976,5900,1.620000005,5900,10.93791485,163100,9.952606201,163100,6.764444351,428100,6.373333454,428100,45.09999847,1738900,42.18999863,1738900,31.07999992,1082600,23,1082600,18.59000015,7278900,16.79999924,7278900
5/6/2010 17:47,29.87999916,128613000,27.90999985,128613000,36.8928566,321465200,28.4642849,321465200,17.45192337,189407700,14.56730747,189407700,1.120000005,155700,1.049999952,155700,3.266000032,735000,3.052400112,735000,31.43000031,6056700,28.95000076,6056700,24.90700912,9026600,21.93132973,9026600,30.37392044,24590800,27.03375053,24590800,7.090000153,21421000,5.699999809,21421000,1.649999976,5900,1.620000005,5900,10.93791485,163100,9.952606201,163100,6.764444351,428100,6.373333454,428100,45.09999847,1738900,42.18999863,1738900,31.07999992,1082600,23,1082600,18.59000015,7278900,16.79999924,7278900
5/6/2010 17:48,29.87999916,128613000,27.90999985,128613000,36.8928566,321465200,28.4642849,321465200,17.45192337,189407700,14.56730747,189407700,1.120000005,155700,1.049999952,155700,3.266000032,735000,3.052400112,735000,31.43000031,6056700,28.95000076,6056700,24.90700912,9026600,21.93132973,9026600,30.37392044,24590800,27.03375053,24590800,7.090000153,21421000,5.699999809,21421000,1.649999976,5900,1.620000005,5900,10.93791485,163100,9.952606201,163100,6.764444351,428100,6.373333454,428100,45.09999847,1738900,42.18999863,1738900,31.07999992,1082600,23,1082600,18.59000015,7278900,16.79999924,7278900
5/6/2010 17:49,29.87999916,128613000,27.90999985,128613000,36.8928566,321465200,28.4642849,321465200,17.45192337,189407700,14.56730747,189407700,1.120000005,155700,1.049999952,155700,3.266000032,735000,3.052400112,735000,31.43000031,6056700,28.95000076,6056700,24.90700912,9026600,21.93132973,9026600,30.37392044,24590800,27.03375053,24590800,7.090000153,21421000,5.699999809,21421000,1.649999976,5900,1.620000005,5900,10.93791485,163100,9.952606201,163100,6.764444351,428100,6.373333454,428100,45.09999847,1738900,42.18999863,1738900,31.07999992,1082600,23,1082600,18.59000015,7278900,16.79999924,7278900
5/6/2010 17:50,29.87999916,128613000,27.90999985,128613000,36.8928566,321465200,28.4642849,321465200,17.45192337,189407700,14.56730747,189407700,1.120000005,155700,1.049999952,155700,3.266000032,735000,3.052400112,735000,31.43000031,6056700,28.95000076,6056700,24.90700912,9026600,21.93132973,9026600,30.37392044,24590800,27.03375053,24590800,7.090000153,21421000,5.699999809,21421000,1.649999976,5900,1.620000005,5900,10.93791485,163100,9.952606201,163100,6.764444351,428100,6.373333454,428100,45.09999847,1738900,42.18999863,1738900,31.07999992,1082600,23,1082600,18.59000015,7278900,16.79999924,7278900
5/6/2010 17:51,29.87999916,128613000,27.90999985,128613000,36.8928566,321465200,28.4642849,321465200,17.45192337,189407700,14.56730747,189407700,1.120000005,155700,1.049999952,155700,3.266000032,735000,3.052400112,735000,31.43000031,6056700,28.95000076,6056700,24.90700912,9026600,21.93132973,9026600,30.37392044,24590800,27.03375053,24590800,7.090000153,21421000,5.699999809,21421000,1.649999976,5900,1.620000005,5900,10.93791485,163100,9.952606201,163100,6.764444351,428100,6.373333454,428100,45.09999847,1738900,42.18999863,1738900,31.07999992,1082600,23,1082600,18.59000015,7278900,16.79999924,7278900
5/6/2010 17:52,29.87999916,128613000,27.90999985,128613000,36.8928566,321465200,28.4642849,321465200,17.45192337,189407700,14.56730747,189407700,1.120000005,155700,1.049999952,155700,3.266000032,735000,3.052400112,735000,31.43000031,6056700,28.95000076,6056700,24.90700912,9026600,21.93132973,9026600,30.37392044,24590800,27.03375053,24590800,7.090000153,21421000,5.699999809,21421000,1.649999976,5900,1.620000005,5900,10.93791485,163100,9.952606201,163100,6.764444351,428100,6.373333454,428100,45.09999847,1738900,42.18999863,1738900,31.07999992,1082600,23,1082600,18.59000015,7278900,16.79999924,7278900
5/6/2010 17:53,29.87999916,128613000,27.90999985,128613000,36.8928566,321465200,28.4642849,321465200,17.45192337,189407700,14.56730747,189407700,1.120000005,155700,1.049999952,155700,3.266000032,735000,3.052400112,735000,31.43000031,6056700,28.95000076,6056700,24.90700912,9026600,21.93132973,9026600,30.37392044,24590800,27.03375053,24590800,7.090000153,21421000,5.699999809,21421000,1.649999976,5900,1.620000005,5900,10.93791485,163100,9.952606201,163100,6.764444351,428100,6.373333454,428100,45.09999847,1738900,42.18999863,1738900,31.07999992,1082600,23,1082600,18.59000015,7278900,16.79999924,7278900
5/6/2010 17:54,29.87999916,128613000,27.90999985,128613000,36.8928566,321465200,28.4642849,321465200,17.45192337,189407700,14.56730747,189407700,1.120000005,155700,1.049999952,155700,3.266000032,735000,3.052400112,735000,31.43000031,6056700,28.95000076,6056700,24.90700912,9026600,21.93132973,9026600,30.37392044,24590800,27.03375053,24590800,7.090000153,21421000,5.699999809,21421000,1.649999976,5900,1.620000005,5900,10.93791485,163100,9.952606201,163100,6.764444351,428100,6.373333454,428100,45.09999847,1738900,42.18999863,1738900,31.07999992,1082600,23,1082600,18.59000015,7278900,16.79999924,7278900
5/6/2010 17:55,29.87999916,128613000,27.90999985,128613000,36.8928566,321465200,28.4642849,321465200,17.45192337,189407700,14.56730747,189407700,1.120000005,155700,1.049999952,155700,3.266000032,735000,3.052400112,735000,31.43000031,6056700,28.95000076,6056700,24.90700912,9026600,21.93132973,9026600,30.37392044,24590800,27.03375053,24590800,7.090000153,21421000,5.699999809,21421000,1.649999976,5900,1.620000005,5900,10.93791485,163100,9.952606201,163100,6.764444351,428100,6.373333454,428100,45.09999847,1738900,42.18999863,1738900,31.07999992,1082600,23,1082600,18.59000015,7278900,16.79999924,7278900
5/6/2010 17:56,29.87999916,128613000,27.90999985,128613000,36.8928566,321465200,28.4642849,321465200,17.45192337,189407700,14.56730747,189407700,1.120000005,155700,1.049999952,155700,3.266000032,735000,3.052400112,735000,31.43000031,6056700,28.95000076,6056700,24.90700912,9026600,21.93132973,9026600,30.37392044,24590800,27.03375053,24590800,7.090000153,21421000,5.699999809,21421000,1.649999976,5900,1.620000005,5900,10.93791485,163100,9.952606201,163100,6.764444351,428100,6.373333454,428100,45.09999847,1738900,42.18999863,1738900,31.07999992,1082600,23,1082600,18.59000015,7278900,16.79999924,7278900
5/6/2010 17:57,29.87999916,128613000,27.90999985,128613000,36.8928566,321465200,28.4642849,321465200,17.45192337,189407700,14.56730747,189407700,1.120000005,155700,1.049999952,155700,3.266000032,735000,3.052400112,735000,31.43000031,6056700,28.95000076,6056700,24.90700912,9026600,21.93132973,9026600,30.37392044,24590800,27.03375053,24590800,7.090000153,21421000,5.699999809,21421000,1.649999976,5900,1.620000005,5900,10.93791485,163100,9.952606201,163100,6.764444351,428100,6.373333454,428100,45.09999847,1738900,42.18999863,1738900,31.07999992,1082600,23,1082600,18.59000015,7278900,16.79999924,7278900
5/6/2010 17:58,29.87999916,128613000,27.90999985,128613000,36.8928566,321465200,28.4642849,321465200,17.45192337,189407700,14.56730747,189407700,1.120000005,155700,1.049999952,155700,3.266000032,735000,3.052400112,735000,31.43000031,6056700,28.95000076,6056700,24.90700912,9026600,21.93132973,9026600,30.37392044,24590800,27.03375053,24590800,7.090000153,21421000,5.699999809,21421000,1.649999976,5900,1.620000005,5900,10.93791485,163100,9.952606201,163100,6.764444351,428100,6.373333454,428100,45.09999847,1738900,42.18999863,1738900,31.07999992,1082600,23,1082600,18.59000015,7278900,16.79999924,7278900
5/6/2010 17:59,29.87999916,128613000,27.90999985,128613000,36.8928566,321465200,28.4642849,321465200,17.45192337,189407700,14.56730747,189407700,1.120000005,155700,1.049999952,155700,3.266000032,735000,3.052400112,735000,31.43000031,6056700,28.95000076,6056700,24.90700912,9026600,21.93132973,9026600,30.37392044,24590800,27.03375053,24590800,7.090000153,21421000,5.699999809,21421000,1.649999976,5900,1.620000005,5900,10.93791485,163100,9.952606201,163100,6.764444351,428100,6.373333454,428100,45.09999847,1738900,42.18999863,1738900,31.07999992,1082600,23,1082600,18.59000015,7278900,16.79999924,7278900
5/6/2010 18:00,29.87999916,128613000,27.90999985,128613000,36.8928566,321465200,28.4642849,321465200,17.45192337,189407700,14.56730747,189407700,1.120000005,155700,1.049999952,155700,3.266000032,735000,3.052400112,735000,31.43000031,6056700,28.95000076,6056700,24.90700912,9026600,21.93132973,9026600,30.37392044,24590800,27.03375053,24590800,7.090000153,21421000,5.699999809,21421000,1.649999976,5900,1.620000005,5900,10.93791485,163100,9.952606201,163100,6.764444351,428100,6.373333454,428100,45.09999847,1738900,42.18999863,1738900,31.07999992,1082600,23,1082600,18.59000015,7278900,16.79999924,7278900
5/6/2010 18:01,29.87999916,128613000,27.90999985,128613000,36.8928566,321465200,28.4642849,321465200,17.45192337,189407700,14.56730747,189407700,1.120000005,155700,1.049999952,155700,3.266000032,735000,3.052400112,735000,31.43000031,6056700,28.95000076,6056700,24.90700912,9026600,21.93132973,9026600,30.37392044,24590800,27.03375053,24590800,7.090000153,21421000,5.699999809,21421000,1.649999976,5900,1.620000005,5900,10.93791485,163100,9.952606201,163100,6.764444351,428100,6.373333454,428100,45.09999847,1738900,42.18999863,1738900,31.07999992,1082600,23,1082600,18.59000015,7278900,16.79999924,7278900
5/6/2010 18:02,29.87999916,128613000,27.90999985,128613000,36.8928566,321465200,28.4642849,321465200,17.45192337,189407700,14.56730747,189407700,1.120000005,155700,1.049999952,155700,3.266000032,735000,3.052400112,735000,31.43000031,6056700,28.95000076,6056700,24.90700912,9026600,21.93132973,9026600,30.37392044,24590800,27.03375053,24590800,7.090000153,21421000,5.699999809,21421000,1.649999976,5900,1.620000005,5900,10.93791485,163100,9.952606201,163100,6.764444351,428100,6.373333454,428100,45.09999847,1738900,42.18999863,1738900,31.07999992,1082600,23,1082600,18.59000015,7278900,16.79999924,7278900
5/6/2010 18:03,29.87999916,128613000,27.90999985,128613000,36.8928566,321465200,28.4642849,321465200,17.45192337,189407700,14.56730747,189407700,1.120000005,155700,1.049999952,155700,3.266000032,735000,3.052400112,735000,31.43000031,6056700,28.95000076,6056700,24.90700912,9026600,21.93132973,9026600,30.37392044,24590800,27.03375053,24590800,7.090000153,21421000,5.699999809,21421000,1.649999976,5900,1.620000005,5900,10.93791485,163100,9.952606201,163100,6.764444351,428100,6.373333454,428100,45.09999847,1738900,42.18999863,1738900,31.07999992,1082600,23,1082600,18.59000015,7278900,16.79999924,7278900
5/6/2010 18:04,29.87999916,128613000,27.90999985,128613000,36.8928566,321465200,28.4642849,321465200,17.45192337,189407700,14.56730747,189407700,1.120000005,155700,1.049999952,155700,3.266000032,735000,3.052400112,735000,31.43000031,6056700,28.95000076,6056700,24.90700912,9026600,21.93132973,9026600,30.37392044,24590800,27.03375053,24590800,7.090000153,21421000,5.699999809,21421000,1.649999976,5900,1.620000005,5900,10.93791485,163100,9.952606201,163100,6.764444351,428100,6.373333454,428100,45.09999847,1738900,42.18999863,1738900,31.07999992,1082600,23,1082600,18.59000015,7278900,16.79999924,7278900
5/6/2010 18:05,29.87999916,128613000,27.90999985,128613000,36.8928566,321465200,28.4642849,321465200,17.45192337,189407700,14.56730747,189407700,1.120000005,155700,1.049999952,155700,3.266000032,735000,3.052400112,735000,31.43000031,6056700,28.95000076,6056700,24.90700912,9026600,21.93132973,9026600,30.37392044,24590800,27.03375053,24590800,7.090000153,21421000,5.699999809,21421000,1.649999976,5900,1.620000005,5900,10.93791485,163100,9.952606201,163100,6.764444351,428100,6.373333454,428100,45.09999847,1738900,42.18999863,1738900,31.07999992,1082600,23,1082600,18.59000015,7278900,16.79999924,7278900
5/6/2010 18:06,29.87999916,128613000,27.90999985,128613000,36.8928566,321465200,28.4642849,321465200,17.45192337,189407700,14.56730747,189407700,1.120000005,155700,1.049999952,155700,3.266000032,735000,3.052400112,735000,31.43000031,6056700,28.95000076,6056700,24.90700912,9026600,21.93132973,9026600,30.37392044,24590800,27.03375053,24590800,7.090000153,21421000,5.699999809,21421000,1.649999976,5900,1.620000005,5900,10.93791485,163100,9.952606201,163100,6.764444351,428100,6.373333454,428100,45.09999847,1738900,42.18999863,1738900,31.07999992,1082600,23,1082600,18.59000015,7278900,16.79999924,7278900
5/6/2010 18:07,29.87999916,128613000,27.90999985,128613000,36.8928566,321465200,28.4642849,321465200,17.45192337,189407700,14.56730747,189407700,1.120000005,155700,1.049999952,155700,3.266000032,735000,3.052400112,735000,31.43000031,6056700,28.95000076,6056700,24.90700912,9026600,21.93132973,9026600,30.37392044,24590800,27.03375053,24590800,7.090000153,21421000,5.699999809,21421000,1.649999976,5900,1.620000005,5900,10.93791485,163100,9.952606201,163100,6.764444351,428100,6.373333454,428100,45.09999847,1738900,42.18999863,1738900,31.07999992,1082600,23,1082600,18.59000015,7278900,16.79999924,7278900
5/6/2010 18:08,29.87999916,128613000,27.90999985,128613000,36.8928566,321465200,28.4642849,321465200,17.45192337,189407700,14.56730747,189407700,1.120000005,155700,1.049999952,155700,3.266000032,735000,3.052400112,735000,31.43000031,6056700,28.95000076,6056700,24.90700912,9026600,21.93132973,9026600,30.37392044,24590800,27.03375053,24590800,7.090000153,21421000,5.699999809,21421000,1.649999976,5900,1.620000005,5900,10.93791485,163100,9.952606201,163100,6.764444351,428100,6.373333454,428100,45.09999847,1738900,42.18999863,1738900,31.07999992,1082600,23,1082600,18.59000015,7278900,16.79999924,7278900
5/6/2010 18:09,29.87999916,128613000,27.90999985,128613000,36.8928566,321465200,28.4642849,321465200,17.45192337,189407700,14.56730747,189407700,1.120000005,155700,1.049999952,155700,3.266000032,735000,3.052400112,735000,31.43000031,6056700,28.95000076,6056700,24.90700912,9026600,21.93132973,9026600,30.37392044,24590800,27.03375053,24590800,7.090000153,21421000,5.699999809,21421000,1.649999976,5900,1.620000005,5900,10.93791485,163100,9.952606201,163100,6.764444351,428100,6.373333454,428100,45.09999847,1738900,42.18999863,1738900,31.07999992,1082600,23,1082600,18.59000015,7278900,16.79999924,7278900
5/6/2010 18:10,29.87999916,128613000,27.90999985,128613000,36.8928566,321465200,28.4642849,321465200,17.45192337,189407700,14.56730747,189407700,1.120000005,155700,1.049999952,155700,3.266000032,735000,3.052400112,735000,31.43000031,6056700,28.95000076,6056700,24.90700912,9026600,21.93132973,9026600,30.37392044,24590800,27.03375053,24590800,7.090000153,21421000,5.699999809,21421000,1.649999976,5900,1.620000005,5900,10.93791485,163100,9.952606201,163100,6.764444351,428100,6.373333454,428100,45.09999847,1738900,42.18999863,1738900,31.07999992,1082600,23,1082600,18.59000015,7278900,16.79999924,7278900
5/6/2010 18:11,29.87999916,128613000,27.90999985,128613000,36.8928566,321465200,28.4642849,321465200,17.45192337,189407700,14.56730747,189407700,1.120000005,155700,1.049999952,155700,3.266000032,735000,3.052400112,735000,31.43000031,6056700,28.95000076,6056700,24.90700912,9026600,21.93132973,9026600,30.37392044,24590800,27.03375053,24590800,7.090000153,21421000,5.699999809,21421000,1.649999976,5900,1.620000005,5900,10.93791485,163100,9.952606201,163100,6.764444351,428100,6.373333454,428100,45.09999847,1738900,42.18999863,1738900,31.07999992,1082600,23,1082600,18.59000015,7278900,16.79999924,7278900
5/6/2010 18:12,29.87999916,128613000,27.90999985,128613000,36.8928566,321465200,28.4642849,321465200,17.45192337,189407700,14.56730747,189407700,1.120000005,155700,1.049999952,155700,3.266000032,735000,3.052400112,735000,31.43000031,6056700,28.95000076,6056700,24.90700912,9026600,21.93132973,9026600,30.37392044,24590800,27.03375053,24590800,7.090000153,21421000,5.699999809,21421000,1.649999976,5900,1.620000005,5900,10.93791485,163100,9.952606201,163100,6.764444351,428100,6.373333454,428100,45.09999847,1738900,42.18999863,1738900,31.07999992,1082600,23,1082600,18.59000015,7278900,16.79999924,7278900
5/6/2010 18:13,29.87999916,128613000,27.90999985,128613000,36.8928566,321465200,28.4642849,321465200,17.45192337,189407700,14.56730747,189407700,1.120000005,155700,1.049999952,155700,3.266000032,735000,3.052400112,735000,31.43000031,6056700,28.95000076,6056700,24.90700912,9026600,21.93132973,9026600,30.37392044,24590800,27.03375053,24590800,7.090000153,21421000,5.699999809,21421000,1.649999976,5900,1.620000005,5900,10.93791485,163100,9.952606201,163100,6.764444351,428100,6.373333454,428100,45.09999847,1738900,42.18999863,1738900,31.07999992,1082600,23,1082600,18.59000015,7278900,16.79999924,7278900
5/6/2010 18:14,29.87999916,128613000,27.90999985,128613000,36.8928566,321465200,28.4642849,321465200,17.45192337,189407700,14.56730747,189407700,1.120000005,155700,1.049999952,155700,3.266000032,735000,3.052400112,735000,31.43000031,6056700,28.95000076,6056700,24.90700912,9026600,21.93132973,9026600,30.37392044,24590800,27.03375053,24590800,7.090000153,21421000,5.699999809,21421000,1.649999976,5900,1.620000005,5900,10.93791485,163100,9.952606201,163100,6.764444351,428100,6.373333454,428100,45.09999847,1738900,42.18999863,1738900,31.07999992,1082600,23,1082600,18.59000015,7278900,16.79999924,7278900
5/6/2010 18:15,29.87999916,128613000,27.90999985,128613000,36.8928566,321465200,28.4642849,321465200,17.45192337,189407700,14.56730747,189407700,1.120000005,155700,1.049999952,155700,3.266000032,735000,3.052400112,735000,31.43000031,6056700,28.95000076,6056700,24.90700912,9026600,21.93132973,9026600,30.37392044,24590800,27.03375053,24590800,7.090000153,21421000,5.699999809,21421000,1.649999976,5900,1.620000005,5900,10.93791485,163100,9.952606201,163100,6.764444351,428100,6.373333454,428100,45.09999847,1738900,42.18999863,1738900,31.07999992,1082600,23,1082600,18.59000015,7278900,16.79999924,7278900
5/6/2010 18:16,29.87999916,128613000,27.90999985,128613000,36.8928566,321465200,28.4642849,321465200,17.45192337,189407700,14.56730747,189407700,1.120000005,155700,1.049999952,155700,3.266000032,735000,3.052400112,735000,31.43000031,6056700,28.95000076,6056700,24.90700912,9026600,21.93132973,9026600,30.37392044,24590800,27.03375053,24590800,7.090000153,21421000,5.699999809,21421000,1.649999976,5900,1.620000005,5900,10.93791485,163100,9.952606201,163100,6.764444351,428100,6.373333454,428100,45.09999847,1738900,42.18999863,1738900,31.07999992,1082600,23,1082600,18.59000015,7278900,16.79999924,7278900
5/6/2010 18:17,29.87999916,128613000,27.90999985,128613000,36.8928566,321465200,28.4642849,321465200,17.45192337,189407700,14.56730747,189407700,1.120000005,155700,1.049999952,155700,3.266000032,735000,3.052400112,735000,31.43000031,6056700,28.95000076,6056700,24.90700912,9026600,21.93132973,9026600,30.37392044,24590800,27.03375053,24590800,7.090000153,21421000,5.699999809,21421000,1.649999976,5900,1.620000005,5900,10.93791485,163100,9.952606201,163100,6.764444351,428100,6.373333454,428100,45.09999847,1738900,42.18999863,1738900,31.07999992,1082600,23,1082600,18.59000015,7278900,16.79999924,7278900
5/6/2010 18:18,29.87999916,128613000,27.90999985,128613000,36.8928566,321465200,28.4642849,321465200,17.45192337,189407700,14.56730747,189407700,1.120000005,155700,1.049999952,155700,3.266000032,735000,3.052400112,735000,31.43000031,6056700,28.95000076,6056700,24.90700912,9026600,21.93132973,9026600,30.37392044,24590800,27.03375053,24590800,7.090000153,21421000,5.699999809,21421000,1.649999976,5900,1.620000005,5900,10.93791485,163100,9.952606201,163100,6.764444351,428100,6.373333454,428100,45.09999847,1738900,42.18999863,1738900,31.07999992,1082600,23,1082600,18.59000015,7278900,16.79999924,7278900
5/6/2010 18:19,29.87999916,128613000,27.90999985,128613000,36.8928566,321465200,28.4642849,321465200,17.45192337,189407700,14.56730747,189407700,1.120000005,155700,1.049999952,155700,3.266000032,735000,3.052400112,735000,31.43000031,6056700,28.95000076,6056700,24.90700912,9026600,21.93132973,9026600,30.37392044,24590800,27.03375053,24590800,7.090000153,21421000,5.699999809,21421000,1.649999976,5900,1.620000005,5900,10.93791485,163100,9.952606201,163100,6.764444351,428100,6.373333454,428100,45.09999847,1738900,42.18999863,1738900,31.07999992,1082600,23,1082600,18.59000015,7278900,16.79999924,7278900
5/6/2010 18:20,29.87999916,128613000,27.90999985,128613000,36.8928566,321465200,28.4642849,321465200,17.45192337,189407700,14.56730747,189407700,1.120000005,155700,1.049999952,155700,3.266000032,735000,3.052400112,735000,31.43000031,6056700,28.95000076,6056700,24.90700912,9026600,21.93132973,9026600,30.37392044,24590800,27.03375053,24590800,7.090000153,21421000,5.699999809,21421000,1.649999976,5900,1.620000005,5900,10.93791485,163100,9.952606201,163100,6.764444351,428100,6.373333454,428100,45.09999847,1738900,42.18999863,1738900,31.07999992,1082600,23,1082600,18.59000015,7278900,16.79999924,7278900
5/6/2010 18:21,29.87999916,128613000,27.90999985,128613000,36.8928566,321465200,28.4642849,321465200,17.45192337,189407700,14.56730747,189407700,1.120000005,155700,1.049999952,155700,3.266000032,735000,3.052400112,735000,31.43000031,6056700,28.95000076,6056700,24.90700912,9026600,21.93132973,9026600,30.37392044,24590800,27.03375053,24590800,7.090000153,21421000,5.699999809,21421000,1.649999976,5900,1.620000005,5900,10.93791485,163100,9.952606201,163100,6.764444351,428100,6.373333454,428100,45.09999847,1738900,42.18999863,1738900,31.07999992,1082600,23,1082600,18.59000015,7278900,16.79999924,7278900
5/6/2010 18:22,29.87999916,128613000,27.90999985,128613000,36.8928566,321465200,28.4642849,321465200,17.45192337,189407700,14.56730747,189407700,1.120000005,155700,1.049999952,155700,3.266000032,735000,3.052400112,735000,31.43000031,6056700,28.95000076,6056700,24.90700912,9026600,21.93132973,9026600,30.37392044,24590800,27.03375053,24590800,7.090000153,21421000,5.699999809,21421000,1.649999976,5900,1.620000005,5900,10.93791485,163100,9.952606201,163100,6.764444351,428100,6.373333454,428100,45.09999847,1738900,42.18999863,1738900,31.07999992,1082600,23,1082600,18.59000015,7278900,16.79999924,7278900
5/6/2010 18:23,29.87999916,128613000,27.90999985,128613000,36.8928566,321465200,28.4642849,321465200,17.45192337,189407700,14.56730747,189407700,1.120000005,155700,1.049999952,155700,3.266000032,735000,3.052400112,735000,31.43000031,6056700,28.95000076,6056700,24.90700912,9026600,21.93132973,9026600,30.37392044,24590800,27.03375053,24590800,7.090000153,21421000,5.699999809,21421000,1.649999976,5900,1.620000005,5900,10.93791485,163100,9.952606201,163100,6.764444351,428100,6.373333454,428100,45.09999847,1738900,42.18999863,1738900,31.07999992,1082600,23,1082600,18.59000015,7278900,16.79999924,7278900
5/6/2010 18:24,29.87999916,128613000,27.90999985,128613000,36.8928566,321465200,28.4642849,321465200,17.45192337,189407700,14.56730747,189407700,1.120000005,155700,1.049999952,155700,3.266000032,735000,3.052400112,735000,31.43000031,6056700,28.95000076,6056700,24.90700912,9026600,21.93132973,9026600,30.37392044,24590800,27.03375053,24590800,7.090000153,21421000,5.699999809,21421000,1.649999976,5900,1.620000005,5900,10.93791485,163100,9.952606201,163100,6.764444351,428100,6.373333454,428100,45.09999847,1738900,42.18999863,1738900,31.07999992,1082600,23,1082600,18.59000015,7278900,16.79999924,7278900
5/6/2010 18:25,29.87999916,128613000,27.90999985,128613000,36.8928566,321465200,28.4642849,321465200,17.45192337,189407700,14.56730747,189407700,1.120000005,155700,1.049999952,155700,3.266000032,735000,3.052400112,735000,31.43000031,6056700,28.95000076,6056700,24.90700912,9026600,21.93132973,9026600,30.37392044,24590800,27.03375053,24590800,7.090000153,21421000,5.699999809,21421000,1.649999976,5900,1.620000005,5900,10.93791485,163100,9.952606201,163100,6.764444351,428100,6.373333454,428100,45.09999847,1738900,42.18999863,1738900,31.07999992,1082600,23,1082600,18.59000015,7278900,16.79999924,7278900
5/6/2010 18:26,29.87999916,128613000,27.90999985,128613000,36.8928566,321465200,28.4642849,321465200,17.45192337,189407700,14.56730747,189407700,1.120000005,155700,1.049999952,155700,3.266000032,735000,3.052400112,735000,31.43000031,6056700,28.95000076,6056700,24.90700912,9026600,21.93132973,9026600,30.37392044,24590800,27.03375053,24590800,7.090000153,21421000,5.699999809,21421000,1.649999976,5900,1.620000005,5900,10.93791485,163100,9.952606201,163100,6.764444351,428100,6.373333454,428100,45.09999847,1738900,42.18999863,1738900,31.07999992,1082600,23,1082600,18.59000015,7278900,16.79999924,7278900
5/6/2010 18:27,29.87999916,128613000,27.90999985,128613000,36.8928566,321465200,28.4642849,321465200,17.45192337,189407700,14.56730747,189407700,1.120000005,155700,1.049999952,155700,3.266000032,735000,3.052400112,735000,31.43000031,6056700,28.95000076,6056700,24.90700912,9026600,21.93132973,9026600,30.37392044,24590800,27.03375053,24590800,7.090000153,21421000,5.699999809,21421000,1.649999976,5900,1.620000005,5900,10.93791485,163100,9.952606201,163100,6.764444351,428100,6.373333454,428100,45.09999847,1738900,42.18999863,1738900,31.07999992,1082600,23,1082600,18.59000015,7278900,16.79999924,7278900
5/6/2010 18:28,29.87999916,128613000,27.90999985,128613000,36.8928566,321465200,28.4642849,321465200,17.45192337,189407700,14.56730747,189407700,1.120000005,155700,1.049999952,155700,3.266000032,735000,3.052400112,735000,31.43000031,6056700,28.95000076,6056700,24.90700912,9026600,21.93132973,9026600,30.37392044,24590800,27.03375053,24590800,7.090000153,21421000,5.699999809,21421000,1.649999976,5900,1.620000005,5900,10.93791485,163100,9.952606201,163100,6.764444351,428100,6.373333454,428100,45.09999847,1738900,42.18999863,1738900,31.07999992,1082600,23,1082600,18.59000015,7278900,16.79999924,7278900
5/6/2010 18:29,29.87999916,128613000,27.90999985,128613000,36.8928566,321465200,28.4642849,321465200,17.45192337,189407700,14.56730747,189407700,1.120000005,155700,1.049999952,155700,3.266000032,735000,3.052400112,735000,31.43000031,6056700,28.95000076,6056700,24.90700912,9026600,21.93132973,9026600,30.37392044,24590800,27.03375053,24590800,7.090000153,21421000,5.699999809,21421000,1.649999976,5900,1.620000005,5900,10.93791485,163100,9.952606201,163100,6.764444351,428100,6.373333454,428100,45.09999847,1738900,42.18999863,1738900,31.07999992,1082600,23,1082600,18.59000015,7278900,16.79999924,7278900
5/6/2010 18:30,29.87999916,128613000,27.90999985,128613000,36.8928566,321465200,28.4642849,321465200,17.45192337,189407700,14.56730747,189407700,1.120000005,155700,1.049999952,155700,3.266000032,735000,3.052400112,735000,31.43000031,6056700,28.95000076,6056700,24.90700912,9026600,21.93132973,9026600,30.37392044,24590800,27.03375053,24590800,7.090000153,21421000,5.699999809,21421000,1.649999976,5900,1.620000005,5900,10.93791485,163100,9.952606201,163100,6.764444351,428100,6.373333454,428100,45.09999847,1738900,42.18999863,1738900,31.07999992,1082600,23,1082600,18.59000015,7278900,16.79999924,7278900
5/6/2010 18:31,29.87999916,128613000,27.90999985,128613000,36.8928566,321465200,28.4642849,321465200,17.45192337,189407700,14.56730747,189407700,1.120000005,155700,1.049999952,155700,3.266000032,735000,3.052400112,735000,31.43000031,6056700,28.95000076,6056700,24.90700912,9026600,21.93132973,9026600,30.37392044,24590800,27.03375053,24590800,7.090000153,21421000,5.699999809,21421000,1.649999976,5900,1.620000005,5900,10.93791485,163100,9.952606201,163100,6.764444351,428100,6.373333454,428100,45.09999847,1738900,42.18999863,1738900,31.07999992,1082600,23,1082600,18.59000015,7278900,16.79999924,7278900
5/6/2010 18:32,29.87999916,128613000,27.90999985,128613000,36.8928566,321465200,28.4642849,321465200,17.45192337,189407700,14.56730747,189407700,1.120000005,155700,1.049999952,155700,3.266000032,735000,3.052400112,735000,31.43000031,6056700,28.95000076,6056700,24.90700912,9026600,21.93132973,9026600,30.37392044,24590800,27.03375053,24590800,7.090000153,21421000,5.699999809,21421000,1.649999976,5900,1.620000005,5900,10.93791485,163100,9.952606201,163100,6.764444351,428100,6.373333454,428100,45.09999847,1738900,42.18999863,1738900,31.07999992,1082600,23,1082600,18.59000015,7278900,16.79999924,7278900
5/6/2010 18:33,29.87999916,128613000,27.90999985,128613000,36.8928566,321465200,28.4642849,321465200,17.45192337,189407700,14.56730747,189407700,1.120000005,155700,1.049999952,155700,3.266000032,735000,3.052400112,735000,31.43000031,6056700,28.95000076,6056700,24.90700912,9026600,21.93132973,9026600,30.37392044,24590800,27.03375053,24590800,7.090000153,21421000,5.699999809,21421000,1.649999976,5900,1.620000005,5900,10.93791485,163100,9.952606201,163100,6.764444351,428100,6.373333454,428100,45.09999847,1738900,42.18999863,1738900,31.07999992,1082600,23,1082600,18.59000015,7278900,16.79999924,7278900
5/6/2010 18:34,29.87999916,128613000,27.90999985,128613000,36.8928566,321465200,28.4642849,321465200,17.45192337,189407700,14.56730747,189407700,1.120000005,155700,1.049999952,155700,3.266000032,735000,3.052400112,735000,31.43000031,6056700,28.95000076,6056700,24.90700912,9026600,21.93132973,9026600,30.37392044,24590800,27.03375053,24590800,7.090000153,21421000,5.699999809,21421000,1.649999976,5900,1.620000005,5900,10.93791485,163100,9.952606201,163100,6.764444351,428100,6.373333454,428100,45.09999847,1738900,42.18999863,1738900,31.07999992,1082600,23,1082600,18.59000015,7278900,16.79999924,7278900
5/6/2010 18:35,29.87999916,128613000,27.90999985,128613000,36.8928566,321465200,28.4642849,321465200,17.45192337,189407700,14.56730747,189407700,1.120000005,155700,1.049999952,155700,3.266000032,735000,3.052400112,735000,31.43000031,6056700,28.95000076,6056700,24.90700912,9026600,21.93132973,9026600,30.37392044,24590800,27.03375053,24590800,7.090000153,21421000,5.699999809,21421000,1.649999976,5900,1.620000005,5900,10.93791485,163100,9.952606201,163100,6.764444351,428100,6.373333454,428100,45.09999847,1738900,42.18999863,1738900,31.07999992,1082600,23,1082600,18.59000015,7278900,16.79999924,7278900
5/6/2010 18:36,29.87999916,128613000,27.90999985,128613000,36.8928566,321465200,28.4642849,321465200,17.45192337,189407700,14.56730747,189407700,1.120000005,155700,1.049999952,155700,3.266000032,735000,3.052400112,735000,31.43000031,6056700,28.95000076,6056700,24.90700912,9026600,21.93132973,9026600,30.37392044,24590800,27.03375053,24590800,7.090000153,21421000,5.699999809,21421000,1.649999976,5900,1.620000005,5900,10.93791485,163100,9.952606201,163100,6.764444351,428100,6.373333454,428100,45.09999847,1738900,42.18999863,1738900,31.07999992,1082600,23,1082600,18.59000015,7278900,16.79999924,7278900
5/6/2010 18:37,29.87999916,128613000,27.90999985,128613000,36.8928566,321465200,28.4642849,321465200,17.45192337,189407700,14.56730747,189407700,1.120000005,155700,1.049999952,155700,3.266000032,735000,3.052400112,735000,31.43000031,6056700,28.95000076,6056700,24.90700912,9026600,21.93132973,9026600,30.37392044,24590800,27.03375053,24590800,7.090000153,21421000,5.699999809,21421000,1.649999976,5900,1.620000005,5900,10.93791485,163100,9.952606201,163100,6.764444351,428100,6.373333454,428100,45.09999847,1738900,42.18999863,1738900,31.07999992,1082600,23,1082600,18.59000015,7278900,16.79999924,7278900
5/6/2010 18:38,29.87999916,128613000,27.90999985,128613000,36.8928566,321465200,28.4642849,321465200,17.45192337,189407700,14.56730747,189407700,1.120000005,155700,1.049999952,155700,3.266000032,735000,3.052400112,735000,31.43000031,6056700,28.95000076,6056700,24.90700912,9026600,21.93132973,9026600,30.37392044,24590800,27.03375053,24590800,7.090000153,21421000,5.699999809,21421000,1.649999976,5900,1.620000005,5900,10.93791485,163100,9.952606201,163100,6.764444351,428100,6.373333454,428100,45.09999847,1738900,42.18999863,1738900,31.07999992,1082600,23,1082600,18.59000015,7278900,16.79999924,7278900
5/6/2010 18:39,29.87999916,128613000,27.90999985,128613000,36.8928566,321465200,28.4642849,321465200,17.45192337,189407700,14.56730747,189407700,1.120000005,155700,1.049999952,155700,3.266000032,735000,3.052400112,735000,31.43000031,6056700,28.95000076,6056700,24.90700912,9026600,21.93132973,9026600,30.37392044,24590800,27.03375053,24590800,7.090000153,21421000,5.699999809,21421000,1.649999976,5900,1.620000005,5900,10.93791485,163100,9.952606201,163100,6.764444351,428100,6.373333454,428100,45.09999847,1738900,42.18999863,1738900,31.07999992,1082600,23,1082600,18.59000015,7278900,16.79999924,7278900
5/6/2010 18:40,29.87999916,128613000,27.90999985,128613000,36.8928566,321465200,28.4642849,321465200,17.45192337,189407700,14.56730747,189407700,1.120000005,155700,1.049999952,155700,3.266000032,735000,3.052400112,735000,31.43000031,6056700,28.95000076,6056700,24.90700912,9026600,21.93132973,9026600,30.37392044,24590800,27.03375053,24590800,7.090000153,21421000,5.699999809,21421000,1.649999976,5900,1.620000005,5900,10.93791485,163100,9.952606201,163100,6.764444351,428100,6.373333454,428100,45.09999847,1738900,42.18999863,1738900,31.07999992,1082600,23,1082600,18.59000015,7278900,16.79999924,7278900
5/6/2010 18:41,29.87999916,128613000,27.90999985,128613000,36.8928566,321465200,28.4642849,321465200,17.45192337,189407700,14.56730747,189407700,1.120000005,155700,1.049999952,155700,3.266000032,735000,3.052400112,735000,31.43000031,6056700,28.95000076,6056700,24.90700912,9026600,21.93132973,9026600,30.37392044,24590800,27.03375053,24590800,7.090000153,21421000,5.699999809,21421000,1.649999976,5900,1.620000005,5900,10.93791485,163100,9.952606201,163100,6.764444351,428100,6.373333454,428100,45.09999847,1738900,42.18999863,1738900,31.07999992,1082600,23,1082600,18.59000015,7278900,16.79999924,7278900
5/6/2010 18:42,29.87999916,128613000,27.90999985,128613000,36.8928566,321465200,28.4642849,321465200,17.45192337,189407700,14.56730747,189407700,1.120000005,155700,1.049999952,155700,3.266000032,735000,3.052400112,735000,31.43000031,6056700,28.95000076,6056700,24.90700912,9026600,21.93132973,9026600,30.37392044,24590800,27.03375053,24590800,7.090000153,21421000,5.699999809,21421000,1.649999976,5900,1.620000005,5900,10.93791485,163100,9.952606201,163100,6.764444351,428100,6.373333454,428100,45.09999847,1738900,42.18999863,1738900,31.07999992,1082600,23,1082600,18.59000015,7278900,16.79999924,7278900
5/6/2010 18:43,29.87999916,128613000,27.90999985,128613000,36.8928566,321465200,28.4642849,321465200,17.45192337,189407700,14.56730747,189407700,1.120000005,155700,1.049999952,155700,3.266000032,735000,3.052400112,735000,31.43000031,6056700,28.95000076,6056700,24.90700912,9026600,21.93132973,9026600,30.37392044,24590800,27.03375053,24590800,7.090000153,21421000,5.699999809,21421000,1.649999976,5900,1.620000005,5900,10.93791485,163100,9.952606201,163100,6.764444351,428100,6.373333454,428100,45.09999847,1738900,42.18999863,1738900,31.07999992,1082600,23,1082600,18.59000015,7278900,16.79999924,7278900
5/6/2010 18:44,29.87999916,128613000,27.90999985,128613000,36.8928566,321465200,28.4642849,321465200,17.45192337,189407700,14.56730747,189407700,1.120000005,155700,1.049999952,155700,3.266000032,735000,3.052400112,735000,31.43000031,6056700,28.95000076,6056700,24.90700912,9026600,21.93132973,9026600,30.37392044,24590800,27.03375053,24590800,7.090000153,21421000,5.699999809,21421000,1.649999976,5900,1.620000005,5900,10.93791485,163100,9.952606201,163100,6.764444351,428100,6.373333454,428100,45.09999847,1738900,42.18999863,1738900,31.07999992,1082600,23,1082600,18.59000015,7278900,16.79999924,7278900
5/6/2010 18:45,29.87999916,128613000,27.90999985,128613000,36.8928566,321465200,28.4642849,321465200,17.45192337,189407700,14.56730747,189407700,1.120000005,155700,1.049999952,155700,3.266000032,735000,3.052400112,735000,31.43000031,6056700,28.95000076,6056700,24.90700912,9026600,21.93132973,9026600,30.37392044,24590800,27.03375053,24590800,7.090000153,21421000,5.699999809,21421000,1.649999976,5900,1.620000005,5900,10.93791485,163100,9.952606201,163100,6.764444351,428100,6.373333454,428100,45.09999847,1738900,42.18999863,1738900,31.07999992,1082600,23,1082600,18.59000015,7278900,16.79999924,7278900
5/6/2010 18:46,29.87999916,128613000,27.90999985,128613000,36.8928566,321465200,28.4642849,321465200,17.45192337,189407700,14.56730747,189407700,1.120000005,155700,1.049999952,155700,3.266000032,735000,3.052400112,735000,31.43000031,6056700,28.95000076,6056700,24.90700912,9026600,21.93132973,9026600,30.37392044,24590800,27.03375053,24590800,7.090000153,21421000,5.699999809,21421000,1.649999976,5900,1.620000005,5900,10.93791485,163100,9.952606201,163100,6.764444351,428100,6.373333454,428100,45.09999847,1738900,42.18999863,1738900,31.07999992,1082600,23,1082600,18.59000015,7278900,16.79999924,7278900
5/6/2010 18:47,29.87999916,128613000,27.90999985,128613000,36.8928566,321465200,28.4642849,321465200,17.45192337,189407700,14.56730747,189407700,1.120000005,155700,1.049999952,155700,3.266000032,735000,3.052400112,735000,31.43000031,6056700,28.95000076,6056700,24.90700912,9026600,21.93132973,9026600,30.37392044,24590800,27.03375053,24590800,7.090000153,21421000,5.699999809,21421000,1.649999976,5900,1.620000005,5900,10.93791485,163100,9.952606201,163100,6.764444351,428100,6.373333454,428100,45.09999847,1738900,42.18999863,1738900,31.07999992,1082600,23,1082600,18.59000015,7278900,16.79999924,7278900
5/6/2010 18:48,29.87999916,128613000,27.90999985,128613000,36.8928566,321465200,28.4642849,321465200,17.45192337,189407700,14.56730747,189407700,1.120000005,155700,1.049999952,155700,3.266000032,735000,3.052400112,735000,31.43000031,6056700,28.95000076,6056700,24.90700912,9026600,21.93132973,9026600,30.37392044,24590800,27.03375053,24590800,7.090000153,21421000,5.699999809,21421000,1.649999976,5900,1.620000005,5900,10.93791485,163100,9.952606201,163100,6.764444351,428100,6.373333454,428100,45.09999847,1738900,42.18999863,1738900,31.07999992,1082600,23,1082600,18.59000015,7278900,16.79999924,7278900
5/6/2010 18:49,29.87999916,128613000,27.90999985,128613000,36.8928566,321465200,28.4642849,321465200,17.45192337,189407700,14.56730747,189407700,1.120000005,155700,1.049999952,155700,3.266000032,735000,3.052400112,735000,31.43000031,6056700,28.95000076,6056700,24.90700912,9026600,21.93132973,9026600,30.37392044,24590800,27.03375053,24590800,7.090000153,21421000,5.699999809,21421000,1.649999976,5900,1.620000005,5900,10.93791485,163100,9.952606201,163100,6.764444351,428100,6.373333454,428100,45.09999847,1738900,42.18999863,1738900,31.07999992,1082600,23,1082600,18.59000015,7278900,16.79999924,7278900
5/6/2010 18:50,29.87999916,128613000,27.90999985,128613000,36.8928566,321465200,28.4642849,321465200,17.45192337,189407700,14.56730747,189407700,1.120000005,155700,1.049999952,155700,3.266000032,735000,3.052400112,735000,31.43000031,6056700,28.95000076,6056700,24.90700912,9026600,21.93132973,9026600,30.37392044,24590800,27.03375053,24590800,7.090000153,21421000,5.699999809,21421000,1.649999976,5900,1.620000005,5900,10.93791485,163100,9.952606201,163100,6.764444351,428100,6.373333454,428100,45.09999847,1738900,42.18999863,1738900,31.07999992,1082600,23,1082600,18.59000015,7278900,16.79999924,7278900
5/6/2010 18:51,29.87999916,128613000,27.90999985,128613000,36.8928566,321465200,28.4642849,321465200,17.45192337,189407700,14.56730747,189407700,1.120000005,155700,1.049999952,155700,3.266000032,735000,3.052400112,735000,31.43000031,6056700,28.95000076,6056700,24.90700912,9026600,21.93132973,9026600,30.37392044,24590800,27.03375053,24590800,7.090000153,21421000,5.699999809,21421000,1.649999976,5900,1.620000005,5900,10.93791485,163100,9.952606201,163100,6.764444351,428100,6.373333454,428100,45.09999847,1738900,42.18999863,1738900,31.07999992,1082600,23,1082600,18.59000015,7278900,16.79999924,7278900
5/6/2010 18:52,29.87999916,128613000,27.90999985,128613000,36.8928566,321465200,28.4642849,321465200,17.45192337,189407700,14.56730747,189407700,1.120000005,155700,1.049999952,155700,3.266000032,735000,3.052400112,735000,31.43000031,6056700,28.95000076,6056700,24.90700912,9026600,21.93132973,9026600,30.37392044,24590800,27.03375053,24590800,7.090000153,21421000,5.699999809,21421000,1.649999976,5900,1.620000005,5900,10.93791485,163100,9.952606201,163100,6.764444351,428100,6.373333454,428100,45.09999847,1738900,42.18999863,1738900,31.07999992,1082600,23,1082600,18.59000015,7278900,16.79999924,7278900
5/6/2010 18:53,29.87999916,128613000,27.90999985,128613000,36.8928566,321465200,28.4642849,321465200,17.45192337,189407700,14.56730747,189407700,1.120000005,155700,1.049999952,155700,3.266000032,735000,3.052400112,735000,31.43000031,6056700,28.95000076,6056700,24.90700912,9026600,21.93132973,9026600,30.37392044,24590800,27.03375053,24590800,7.090000153,21421000,5.699999809,21421000,1.649999976,5900,1.620000005,5900,10.93791485,163100,9.952606201,163100,6.764444351,428100,6.373333454,428100,45.09999847,1738900,42.18999863,1738900,31.07999992,1082600,23,1082600,18.59000015,7278900,16.79999924,7278900
5/6/2010 18:54,29.87999916,128613000,27.90999985,128613000,36.8928566,321465200,28.4642849,321465200,17.45192337,189407700,14.56730747,189407700,1.120000005,155700,1.049999952,155700,3.266000032,735000,3.052400112,735000,31.43000031,6056700,28.95000076,6056700,24.90700912,9026600,21.93132973,9026600,30.37392044,24590800,27.03375053,24590800,7.090000153,21421000,5.699999809,21421000,1.649999976,5900,1.620000005,5900,10.93791485,163100,9.952606201,163100,6.764444351,428100,6.373333454,428100,45.09999847,1738900,42.18999863,1738900,31.07999992,1082600,23,1082600,18.59000015,7278900,16.79999924,7278900
5/6/2010 18:55,29.87999916,128613000,27.90999985,128613000,36.8928566,321465200,28.4642849,321465200,17.45192337,189407700,14.56730747,189407700,1.120000005,155700,1.049999952,155700,3.266000032,735000,3.052400112,735000,31.43000031,6056700,28.95000076,6056700,24.90700912,9026600,21.93132973,9026600,30.37392044,24590800,27.03375053,24590800,7.090000153,21421000,5.699999809,21421000,1.649999976,5900,1.620000005,5900,10.93791485,163100,9.952606201,163100,6.764444351,428100,6.373333454,428100,45.09999847,1738900,42.18999863,1738900,31.07999992,1082600,23,1082600,18.59000015,7278900,16.79999924,7278900
5/6/2010 18:56,29.87999916,128613000,27.90999985,128613000,36.8928566,321465200,28.4642849,321465200,17.45192337,189407700,14.56730747,189407700,1.120000005,155700,1.049999952,155700,3.266000032,735000,3.052400112,735000,31.43000031,6056700,28.95000076,6056700,24.90700912,9026600,21.93132973,9026600,30.37392044,24590800,27.03375053,24590800,7.090000153,21421000,5.699999809,21421000,1.649999976,5900,1.620000005,5900,10.93791485,163100,9.952606201,163100,6.764444351,428100,6.373333454,428100,45.09999847,1738900,42.18999863,1738900,31.07999992,1082600,23,1082600,18.59000015,7278900,16.79999924,7278900
5/6/2010 18:57,29.87999916,128613000,27.90999985,128613000,36.8928566,321465200,28.4642849,321465200,17.45192337,189407700,14.56730747,189407700,1.120000005,155700,1.049999952,155700,3.266000032,735000,3.052400112,735000,31.43000031,6056700,28.95000076,6056700,24.90700912,9026600,21.93132973,9026600,30.37392044,24590800,27.03375053,24590800,7.090000153,21421000,5.699999809,21421000,1.649999976,5900,1.620000005,5900,10.93791485,163100,9.952606201,163100,6.764444351,428100,6.373333454,428100,45.09999847,1738900,42.18999863,1738900,31.07999992,1082600,23,1082600,18.59000015,7278900,16.79999924,7278900
5/6/2010 18:58,29.87999916,128613000,27.90999985,128613000,36.8928566,321465200,28.4642849,321465200,17.45192337,189407700,14.56730747,189407700,1.120000005,155700,1.049999952,155700,3.266000032,735000,3.052400112,735000,31.43000031,6056700,28.95000076,6056700,24.90700912,9026600,21.93132973,9026600,30.37392044,24590800,27.03375053,24590800,7.090000153,21421000,5.699999809,21421000,1.649999976,5900,1.620000005,5900,10.93791485,163100,9.952606201,163100,6.764444351,428100,6.373333454,428100,45.09999847,1738900,42.18999863,1738900,31.07999992,1082600,23,1082600,18.59000015,7278900,16.79999924,7278900
5/6/2010 18:59,29.87999916,128613000,27.90999985,128613000,36.8928566,321465200,28.4642849,321465200,17.45192337,189407700,14.56730747,189407700,1.120000005,155700,1.049999952,155700,3.266000032,735000,3.052400112,735000,31.43000031,6056700,28.95000076,6056700,24.90700912,9026600,21.93132973,9026600,30.37392044,24590800,27.03375053,24590800,7.090000153,21421000,5.699999809,21421000,1.649999976,5900,1.620000005,5900,10.93791485,163100,9.952606201,163100,6.764444351,428100,6.373333454,428100,45.09999847,1738900,42.18999863,1738900,31.07999992,1082600,23,1082600,18.59000015,7278900,16.79999924,7278900
5/6/2010 19:00,29.87999916,128613000,27.90999985,128613000,36.8928566,321465200,28.4642849,321465200,17.45192337,189407700,14.56730747,189407700,1.120000005,155700,1.049999952,155700,3.266000032,735000,3.052400112,735000,31.43000031,6056700,28.95000076,6056700,24.90700912,9026600,21.93132973,9026600,30.37392044,24590800,27.03375053,24590800,7.090000153,21421000,5.699999809,21421000,1.649999976,5900,1.620000005,5900,10.93791485,163100,9.952606201,163100,6.764444351,428100,6.373333454,428100,45.09999847,1738900,42.18999863,1738900,31.07999992,1082600,23,1082600,18.59000015,7278900,16.79999924,7278900
5/6/2010 19:01,29.87999916,128613000,27.90999985,128613000,36.8928566,321465200,28.4642849,321465200,17.45192337,189407700,14.56730747,189407700,1.120000005,155700,1.049999952,155700,3.266000032,735000,3.052400112,735000,31.43000031,6056700,28.95000076,6056700,24.90700912,9026600,21.93132973,9026600,30.37392044,24590800,27.03375053,24590800,7.090000153,21421000,5.699999809,21421000,1.649999976,5900,1.620000005,5900,10.93791485,163100,9.952606201,163100,6.764444351,428100,6.373333454,428100,45.09999847,1738900,42.18999863,1738900,31.07999992,1082600,23,1082600,18.59000015,7278900,16.79999924,7278900
5/6/2010 19:02,29.87999916,128613000,27.90999985,128613000,36.8928566,321465200,28.4642849,321465200,17.45192337,189407700,14.56730747,189407700,1.120000005,155700,1.049999952,155700,3.266000032,735000,3.052400112,735000,31.43000031,6056700,28.95000076,6056700,24.90700912,9026600,21.93132973,9026600,30.37392044,24590800,27.03375053,24590800,7.090000153,21421000,5.699999809,21421000,1.649999976,5900,1.620000005,5900,10.93791485,163100,9.952606201,163100,6.764444351,428100,6.373333454,428100,45.09999847,1738900,42.18999863,1738900,31.07999992,1082600,23,1082600,18.59000015,7278900,16.79999924,7278900
5/6/2010 19:03,29.87999916,128613000,27.90999985,128613000,36.8928566,321465200,28.4642849,321465200,17.45192337,189407700,14.56730747,189407700,1.120000005,155700,1.049999952,155700,3.266000032,735000,3.052400112,735000,31.43000031,6056700,28.95000076,6056700,24.90700912,9026600,21.93132973,9026600,30.37392044,24590800,27.03375053,24590800,7.090000153,21421000,5.699999809,21421000,1.649999976,5900,1.620000005,5900,10.93791485,163100,9.952606201,163100,6.764444351,428100,6.373333454,428100,45.09999847,1738900,42.18999863,1738900,31.07999992,1082600,23,1082600,18.59000015,7278900,16.79999924,7278900
5/6/2010 19:04,29.87999916,128613000,27.90999985,128613000,36.8928566,321465200,28.4642849,321465200,17.45192337,189407700,14.56730747,189407700,1.120000005,155700,1.049999952,155700,3.266000032,735000,3.052400112,735000,31.43000031,6056700,28.95000076,6056700,24.90700912,9026600,21.93132973,9026600,30.37392044,24590800,27.03375053,24590800,7.090000153,21421000,5.699999809,21421000,1.649999976,5900,1.620000005,5900,10.93791485,163100,9.952606201,163100,6.764444351,428100,6.373333454,428100,45.09999847,1738900,42.18999863,1738900,31.07999992,1082600,23,1082600,18.59000015,7278900,16.79999924,7278900
5/6/2010 19:05,29.87999916,128613000,27.90999985,128613000,36.8928566,321465200,28.4642849,321465200,17.45192337,189407700,14.56730747,189407700,1.120000005,155700,1.049999952,155700,3.266000032,735000,3.052400112,735000,31.43000031,6056700,28.95000076,6056700,24.90700912,9026600,21.93132973,9026600,30.37392044,24590800,27.03375053,24590800,7.090000153,21421000,5.699999809,21421000,1.649999976,5900,1.620000005,5900,10.93791485,163100,9.952606201,163100,6.764444351,428100,6.373333454,428100,45.09999847,1738900,42.18999863,1738900,31.07999992,1082600,23,1082600,18.59000015,7278900,16.79999924,7278900
5/6/2010 19:06,29.87999916,128613000,27.90999985,128613000,36.8928566,321465200,28.4642849,321465200,17.45192337,189407700,14.56730747,189407700,1.120000005,155700,1.049999952,155700,3.266000032,735000,3.052400112,735000,31.43000031,6056700,28.95000076,6056700,24.90700912,9026600,21.93132973,9026600,30.37392044,24590800,27.03375053,24590800,7.090000153,21421000,5.699999809,21421000,1.649999976,5900,1.620000005,5900,10.93791485,163100,9.952606201,163100,6.764444351,428100,6.373333454,428100,45.09999847,1738900,42.18999863,1738900,31.07999992,1082600,23,1082600,18.59000015,7278900,16.79999924,7278900
5/6/2010 19:07,29.87999916,128613000,27.90999985,128613000,36.8928566,321465200,28.4642849,321465200,17.45192337,189407700,14.56730747,189407700,1.120000005,155700,1.049999952,155700,3.266000032,735000,3.052400112,735000,31.43000031,6056700,28.95000076,6056700,24.90700912,9026600,21.93132973,9026600,30.37392044,24590800,27.03375053,24590800,7.090000153,21421000,5.699999809,21421000,1.649999976,5900,1.620000005,5900,10.93791485,163100,9.952606201,163100,6.764444351,428100,6.373333454,428100,45.09999847,1738900,42.18999863,1738900,31.07999992,1082600,23,1082600,18.59000015,7278900,16.79999924,7278900
5/6/2010 19:08,29.87999916,128613000,27.90999985,128613000,36.8928566,321465200,28.4642849,321465200,17.45192337,189407700,14.56730747,189407700,1.120000005,155700,1.049999952,155700,3.266000032,735000,3.052400112,735000,31.43000031,6056700,28.95000076,6056700,24.90700912,9026600,21.93132973,9026600,30.37392044,24590800,27.03375053,24590800,7.090000153,21421000,5.699999809,21421000,1.649999976,5900,1.620000005,5900,10.93791485,163100,9.952606201,163100,6.764444351,428100,6.373333454,428100,45.09999847,1738900,42.18999863,1738900,31.07999992,1082600,23,1082600,18.59000015,7278900,16.79999924,7278900
5/6/2010 19:09,29.87999916,128613000,27.90999985,128613000,36.8928566,321465200,28.4642849,321465200,17.45192337,189407700,14.56730747,189407700,1.120000005,155700,1.049999952,155700,3.266000032,735000,3.052400112,735000,31.43000031,6056700,28.95000076,6056700,24.90700912,9026600,21.93132973,9026600,30.37392044,24590800,27.03375053,24590800,7.090000153,21421000,5.699999809,21421000,1.649999976,5900,1.620000005,5900,10.93791485,163100,9.952606201,163100,6.764444351,428100,6.373333454,428100,45.09999847,1738900,42.18999863,1738900,31.07999992,1082600,23,1082600,18.59000015,7278900,16.79999924,7278900
5/6/2010 19:10,29.87999916,128613000,27.90999985,128613000,36.8928566,321465200,28.4642849,321465200,17.45192337,189407700,14.56730747,189407700,1.120000005,155700,1.049999952,155700,3.266000032,735000,3.052400112,735000,31.43000031,6056700,28.95000076,6056700,24.90700912,9026600,21.93132973,9026600,30.37392044,24590800,27.03375053,24590800,7.090000153,21421000,5.699999809,21421000,1.649999976,5900,1.620000005,5900,10.93791485,163100,9.952606201,163100,6.764444351,428100,6.373333454,428100,45.09999847,1738900,42.18999863,1738900,31.07999992,1082600,23,1082600,18.59000015,7278900,16.79999924,7278900
5/6/2010 19:11,29.87999916,128613000,27.90999985,128613000,36.8928566,321465200,28.4642849,321465200,17.45192337,189407700,14.56730747,189407700,1.120000005,155700,1.049999952,155700,3.266000032,735000,3.052400112,735000,31.43000031,6056700,28.95000076,6056700,24.90700912,9026600,21.93132973,9026600,30.37392044,24590800,27.03375053,24590800,7.090000153,21421000,5.699999809,21421000,1.649999976,5900,1.620000005,5900,10.93791485,163100,9.952606201,163100,6.764444351,428100,6.373333454,428100,45.09999847,1738900,42.18999863,1738900,31.07999992,1082600,23,1082600,18.59000015,7278900,16.79999924,7278900
5/6/2010 19:12,29.87999916,128613000,27.90999985,128613000,36.8928566,321465200,28.4642849,321465200,17.45192337,189407700,14.56730747,189407700,1.120000005,155700,1.049999952,155700,3.266000032,735000,3.052400112,735000,31.43000031,6056700,28.95000076,6056700,24.90700912,9026600,21.93132973,9026600,30.37392044,24590800,27.03375053,24590800,7.090000153,21421000,5.699999809,21421000,1.649999976,5900,1.620000005,5900,10.93791485,163100,9.952606201,163100,6.764444351,428100,6.373333454,428100,45.09999847,1738900,42.18999863,1738900,31.07999992,1082600,23,1082600,18.59000015,7278900,16.79999924,7278900
5/6/2010 19:13,29.87999916,128613000,27.90999985,128613000,36.8928566,321465200,28.4642849,321465200,17.45192337,189407700,14.56730747,189407700,1.120000005,155700,1.049999952,155700,3.266000032,735000,3.052400112,735000,31.43000031,6056700,28.95000076,6056700,24.90700912,9026600,21.93132973,9026600,30.37392044,24590800,27.03375053,24590800,7.090000153,21421000,5.699999809,21421000,1.649999976,5900,1.620000005,5900,10.93791485,163100,9.952606201,163100,6.764444351,428100,6.373333454,428100,45.09999847,1738900,42.18999863,1738900,31.07999992,1082600,23,1082600,18.59000015,7278900,16.79999924,7278900
5/6/2010 19:14,29.87999916,128613000,27.90999985,128613000,36.8928566,321465200,28.4642849,321465200,17.45192337,189407700,14.56730747,189407700,1.120000005,155700,1.049999952,155700,3.266000032,735000,3.052400112,735000,31.43000031,6056700,28.95000076,6056700,24.90700912,9026600,21.93132973,9026600,30.37392044,24590800,27.03375053,24590800,7.090000153,21421000,5.699999809,21421000,1.649999976,5900,1.620000005,5900,10.93791485,163100,9.952606201,163100,6.764444351,428100,6.373333454,428100,45.09999847,1738900,42.18999863,1738900,31.07999992,1082600,23,1082600,18.59000015,7278900,16.79999924,7278900
5/6/2010 19:15,29.87999916,128613000,27.90999985,128613000,36.8928566,321465200,28.4642849,321465200,17.45192337,189407700,14.56730747,189407700,1.120000005,155700,1.049999952,155700,3.266000032,735000,3.052400112,735000,31.43000031,6056700,28.95000076,6056700,24.90700912,9026600,21.93132973,9026600,30.37392044,24590800,27.03375053,24590800,7.090000153,21421000,5.699999809,21421000,1.649999976,5900,1.620000005,5900,10.93791485,163100,9.952606201,163100,6.764444351,428100,6.373333454,428100,45.09999847,1738900,42.18999863,1738900,31.07999992,1082600,23,1082600,18.59000015,7278900,16.79999924,7278900
5/6/2010 19:16,29.87999916,128613000,27.90999985,128613000,36.8928566,321465200,28.4642849,321465200,17.45192337,189407700,14.56730747,189407700,1.120000005,155700,1.049999952,155700,3.266000032,735000,3.052400112,735000,31.43000031,6056700,28.95000076,6056700,24.90700912,9026600,21.93132973,9026600,30.37392044,24590800,27.03375053,24590800,7.090000153,21421000,5.699999809,21421000,1.649999976,5900,1.620000005,5900,10.93791485,163100,9.952606201,163100,6.764444351,428100,6.373333454,428100,45.09999847,1738900,42.18999863,1738900,31.07999992,1082600,23,1082600,18.59000015,7278900,16.79999924,7278900
5/6/2010 19:17,29.87999916,128613000,27.90999985,128613000,36.8928566,321465200,28.4642849,321465200,17.45192337,189407700,14.56730747,189407700,1.120000005,155700,1.049999952,155700,3.266000032,735000,3.052400112,735000,31.43000031,6056700,28.95000076,6056700,24.90700912,9026600,21.93132973,9026600,30.37392044,24590800,27.03375053,24590800,7.090000153,21421000,5.699999809,21421000,1.649999976,5900,1.620000005,5900,10.93791485,163100,9.952606201,163100,6.764444351,428100,6.373333454,428100,45.09999847,1738900,42.18999863,1738900,31.07999992,1082600,23,1082600,18.59000015,7278900,16.79999924,7278900
5/6/2010 19:18,29.87999916,128613000,27.90999985,128613000,36.8928566,321465200,28.4642849,321465200,17.45192337,189407700,14.56730747,189407700,1.120000005,155700,1.049999952,155700,3.266000032,735000,3.052400112,735000,31.43000031,6056700,28.95000076,6056700,24.90700912,9026600,21.93132973,9026600,30.37392044,24590800,27.03375053,24590800,7.090000153,21421000,5.699999809,21421000,1.649999976,5900,1.620000005,5900,10.93791485,163100,9.952606201,163100,6.764444351,428100,6.373333454,428100,45.09999847,1738900,42.18999863,1738900,31.07999992,1082600,23,1082600,18.59000015,7278900,16.79999924,7278900
5/6/2010 19:19,29.87999916,128613000,27.90999985,128613000,36.8928566,321465200,28.4642849,321465200,17.45192337,189407700,14.56730747,189407700,1.120000005,155700,1.049999952,155700,3.266000032,735000,3.052400112,735000,31.43000031,6056700,28.95000076,6056700,24.90700912,9026600,21.93132973,9026600,30.37392044,24590800,27.03375053,24590800,7.090000153,21421000,5.699999809,21421000,1.649999976,5900,1.620000005,5900,10.93791485,163100,9.952606201,163100,6.764444351,428100,6.373333454,428100,45.09999847,1738900,42.18999863,1738900,31.07999992,1082600,23,1082600,18.59000015,7278900,16.79999924,7278900
5/6/2010 19:20,29.87999916,128613000,27.90999985,128613000,36.8928566,321465200,28.4642849,321465200,17.45192337,189407700,14.56730747,189407700,1.120000005,155700,1.049999952,155700,3.266000032,735000,3.052400112,735000,31.43000031,6056700,28.95000076,6056700,24.90700912,9026600,21.93132973,9026600,30.37392044,24590800,27.03375053,24590800,7.090000153,21421000,5.699999809,21421000,1.649999976,5900,1.620000005,5900,10.93791485,163100,9.952606201,163100,6.764444351,428100,6.373333454,428100,45.09999847,1738900,42.18999863,1738900,31.07999992,1082600,23,1082600,18.59000015,7278900,16.79999924,7278900
5/6/2010 19:21,29.87999916,128613000,27.90999985,128613000,36.8928566,321465200,28.4642849,321465200,17.45192337,189407700,14.56730747,189407700,1.120000005,155700,1.049999952,155700,3.266000032,735000,3.052400112,735000,31.43000031,6056700,28.95000076,6056700,24.90700912,9026600,21.93132973,9026600,30.37392044,24590800,27.03375053,24590800,7.090000153,21421000,5.699999809,21421000,1.649999976,5900,1.620000005,5900,10.93791485,163100,9.952606201,163100,6.764444351,428100,6.373333454,428100,45.09999847,1738900,42.18999863,1738900,31.07999992,1082600,23,1082600,18.59000015,7278900,16.79999924,7278900
5/6/2010 19:22,29.87999916,128613000,27.90999985,128613000,36.8928566,321465200,28.4642849,321465200,17.45192337,189407700,14.56730747,189407700,1.120000005,155700,1.049999952,155700,3.266000032,735000,3.052400112,735000,31.43000031,6056700,28.95000076,6056700,24.90700912,9026600,21.93132973,9026600,30.37392044,24590800,27.03375053,24590800,7.090000153,21421000,5.699999809,21421000,1.649999976,5900,1.620000005,5900,10.93791485,163100,9.952606201,163100,6.764444351,428100,6.373333454,428100,45.09999847,1738900,42.18999863,1738900,31.07999992,1082600,23,1082600,18.59000015,7278900,16.79999924,7278900
5/6/2010 19:23,29.87999916,128613000,27.90999985,128613000,36.8928566,321465200,28.4642849,321465200,17.45192337,189407700,14.56730747,189407700,1.120000005,155700,1.049999952,155700,3.266000032,735000,3.052400112,735000,31.43000031,6056700,28.95000076,6056700,24.90700912,9026600,21.93132973,9026600,30.37392044,24590800,27.03375053,24590800,7.090000153,21421000,5.699999809,21421000,1.649999976,5900,1.620000005,5900,10.93791485,163100,9.952606201,163100,6.764444351,428100,6.373333454,428100,45.09999847,1738900,42.18999863,1738900,31.07999992,1082600,23,1082600,18.59000015,7278900,16.79999924,7278900
5/6/2010 19:24,29.87999916,128613000,27.90999985,128613000,36.8928566,321465200,28.4642849,321465200,17.45192337,189407700,14.56730747,189407700,1.120000005,155700,1.049999952,155700,3.266000032,735000,3.052400112,735000,31.43000031,6056700,28.95000076,6056700,24.90700912,9026600,21.93132973,9026600,30.37392044,24590800,27.03375053,24590800,7.090000153,21421000,5.699999809,21421000,1.649999976,5900,1.620000005,5900,10.93791485,163100,9.952606201,163100,6.764444351,428100,6.373333454,428100,45.09999847,1738900,42.18999863,1738900,31.07999992,1082600,23,1082600,18.59000015,7278900,16.79999924,7278900
5/6/2010 19:25,29.87999916,128613000,27.90999985,128613000,36.8928566,321465200,28.4642849,321465200,17.45192337,189407700,14.56730747,189407700,1.120000005,155700,1.049999952,155700,3.266000032,735000,3.052400112,735000,31.43000031,6056700,28.95000076,6056700,24.90700912,9026600,21.93132973,9026600,30.37392044,24590800,27.03375053,24590800,7.090000153,21421000,5.699999809,21421000,1.649999976,5900,1.620000005,5900,10.93791485,163100,9.952606201,163100,6.764444351,428100,6.373333454,428100,45.09999847,1738900,42.18999863,1738900,31.07999992,1082600,23,1082600,18.59000015,7278900,16.79999924,7278900
5/6/2010 19:26,29.87999916,128613000,27.90999985,128613000,36.8928566,321465200,28.4642849,321465200,17.45192337,189407700,14.56730747,189407700,1.120000005,155700,1.049999952,155700,3.266000032,735000,3.052400112,735000,31.43000031,6056700,28.95000076,6056700,24.90700912,9026600,21.93132973,9026600,30.37392044,24590800,27.03375053,24590800,7.090000153,21421000,5.699999809,21421000,1.649999976,5900,1.620000005,5900,10.93791485,163100,9.952606201,163100,6.764444351,428100,6.373333454,428100,45.09999847,1738900,42.18999863,1738900,31.07999992,1082600,23,1082600,18.59000015,7278900,16.79999924,7278900
5/6/2010 19:27,29.87999916,128613000,27.90999985,128613000,36.8928566,321465200,28.4642849,321465200,17.45192337,189407700,14.56730747,189407700,1.120000005,155700,1.049999952,155700,3.266000032,735000,3.052400112,735000,31.43000031,6056700,28.95000076,6056700,24.90700912,9026600,21.93132973,9026600,30.37392044,24590800,27.03375053,24590800,7.090000153,21421000,5.699999809,21421000,1.649999976,5900,1.620000005,5900,10.93791485,163100,9.952606201,163100,6.764444351,428100,6.373333454,428100,45.09999847,1738900,42.18999863,1738900,31.07999992,1082600,23,1082600,18.59000015,7278900,16.79999924,7278900
5/6/2010 19:28,29.87999916,128613000,27.90999985,128613000,36.8928566,321465200,28.4642849,321465200,17.45192337,189407700,14.56730747,189407700,1.120000005,155700,1.049999952,155700,3.266000032,735000,3.052400112,735000,31.43000031,6056700,28.95000076,6056700,24.90700912,9026600,21.93132973,9026600,30.37392044,24590800,27.03375053,24590800,7.090000153,21421000,5.699999809,21421000,1.649999976,5900,1.620000005,5900,10.93791485,163100,9.952606201,163100,6.764444351,428100,6.373333454,428100,45.09999847,1738900,42.18999863,1738900,31.07999992,1082600,23,1082600,18.59000015,7278900,16.79999924,7278900
5/6/2010 19:29,29.87999916,128613000,27.90999985,128613000,36.8928566,321465200,28.4642849,321465200,17.45192337,189407700,14.56730747,189407700,1.120000005,155700,1.049999952,155700,3.266000032,735000,3.052400112,735000,31.43000031,6056700,28.95000076,6056700,24.90700912,9026600,21.93132973,9026600,30.37392044,24590800,27.03375053,24590800,7.090000153,21421000,5.699999809,21421000,1.649999976,5900,1.620000005,5900,10.93791485,163100,9.952606201,163100,6.764444351,428100,6.373333454,428100,45.09999847,1738900,42.18999863,1738900,31.07999992,1082600,23,1082600,18.59000015,7278900,16.79999924,7278900
5/6/2010 19:30,29.87999916,128613000,27.90999985,128613000,36.8928566,321465200,28.4642849,321465200,17.45192337,189407700,14.56730747,189407700,1.120000005,155700,1.049999952,155700,3.266000032,735000,3.052400112,735000,31.43000031,6056700,28.95000076,6056700,24.90700912,9026600,21.93132973,9026600,30.37392044,24590800,27.03375053,24590800,7.090000153,21421000,5.699999809,21421000,1.649999976,5900,1.620000005,5900,10.93791485,163100,9.952606201,163100,6.764444351,428100,6.373333454,428100,45.09999847,1738900,42.18999863,1738900,31.07999992,1082600,23,1082600,18.59000015,7278900,16.79999924,7278900
5/6/2010 19:31,29.87999916,128613000,27.90999985,128613000,36.8928566,321465200,28.4642849,321465200,17.45192337,189407700,14.56730747,189407700,1.120000005,155700,1.049999952,155700,3.266000032,735000,3.052400112,735000,31.43000031,6056700,28.95000076,6056700,24.90700912,9026600,21.93132973,9026600,30.37392044,24590800,27.03375053,24590800,7.090000153,21421000,5.699999809,21421000,1.649999976,5900,1.620000005,5900,10.93791485,163100,9.952606201,163100,6.764444351,428100,6.373333454,428100,45.09999847,1738900,42.18999863,1738900,31.07999992,1082600,23,1082600,18.59000015,7278900,16.79999924,7278900
5/6/2010 19:32,29.87999916,128613000,27.90999985,128613000,36.8928566,321465200,28.4642849,321465200,17.45192337,189407700,14.56730747,189407700,1.120000005,155700,1.049999952,155700,3.266000032,735000,3.052400112,735000,31.43000031,6056700,28.95000076,6056700,24.90700912,9026600,21.93132973,9026600,30.37392044,24590800,27.03375053,24590800,7.090000153,21421000,5.699999809,21421000,1.649999976,5900,1.620000005,5900,10.93791485,163100,9.952606201,163100,6.764444351,428100,6.373333454,428100,45.09999847,1738900,42.18999863,1738900,31.07999992,1082600,23,1082600,18.59000015,7278900,16.79999924,7278900
5/6/2010 19:33,29.87999916,128613000,27.90999985,128613000,36.8928566,321465200,28.4642849,321465200,17.45192337,189407700,14.56730747,189407700,1.120000005,155700,1.049999952,155700,3.266000032,735000,3.052400112,735000,31.43000031,6056700,28.95000076,6056700,24.90700912,9026600,21.93132973,9026600,30.37392044,24590800,27.03375053,24590800,7.090000153,21421000,5.699999809,21421000,1.649999976,5900,1.620000005,5900,10.93791485,163100,9.952606201,163100,6.764444351,428100,6.373333454,428100,45.09999847,1738900,42.18999863,1738900,31.07999992,1082600,23,1082600,18.59000015,7278900,16.79999924,7278900
5/6/2010 19:34,29.87999916,128613000,27.90999985,128613000,36.8928566,321465200,28.4642849,321465200,17.45192337,189407700,14.56730747,189407700,1.120000005,155700,1.049999952,155700,3.266000032,735000,3.052400112,735000,31.43000031,6056700,28.95000076,6056700,24.90700912,9026600,21.93132973,9026600,30.37392044,24590800,27.03375053,24590800,7.090000153,21421000,5.699999809,21421000,1.649999976,5900,1.620000005,5900,10.93791485,163100,9.952606201,163100,6.764444351,428100,6.373333454,428100,45.09999847,1738900,42.18999863,1738900,31.07999992,1082600,23,1082600,18.59000015,7278900,16.79999924,7278900
5/6/2010 19:35,29.87999916,128613000,27.90999985,128613000,36.8928566,321465200,28.4642849,321465200,17.45192337,189407700,14.56730747,189407700,1.120000005,155700,1.049999952,155700,3.266000032,735000,3.052400112,735000,31.43000031,6056700,28.95000076,6056700,24.90700912,9026600,21.93132973,9026600,30.37392044,24590800,27.03375053,24590800,7.090000153,21421000,5.699999809,21421000,1.649999976,5900,1.620000005,5900,10.93791485,163100,9.952606201,163100,6.764444351,428100,6.373333454,428100,45.09999847,1738900,42.18999863,1738900,31.07999992,1082600,23,1082600,18.59000015,7278900,16.79999924,7278900
5/6/2010 19:36,29.87999916,128613000,27.90999985,128613000,36.8928566,321465200,28.4642849,321465200,17.45192337,189407700,14.56730747,189407700,1.120000005,155700,1.049999952,155700,3.266000032,735000,3.052400112,735000,31.43000031,6056700,28.95000076,6056700,24.90700912,9026600,21.93132973,9026600,30.37392044,24590800,27.03375053,24590800,7.090000153,21421000,5.699999809,21421000,1.649999976,5900,1.620000005,5900,10.93791485,163100,9.952606201,163100,6.764444351,428100,6.373333454,428100,45.09999847,1738900,42.18999863,1738900,31.07999992,1082600,23,1082600,18.59000015,7278900,16.79999924,7278900
5/6/2010 19:37,29.87999916,128613000,27.90999985,128613000,36.8928566,321465200,28.4642849,321465200,17.45192337,189407700,14.56730747,189407700,1.120000005,155700,1.049999952,155700,3.266000032,735000,3.052400112,735000,31.43000031,6056700,28.95000076,6056700,24.90700912,9026600,21.93132973,9026600,30.37392044,24590800,27.03375053,24590800,7.090000153,21421000,5.699999809,21421000,1.649999976,5900,1.620000005,5900,10.93791485,163100,9.952606201,163100,6.764444351,428100,6.373333454,428100,45.09999847,1738900,42.18999863,1738900,31.07999992,1082600,23,1082600,18.59000015,7278900,16.79999924,7278900
5/6/2010 19:38,29.87999916,128613000,27.90999985,128613000,36.8928566,321465200,28.4642849,321465200,17.45192337,189407700,14.56730747,189407700,1.120000005,155700,1.049999952,155700,3.266000032,735000,3.052400112,735000,31.43000031,6056700,28.95000076,6056700,24.90700912,9026600,21.93132973,9026600,30.37392044,24590800,27.03375053,24590800,7.090000153,21421000,5.699999809,21421000,1.649999976,5900,1.620000005,5900,10.93791485,163100,9.952606201,163100,6.764444351,428100,6.373333454,428100,45.09999847,1738900,42.18999863,1738900,31.07999992,1082600,23,1082600,18.59000015,7278900,16.79999924,7278900
5/6/2010 19:39,29.87999916,128613000,27.90999985,128613000,36.8928566,321465200,28.4642849,321465200,17.45192337,189407700,14.56730747,189407700,1.120000005,155700,1.049999952,155700,3.266000032,735000,3.052400112,735000,31.43000031,6056700,28.95000076,6056700,24.90700912,9026600,21.93132973,9026600,30.37392044,24590800,27.03375053,24590800,7.090000153,21421000,5.699999809,21421000,1.649999976,5900,1.620000005,5900,10.93791485,163100,9.952606201,163100,6.764444351,428100,6.373333454,428100,45.09999847,1738900,42.18999863,1738900,31.07999992,1082600,23,1082600,18.59000015,7278900,16.79999924,7278900
5/6/2010 19:40,29.87999916,128613000,27.90999985,128613000,36.8928566,321465200,28.4642849,321465200,17.45192337,189407700,14.56730747,189407700,1.120000005,155700,1.049999952,155700,3.266000032,735000,3.052400112,735000,31.43000031,6056700,28.95000076,6056700,24.90700912,9026600,21.93132973,9026600,30.37392044,24590800,27.03375053,24590800,7.090000153,21421000,5.699999809,21421000,1.649999976,5900,1.620000005,5900,10.93791485,163100,9.952606201,163100,6.764444351,428100,6.373333454,428100,45.09999847,1738900,42.18999863,1738900,31.07999992,1082600,23,1082600,18.59000015,7278900,16.79999924,7278900
5/6/2010 19:41,29.87999916,128613000,27.90999985,128613000,36.8928566,321465200,28.4642849,321465200,17.45192337,189407700,14.56730747,189407700,1.120000005,155700,1.049999952,155700,3.266000032,735000,3.052400112,735000,31.43000031,6056700,28.95000076,6056700,24.90700912,9026600,21.93132973,9026600,30.37392044,24590800,27.03375053,24590800,7.090000153,21421000,5.699999809,21421000,1.649999976,5900,1.620000005,5900,10.93791485,163100,9.952606201,163100,6.764444351,428100,6.373333454,428100,45.09999847,1738900,42.18999863,1738900,31.07999992,1082600,23,1082600,18.59000015,7278900,16.79999924,7278900
5/6/2010 19:42,29.87999916,128613000,27.90999985,128613000,36.8928566,321465200,28.4642849,321465200,17.45192337,189407700,14.56730747,189407700,1.120000005,155700,1.049999952,155700,3.266000032,735000,3.052400112,735000,31.43000031,6056700,28.95000076,6056700,24.90700912,9026600,21.93132973,9026600,30.37392044,24590800,27.03375053,24590800,7.090000153,21421000,5.699999809,21421000,1.649999976,5900,1.620000005,5900,10.93791485,163100,9.952606201,163100,6.764444351,428100,6.373333454,428100,45.09999847,1738900,42.18999863,1738900,31.07999992,1082600,23,1082600,18.59000015,7278900,16.79999924,7278900
5/6/2010 19:43,29.87999916,128613000,27.90999985,128613000,36.8928566,321465200,28.4642849,321465200,17.45192337,189407700,14.56730747,189407700,1.120000005,155700,1.049999952,155700,3.266000032,735000,3.052400112,735000,31.43000031,6056700,28.95000076,6056700,24.90700912,9026600,21.93132973,9026600,30.37392044,24590800,27.03375053,24590800,7.090000153,21421000,5.699999809,21421000,1.649999976,5900,1.620000005,5900,10.93791485,163100,9.952606201,163100,6.764444351,428100,6.373333454,428100,45.09999847,1738900,42.18999863,1738900,31.07999992,1082600,23,1082600,18.59000015,7278900,16.79999924,7278900
5/6/2010 19:44,29.87999916,128613000,27.90999985,128613000,36.8928566,321465200,28.4642849,321465200,17.45192337,189407700,14.56730747,189407700,1.120000005,155700,1.049999952,155700,3.266000032,735000,3.052400112,735000,31.43000031,6056700,28.95000076,6056700,24.90700912,9026600,21.93132973,9026600,30.37392044,24590800,27.03375053,24590800,7.090000153,21421000,5.699999809,21421000,1.649999976,5900,1.620000005,5900,10.93791485,163100,9.952606201,163100,6.764444351,428100,6.373333454,428100,45.09999847,1738900,42.18999863,1738900,31.07999992,1082600,23,1082600,18.59000015,7278900,16.79999924,7278900
5/6/2010 19:45,29.87999916,128613000,27.90999985,128613000,36.8928566,321465200,28.4642849,321465200,17.45192337,189407700,14.56730747,189407700,1.120000005,155700,1.049999952,155700,3.266000032,735000,3.052400112,735000,31.43000031,6056700,28.95000076,6056700,24.90700912,9026600,21.93132973,9026600,30.37392044,24590800,27.03375053,24590800,7.090000153,21421000,5.699999809,21421000,1.649999976,5900,1.620000005,5900,10.93791485,163100,9.952606201,163100,6.764444351,428100,6.373333454,428100,45.09999847,1738900,42.18999863,1738900,31.07999992,1082600,23,1082600,18.59000015,7278900,16.79999924,7278900
5/6/2010 19:46,29.87999916,128613000,27.90999985,128613000,36.8928566,321465200,28.4642849,321465200,17.45192337,189407700,14.56730747,189407700,1.120000005,155700,1.049999952,155700,3.266000032,735000,3.052400112,735000,31.43000031,6056700,28.95000076,6056700,24.90700912,9026600,21.93132973,9026600,30.37392044,24590800,27.03375053,24590800,7.090000153,21421000,5.699999809,21421000,1.649999976,5900,1.620000005,5900,10.93791485,163100,9.952606201,163100,6.764444351,428100,6.373333454,428100,45.09999847,1738900,42.18999863,1738900,31.07999992,1082600,23,1082600,18.59000015,7278900,16.79999924,7278900
5/6/2010 19:47,29.87999916,128613000,27.90999985,128613000,36.8928566,321465200,28.4642849,321465200,17.45192337,189407700,14.56730747,189407700,1.120000005,155700,1.049999952,155700,3.266000032,735000,3.052400112,735000,31.43000031,6056700,28.95000076,6056700,24.90700912,9026600,21.93132973,9026600,30.37392044,24590800,27.03375053,24590800,7.090000153,21421000,5.699999809,21421000,1.649999976,5900,1.620000005,5900,10.93791485,163100,9.952606201,163100,6.764444351,428100,6.373333454,428100,45.09999847,1738900,42.18999863,1738900,31.07999992,1082600,23,1082600,18.59000015,7278900,16.79999924,7278900
5/6/2010 19:48,29.87999916,128613000,27.90999985,128613000,36.8928566,321465200,28.4642849,321465200,17.45192337,189407700,14.56730747,189407700,1.120000005,155700,1.049999952,155700,3.266000032,735000,3.052400112,735000,31.43000031,6056700,28.95000076,6056700,24.90700912,9026600,21.93132973,9026600,30.37392044,24590800,27.03375053,24590800,7.090000153,21421000,5.699999809,21421000,1.649999976,5900,1.620000005,5900,10.93791485,163100,9.952606201,163100,6.764444351,428100,6.373333454,428100,45.09999847,1738900,42.18999863,1738900,31.07999992,1082600,23,1082600,18.59000015,7278900,16.79999924,7278900
5/6/2010 19:49,29.87999916,128613000,27.90999985,128613000,36.8928566,321465200,28.4642849,321465200,17.45192337,189407700,14.56730747,189407700,1.120000005,155700,1.049999952,155700,3.266000032,735000,3.052400112,735000,31.43000031,6056700,28.95000076,6056700,24.90700912,9026600,21.93132973,9026600,30.37392044,24590800,27.03375053,24590800,7.090000153,21421000,5.699999809,21421000,1.649999976,5900,1.620000005,5900,10.93791485,163100,9.952606201,163100,6.764444351,428100,6.373333454,428100,45.09999847,1738900,42.18999863,1738900,31.07999992,1082600,23,1082600,18.59000015,7278900,16.79999924,7278900
5/6/2010 19:50,29.87999916,128613000,27.90999985,128613000,36.8928566,321465200,28.4642849,321465200,17.45192337,189407700,14.56730747,189407700,1.120000005,155700,1.049999952,155700,3.266000032,735000,3.052400112,735000,31.43000031,6056700,28.95000076,6056700,24.90700912,9026600,21.93132973,9026600,30.37392044,24590800,27.03375053,24590800,7.090000153,21421000,5.699999809,21421000,1.649999976,5900,1.620000005,5900,10.93791485,163100,9.952606201,163100,6.764444351,428100,6.373333454,428100,45.09999847,1738900,42.18999863,1738900,31.07999992,1082600,23,1082600,18.59000015,7278900,16.79999924,7278900
5/6/2010 19:51,29.87999916,128613000,27.90999985,128613000,36.8928566,321465200,28.4642849,321465200,17.45192337,189407700,14.56730747,189407700,1.120000005,155700,1.049999952,155700,3.266000032,735000,3.052400112,735000,31.43000031,6056700,28.95000076,6056700,24.90700912,9026600,21.93132973,9026600,30.37392044,24590800,27.03375053,24590800,7.090000153,21421000,5.699999809,21421000,1.649999976,5900,1.620000005,5900,10.93791485,163100,9.952606201,163100,6.764444351,428100,6.373333454,428100,45.09999847,1738900,42.18999863,1738900,31.07999992,1082600,23,1082600,18.59000015,7278900,16.79999924,7278900
5/6/2010 19:52,29.87999916,128613000,27.90999985,128613000,36.8928566,321465200,28.4642849,321465200,17.45192337,189407700,14.56730747,189407700,1.120000005,155700,1.049999952,155700,3.266000032,735000,3.052400112,735000,31.43000031,6056700,28.95000076,6056700,24.90700912,9026600,21.93132973,9026600,30.37392044,24590800,27.03375053,24590800,7.090000153,21421000,5.699999809,21421000,1.649999976,5900,1.620000005,5900,10.93791485,163100,9.952606201,163100,6.764444351,428100,6.373333454,428100,45.09999847,1738900,42.18999863,1738900,31.07999992,1082600,23,1082600,18.59000015,7278900,16.79999924,7278900
5/6/2010 19:53,29.87999916,128613000,27.90999985,128613000,36.8928566,321465200,28.4642849,321465200,17.45192337,189407700,14.56730747,189407700,1.120000005,155700,1.049999952,155700,3.266000032,735000,3.052400112,735000,31.43000031,6056700,28.95000076,6056700,24.90700912,9026600,21.93132973,9026600,30.37392044,24590800,27.03375053,24590800,7.090000153,21421000,5.699999809,21421000,1.649999976,5900,1.620000005,5900,10.93791485,163100,9.952606201,163100,6.764444351,428100,6.373333454,428100,45.09999847,1738900,42.18999863,1738900,31.07999992,1082600,23,1082600,18.59000015,7278900,16.79999924,7278900
5/6/2010 19:54,29.87999916,128613000,27.90999985,128613000,36.8928566,321465200,28.4642849,321465200,17.45192337,189407700,14.56730747,189407700,1.120000005,155700,1.049999952,155700,3.266000032,735000,3.052400112,735000,31.43000031,6056700,28.95000076,6056700,24.90700912,9026600,21.93132973,9026600,30.37392044,24590800,27.03375053,24590800,7.090000153,21421000,5.699999809,21421000,1.649999976,5900,1.620000005,5900,10.93791485,163100,9.952606201,163100,6.764444351,428100,6.373333454,428100,45.09999847,1738900,42.18999863,1738900,31.07999992,1082600,23,1082600,18.59000015,7278900,16.79999924,7278900
5/6/2010 19:55,29.87999916,128613000,27.90999985,128613000,36.8928566,321465200,28.4642849,321465200,17.45192337,189407700,14.56730747,189407700,1.120000005,155700,1.049999952,155700,3.266000032,735000,3.052400112,735000,31.43000031,6056700,28.95000076,6056700,24.90700912,9026600,21.93132973,9026600,30.37392044,24590800,27.03375053,24590800,7.090000153,21421000,5.699999809,21421000,1.649999976,5900,1.620000005,5900,10.93791485,163100,9.952606201,163100,6.764444351,428100,6.373333454,428100,45.09999847,1738900,42.18999863,1738900,31.07999992,1082600,23,1082600,18.59000015,7278900,16.79999924,7278900
5/6/2010 19:56,29.87999916,128613000,27.90999985,128613000,36.8928566,321465200,28.4642849,321465200,17.45192337,189407700,14.56730747,189407700,1.120000005,155700,1.049999952,155700,3.266000032,735000,3.052400112,735000,31.43000031,6056700,28.95000076,6056700,24.90700912,9026600,21.93132973,9026600,30.37392044,24590800,27.03375053,24590800,7.090000153,21421000,5.699999809,21421000,1.649999976,5900,1.620000005,5900,10.93791485,163100,9.952606201,163100,6.764444351,428100,6.373333454,428100,45.09999847,1738900,42.18999863,1738900,31.07999992,1082600,23,1082600,18.59000015,7278900,16.79999924,7278900
5/6/2010 19:57,29.87999916,128613000,27.90999985,128613000,36.8928566,321465200,28.4642849,321465200,17.45192337,189407700,14.56730747,189407700,1.120000005,155700,1.049999952,155700,3.266000032,735000,3.052400112,735000,31.43000031,6056700,28.95000076,6056700,24.90700912,9026600,21.93132973,9026600,30.37392044,24590800,27.03375053,24590800,7.090000153,21421000,5.699999809,21421000,1.649999976,5900,1.620000005,5900,10.93791485,163100,9.952606201,163100,6.764444351,428100,6.373333454,428100,45.09999847,1738900,42.18999863,1738900,31.07999992,1082600,23,1082600,18.59000015,7278900,16.79999924,7278900
5/6/2010 19:58,29.87999916,128613000,27.90999985,128613000,36.8928566,321465200,28.4642849,321465200,17.45192337,189407700,14.56730747,189407700,1.120000005,155700,1.049999952,155700,3.266000032,735000,3.052400112,735000,31.43000031,6056700,28.95000076,6056700,24.90700912,9026600,21.93132973,9026600,30.37392044,24590800,27.03375053,24590800,7.090000153,21421000,5.699999809,21421000,1.649999976,5900,1.620000005,5900,10.93791485,163100,9.952606201,163100,6.764444351,428100,6.373333454,428100,45.09999847,1738900,42.18999863,1738900,31.07999992,1082600,23,1082600,18.59000015,7278900,16.79999924,7278900
5/6/2010 19:59,29.87999916,128613000,27.90999985,128613000,36.8928566,321465200,28.4642849,321465200,17.45192337,189407700,14.56730747,189407700,1.120000005,155700,1.049999952,155700,3.266000032,735000,3.052400112,735000,31.43000031,6056700,28.95000076,6056700,24.90700912,9026600,21.93132973,9026600,30.37392044,24590800,27.03375053,24590800,7.090000153,21421000,5.699999809,21421000,1.649999976,5900,1.620000005,5900,10.93791485,163100,9.952606201,163100,6.764444351,428100,6.373333454,428100,45.09999847,1738900,42.18999863,1738900,31.07999992,1082600,23,1082600,18.59000015,7278900,16.79999924,7278900
5/6/2010 20:00,29.87999916,128613000,27.90999985,128613000,36.8928566,321465200,28.4642849,321465200,17.45192337,189407700,14.56730747,189407700,1.120000005,155700,1.049999952,155700,3.266000032,735000,3.052400112,735000,31.43000031,6056700,28.95000076,6056700,24.90700912,9026600,21.93132973,9026600,30.37392044,24590800,27.03375053,24590800,7.090000153,21421000,5.699999809,21421000,1.649999976,5900,1.620000005,5900,10.93791485,163100,9.952606201,163100,6.764444351,428100,6.373333454,428100,45.09999847,1738900,42.18999863,1738900,31.07999992,1082600,23,1082600,18.59000015,7278900,16.79999924,7278900
5/6/2010 20:01,29.87999916,128613000,27.90999985,128613000,36.8928566,321465200,28.4642849,321465200,17.45192337,189407700,14.56730747,189407700,1.120000005,155700,1.049999952,155700,3.266000032,735000,3.052400112,735000,31.43000031,6056700,28.95000076,6056700,24.90700912,9026600,21.93132973,9026600,30.37392044,24590800,27.03375053,24590800,7.090000153,21421000,5.699999809,21421000,1.649999976,5900,1.620000005,5900,10.93791485,163100,9.952606201,163100,6.764444351,428100,6.373333454,428100,45.09999847,1738900,42.18999863,1738900,31.07999992,1082600,23,1082600,18.59000015,7278900,16.79999924,7278900
5/6/2010 20:02,29.87999916,128613000,27.90999985,128613000,36.8928566,321465200,28.4642849,321465200,17.45192337,189407700,14.56730747,189407700,1.120000005,155700,1.049999952,155700,3.266000032,735000,3.052400112,735000,31.43000031,6056700,28.95000076,6056700,24.90700912,9026600,21.93132973,9026600,30.37392044,24590800,27.03375053,24590800,7.090000153,21421000,5.699999809,21421000,1.649999976,5900,1.620000005,5900,10.93791485,163100,9.952606201,163100,6.764444351,428100,6.373333454,428100,45.09999847,1738900,42.18999863,1738900,31.07999992,1082600,23,1082600,18.59000015,7278900,16.79999924,7278900
5/6/2010 20:03,29.87999916,128613000,27.90999985,128613000,36.8928566,321465200,28.4642849,321465200,17.45192337,189407700,14.56730747,189407700,1.120000005,155700,1.049999952,155700,3.266000032,735000,3.052400112,735000,31.43000031,6056700,28.95000076,6056700,24.90700912,9026600,21.93132973,9026600,30.37392044,24590800,27.03375053,24590800,7.090000153,21421000,5.699999809,21421000,1.649999976,5900,1.620000005,5900,10.93791485,163100,9.952606201,163100,6.764444351,428100,6.373333454,428100,45.09999847,1738900,42.18999863,1738900,31.07999992,1082600,23,1082600,18.59000015,7278900,16.79999924,7278900
5/6/2010 20:04,29.87999916,128613000,27.90999985,128613000,36.8928566,321465200,28.4642849,321465200,17.45192337,189407700,14.56730747,189407700,1.120000005,155700,1.049999952,155700,3.266000032,735000,3.052400112,735000,31.43000031,6056700,28.95000076,6056700,24.90700912,9026600,21.93132973,9026600,30.37392044,24590800,27.03375053,24590800,7.090000153,21421000,5.699999809,21421000,1.649999976,5900,1.620000005,5900,10.93791485,163100,9.952606201,163100,6.764444351,428100,6.373333454,428100,45.09999847,1738900,42.18999863,1738900,31.07999992,1082600,23,1082600,18.59000015,7278900,16.79999924,7278900
5/6/2010 20:05,29.87999916,128613000,27.90999985,128613000,36.8928566,321465200,28.4642849,321465200,17.45192337,189407700,14.56730747,189407700,1.120000005,155700,1.049999952,155700,3.266000032,735000,3.052400112,735000,31.43000031,6056700,28.95000076,6056700,24.90700912,9026600,21.93132973,9026600,30.37392044,24590800,27.03375053,24590800,7.090000153,21421000,5.699999809,21421000,1.649999976,5900,1.620000005,5900,10.93791485,163100,9.952606201,163100,6.764444351,428100,6.373333454,428100,45.09999847,1738900,42.18999863,1738900,31.07999992,1082600,23,1082600,18.59000015,7278900,16.79999924,7278900
5/6/2010 20:06,29.87999916,128613000,27.90999985,128613000,36.8928566,321465200,28.4642849,321465200,17.45192337,189407700,14.56730747,189407700,1.120000005,155700,1.049999952,155700,3.266000032,735000,3.052400112,735000,31.43000031,6056700,28.95000076,6056700,24.90700912,9026600,21.93132973,9026600,30.37392044,24590800,27.03375053,24590800,7.090000153,21421000,5.699999809,21421000,1.649999976,5900,1.620000005,5900,10.93791485,163100,9.952606201,163100,6.764444351,428100,6.373333454,428100,45.09999847,1738900,42.18999863,1738900,31.07999992,1082600,23,1082600,18.59000015,7278900,16.79999924,7278900
5/6/2010 20:07,29.87999916,128613000,27.90999985,128613000,36.8928566,321465200,28.4642849,321465200,17.45192337,189407700,14.56730747,189407700,1.120000005,155700,1.049999952,155700,3.266000032,735000,3.052400112,735000,31.43000031,6056700,28.95000076,6056700,24.90700912,9026600,21.93132973,9026600,30.37392044,24590800,27.03375053,24590800,7.090000153,21421000,5.699999809,21421000,1.649999976,5900,1.620000005,5900,10.93791485,163100,9.952606201,163100,6.764444351,428100,6.373333454,428100,45.09999847,1738900,42.18999863,1738900,31.07999992,1082600,23,1082600,18.59000015,7278900,16.79999924,7278900
5/6/2010 20:08,29.87999916,128613000,27.90999985,128613000,36.8928566,321465200,28.4642849,321465200,17.45192337,189407700,14.56730747,189407700,1.120000005,155700,1.049999952,155700,3.266000032,735000,3.052400112,735000,31.43000031,6056700,28.95000076,6056700,24.90700912,9026600,21.93132973,9026600,30.37392044,24590800,27.03375053,24590800,7.090000153,21421000,5.699999809,21421000,1.649999976,5900,1.620000005,5900,10.93791485,163100,9.952606201,163100,6.764444351,428100,6.373333454,428100,45.09999847,1738900,42.18999863,1738900,31.07999992,1082600,23,1082600,18.59000015,7278900,16.79999924,7278900
5/6/2010 20:09,29.87999916,128613000,27.90999985,128613000,36.8928566,321465200,28.4642849,321465200,17.45192337,189407700,14.56730747,189407700,1.120000005,155700,1.049999952,155700,3.266000032,735000,3.052400112,735000,31.43000031,6056700,28.95000076,6056700,24.90700912,9026600,21.93132973,9026600,30.37392044,24590800,27.03375053,24590800,7.090000153,21421000,5.699999809,21421000,1.649999976,5900,1.620000005,5900,10.93791485,163100,9.952606201,163100,6.764444351,428100,6.373333454,428100,45.09999847,1738900,42.18999863,1738900,31.07999992,1082600,23,1082600,18.59000015,7278900,16.79999924,7278900
5/6/2010 20:10,29.87999916,128613000,27.90999985,128613000,36.8928566,321465200,28.4642849,321465200,17.45192337,189407700,14.56730747,189407700,1.120000005,155700,1.049999952,155700,3.266000032,735000,3.052400112,735000,31.43000031,6056700,28.95000076,6056700,24.90700912,9026600,21.93132973,9026600,30.37392044,24590800,27.03375053,24590800,7.090000153,21421000,5.699999809,21421000,1.649999976,5900,1.620000005,5900,10.93791485,163100,9.952606201,163100,6.764444351,428100,6.373333454,428100,45.09999847,1738900,42.18999863,1738900,31.07999992,1082600,23,1082600,18.59000015,7278900,16.79999924,7278900
5/6/2010 20:11,29.87999916,128613000,27.90999985,128613000,36.8928566,321465200,28.4642849,321465200,17.45192337,189407700,14.56730747,189407700,1.120000005,155700,1.049999952,155700,3.266000032,735000,3.052400112,735000,31.43000031,6056700,28.95000076,6056700,24.90700912,9026600,21.93132973,9026600,30.37392044,24590800,27.03375053,24590800,7.090000153,21421000,5.699999809,21421000,1.649999976,5900,1.620000005,5900,10.93791485,163100,9.952606201,163100,6.764444351,428100,6.373333454,428100,45.09999847,1738900,42.18999863,1738900,31.07999992,1082600,23,1082600,18.59000015,7278900,16.79999924,7278900
5/6/2010 20:12,29.87999916,128613000,27.90999985,128613000,36.8928566,321465200,28.4642849,321465200,17.45192337,189407700,14.56730747,189407700,1.120000005,155700,1.049999952,155700,3.266000032,735000,3.052400112,735000,31.43000031,6056700,28.95000076,6056700,24.90700912,9026600,21.93132973,9026600,30.37392044,24590800,27.03375053,24590800,7.090000153,21421000,5.699999809,21421000,1.649999976,5900,1.620000005,5900,10.93791485,163100,9.952606201,163100,6.764444351,428100,6.373333454,428100,45.09999847,1738900,42.18999863,1738900,31.07999992,1082600,23,1082600,18.59000015,7278900,16.79999924,7278900
5/6/2010 20:13,29.87999916,128613000,27.90999985,128613000,36.8928566,321465200,28.4642849,321465200,17.45192337,189407700,14.56730747,189407700,1.120000005,155700,1.049999952,155700,3.266000032,735000,3.052400112,735000,31.43000031,6056700,28.95000076,6056700,24.90700912,9026600,21.93132973,9026600,30.37392044,24590800,27.03375053,24590800,7.090000153,21421000,5.699999809,21421000,1.649999976,5900,1.620000005,5900,10.93791485,163100,9.952606201,163100,6.764444351,428100,6.373333454,428100,45.09999847,1738900,42.18999863,1738900,31.07999992,1082600,23,1082600,18.59000015,7278900,16.79999924,7278900
5/6/2010 20:14,29.87999916,128613000,27.90999985,128613000,36.8928566,321465200,28.4642849,321465200,17.45192337,189407700,14.56730747,189407700,1.120000005,155700,1.049999952,155700,3.266000032,735000,3.052400112,735000,31.43000031,6056700,28.95000076,6056700,24.90700912,9026600,21.93132973,9026600,30.37392044,24590800,27.03375053,24590800,7.090000153,21421000,5.699999809,21421000,1.649999976,5900,1.620000005,5900,10.93791485,163100,9.952606201,163100,6.764444351,428100,6.373333454,428100,45.09999847,1738900,42.18999863,1738900,31.07999992,1082600,23,1082600,18.59000015,7278900,16.79999924,7278900
5/6/2010 20:15,29.87999916,128613000,27.90999985,128613000,36.8928566,321465200,28.4642849,321465200,17.45192337,189407700,14.56730747,189407700,1.120000005,155700,1.049999952,155700,3.266000032,735000,3.052400112,735000,31.43000031,6056700,28.95000076,6056700,24.90700912,9026600,21.93132973,9026600,30.37392044,24590800,27.03375053,24590800,7.090000153,21421000,5.699999809,21421000,1.649999976,5900,1.620000005,5900,10.93791485,163100,9.952606201,163100,6.764444351,428100,6.373333454,428100,45.09999847,1738900,42.18999863,1738900,31.07999992,1082600,23,1082600,18.59000015,7278900,16.79999924,7278900
5/6/2010 20:16,29.87999916,128613000,27.90999985,128613000,36.8928566,321465200,28.4642849,321465200,17.45192337,189407700,14.56730747,189407700,1.120000005,155700,1.049999952,155700,3.266000032,735000,3.052400112,735000,31.43000031,6056700,28.95000076,6056700,24.90700912,9026600,21.93132973,9026600,30.37392044,24590800,27.03375053,24590800,7.090000153,21421000,5.699999809,21421000,1.649999976,5900,1.620000005,5900,10.93791485,163100,9.952606201,163100,6.764444351,428100,6.373333454,428100,45.09999847,1738900,42.18999863,1738900,31.07999992,1082600,23,1082600,18.59000015,7278900,16.79999924,7278900
5/6/2010 20:17,29.87999916,128613000,27.90999985,128613000,36.8928566,321465200,28.4642849,321465200,17.45192337,189407700,14.56730747,189407700,1.120000005,155700,1.049999952,155700,3.266000032,735000,3.052400112,735000,31.43000031,6056700,28.95000076,6056700,24.90700912,9026600,21.93132973,9026600,30.37392044,24590800,27.03375053,24590800,7.090000153,21421000,5.699999809,21421000,1.649999976,5900,1.620000005,5900,10.93791485,163100,9.952606201,163100,6.764444351,428100,6.373333454,428100,45.09999847,1738900,42.18999863,1738900,31.07999992,1082600,23,1082600,18.59000015,7278900,16.79999924,7278900
5/6/2010 20:18,29.87999916,128613000,27.90999985,128613000,36.8928566,321465200,28.4642849,321465200,17.45192337,189407700,14.56730747,189407700,1.120000005,155700,1.049999952,155700,3.266000032,735000,3.052400112,735000,31.43000031,6056700,28.95000076,6056700,24.90700912,9026600,21.93132973,9026600,30.37392044,24590800,27.03375053,24590800,7.090000153,21421000,5.699999809,21421000,1.649999976,5900,1.620000005,5900,10.93791485,163100,9.952606201,163100,6.764444351,428100,6.373333454,428100,45.09999847,1738900,42.18999863,1738900,31.07999992,1082600,23,1082600,18.59000015,7278900,16.79999924,7278900
5/6/2010 20:19,29.87999916,128613000,27.90999985,128613000,36.8928566,321465200,28.4642849,321465200,17.45192337,189407700,14.56730747,189407700,1.120000005,155700,1.049999952,155700,3.266000032,735000,3.052400112,735000,31.43000031,6056700,28.95000076,6056700,24.90700912,9026600,21.93132973,9026600,30.37392044,24590800,27.03375053,24590800,7.090000153,21421000,5.699999809,21421000,1.649999976,5900,1.620000005,5900,10.93791485,163100,9.952606201,163100,6.764444351,428100,6.373333454,428100,45.09999847,1738900,42.18999863,1738900,31.07999992,1082600,23,1082600,18.59000015,7278900,16.79999924,7278900
5/6/2010 20:20,29.87999916,128613000,27.90999985,128613000,36.8928566,321465200,28.4642849,321465200,17.45192337,189407700,14.56730747,189407700,1.120000005,155700,1.049999952,155700,3.266000032,735000,3.052400112,735000,31.43000031,6056700,28.95000076,6056700,24.90700912,9026600,21.93132973,9026600,30.37392044,24590800,27.03375053,24590800,7.090000153,21421000,5.699999809,21421000,1.649999976,5900,1.620000005,5900,10.93791485,163100,9.952606201,163100,6.764444351,428100,6.373333454,428100,45.09999847,1738900,42.18999863,1738900,31.07999992,1082600,23,1082600,18.59000015,7278900,16.79999924,7278900
5/6/2010 20:21,29.87999916,128613000,27.90999985,128613000,36.8928566,321465200,28.4642849,321465200,17.45192337,189407700,14.56730747,189407700,1.120000005,155700,1.049999952,155700,3.266000032,735000,3.052400112,735000,31.43000031,6056700,28.95000076,6056700,24.90700912,9026600,21.93132973,9026600,30.37392044,24590800,27.03375053,24590800,7.090000153,21421000,5.699999809,21421000,1.649999976,5900,1.620000005,5900,10.93791485,163100,9.952606201,163100,6.764444351,428100,6.373333454,428100,45.09999847,1738900,42.18999863,1738900,31.07999992,1082600,23,1082600,18.59000015,7278900,16.79999924,7278900
5/6/2010 20:22,29.87999916,128613000,27.90999985,128613000,36.8928566,321465200,28.4642849,321465200,17.45192337,189407700,14.56730747,189407700,1.120000005,155700,1.049999952,155700,3.266000032,735000,3.052400112,735000,31.43000031,6056700,28.95000076,6056700,24.90700912,9026600,21.93132973,9026600,30.37392044,24590800,27.03375053,24590800,7.090000153,21421000,5.699999809,21421000,1.649999976,5900,1.620000005,5900,10.93791485,163100,9.952606201,163100,6.764444351,428100,6.373333454,428100,45.09999847,1738900,42.18999863,1738900,31.07999992,1082600,23,1082600,18.59000015,7278900,16.79999924,7278900
5/6/2010 20:23,29.87999916,128613000,27.90999985,128613000,36.8928566,321465200,28.4642849,321465200,17.45192337,189407700,14.56730747,189407700,1.120000005,155700,1.049999952,155700,3.266000032,735000,3.052400112,735000,31.43000031,6056700,28.95000076,6056700,24.90700912,9026600,21.93132973,9026600,30.37392044,24590800,27.03375053,24590800,7.090000153,21421000,5.699999809,21421000,1.649999976,5900,1.620000005,5900,10.93791485,163100,9.952606201,163100,6.764444351,428100,6.373333454,428100,45.09999847,1738900,42.18999863,1738900,31.07999992,1082600,23,1082600,18.59000015,7278900,16.79999924,7278900
5/6/2010 20:24,29.87999916,128613000,27.90999985,128613000,36.8928566,321465200,28.4642849,321465200,17.45192337,189407700,14.56730747,189407700,1.120000005,155700,1.049999952,155700,3.266000032,735000,3.052400112,735000,31.43000031,6056700,28.95000076,6056700,24.90700912,9026600,21.93132973,9026600,30.37392044,24590800,27.03375053,24590800,7.090000153,21421000,5.699999809,21421000,1.649999976,5900,1.620000005,5900,10.93791485,163100,9.952606201,163100,6.764444351,428100,6.373333454,428100,45.09999847,1738900,42.18999863,1738900,31.07999992,1082600,23,1082600,18.59000015,7278900,16.79999924,7278900
5/6/2010 20:25,29.87999916,128613000,27.90999985,128613000,36.8928566,321465200,28.4642849,321465200,17.45192337,189407700,14.56730747,189407700,1.120000005,155700,1.049999952,155700,3.266000032,735000,3.052400112,735000,31.43000031,6056700,28.95000076,6056700,24.90700912,9026600,21.93132973,9026600,30.37392044,24590800,27.03375053,24590800,7.090000153,21421000,5.699999809,21421000,1.649999976,5900,1.620000005,5900,10.93791485,163100,9.952606201,163100,6.764444351,428100,6.373333454,428100,45.09999847,1738900,42.18999863,1738900,31.07999992,1082600,23,1082600,18.59000015,7278900,16.79999924,7278900
5/6/2010 20:26,29.87999916,128613000,27.90999985,128613000,36.8928566,321465200,28.4642849,321465200,17.45192337,189407700,14.56730747,189407700,1.120000005,155700,1.049999952,155700,3.266000032,735000,3.052400112,735000,31.43000031,6056700,28.95000076,6056700,24.90700912,9026600,21.93132973,9026600,30.37392044,24590800,27.03375053,24590800,7.090000153,21421000,5.699999809,21421000,1.649999976,5900,1.620000005,5900,10.93791485,163100,9.952606201,163100,6.764444351,428100,6.373333454,428100,45.09999847,1738900,42.18999863,1738900,31.07999992,1082600,23,1082600,18.59000015,7278900,16.79999924,7278900
5/6/2010 20:27,29.87999916,128613000,27.90999985,128613000,36.8928566,321465200,28.4642849,321465200,17.45192337,189407700,14.56730747,189407700,1.120000005,155700,1.049999952,155700,3.266000032,735000,3.052400112,735000,31.43000031,6056700,28.95000076,6056700,24.90700912,9026600,21.93132973,9026600,30.37392044,24590800,27.03375053,24590800,7.090000153,21421000,5.699999809,21421000,1.649999976,5900,1.620000005,5900,10.93791485,163100,9.952606201,163100,6.764444351,428100,6.373333454,428100,45.09999847,1738900,42.18999863,1738900,31.07999992,1082600,23,1082600,18.59000015,7278900,16.79999924,7278900
5/6/2010 20:28,29.87999916,128613000,27.90999985,128613000,36.8928566,321465200,28.4642849,321465200,17.45192337,189407700,14.56730747,189407700,1.120000005,155700,1.049999952,155700,3.266000032,735000,3.052400112,735000,31.43000031,6056700,28.95000076,6056700,24.90700912,9026600,21.93132973,9026600,30.37392044,24590800,27.03375053,24590800,7.090000153,21421000,5.699999809,21421000,1.649999976,5900,1.620000005,5900,10.93791485,163100,9.952606201,163100,6.764444351,428100,6.373333454,428100,45.09999847,1738900,42.18999863,1738900,31.07999992,1082600,23,1082600,18.59000015,7278900,16.79999924,7278900
5/6/2010 20:29,29.87999916,128613000,27.90999985,128613000,36.8928566,321465200,28.4642849,321465200,17.45192337,189407700,14.56730747,189407700,1.120000005,155700,1.049999952,155700,3.266000032,735000,3.052400112,735000,31.43000031,6056700,28.95000076,6056700,24.90700912,9026600,21.93132973,9026600,30.37392044,24590800,27.03375053,24590800,7.090000153,21421000,5.699999809,21421000,1.649999976,5900,1.620000005,5900,10.93791485,163100,9.952606201,163100,6.764444351,428100,6.373333454,428100,45.09999847,1738900,42.18999863,1738900,31.07999992,1082600,23,1082600,18.59000015,7278900,16.79999924,7278900
5/6/2010 20:30,29.87999916,128613000,27.90999985,128613000,36.8928566,321465200,28.4642849,321465200,17.45192337,189407700,14.56730747,189407700,1.120000005,155700,1.049999952,155700,3.266000032,735000,3.052400112,735000,31.43000031,6056700,28.95000076,6056700,24.90700912,9026600,21.93132973,9026600,30.37392044,24590800,27.03375053,24590800,7.090000153,21421000,5.699999809,21421000,1.649999976,5900,1.620000005,5900,10.93791485,163100,9.952606201,163100,6.764444351,428100,6.373333454,428100,45.09999847,1738900,42.18999863,1738900,31.07999992,1082600,23,1082600,18.59000015,7278900,16.79999924,7278900
5/6/2010 20:31,29.87999916,128613000,27.90999985,128613000,36.8928566,321465200,28.4642849,321465200,17.45192337,189407700,14.56730747,189407700,1.120000005,155700,1.049999952,155700,3.266000032,735000,3.052400112,735000,31.43000031,6056700,28.95000076,6056700,24.90700912,9026600,21.93132973,9026600,30.37392044,24590800,27.03375053,24590800,7.090000153,21421000,5.699999809,21421000,1.649999976,5900,1.620000005,5900,10.93791485,163100,9.952606201,163100,6.764444351,428100,6.373333454,428100,45.09999847,1738900,42.18999863,1738900,31.07999992,1082600,23,1082600,18.59000015,7278900,16.79999924,7278900
5/6/2010 20:32,29.87999916,128613000,27.90999985,128613000,36.8928566,321465200,28.4642849,321465200,17.45192337,189407700,14.56730747,189407700,1.120000005,155700,1.049999952,155700,3.266000032,735000,3.052400112,735000,31.43000031,6056700,28.95000076,6056700,24.90700912,9026600,21.93132973,9026600,30.37392044,24590800,27.03375053,24590800,7.090000153,21421000,5.699999809,21421000,1.649999976,5900,1.620000005,5900,10.93791485,163100,9.952606201,163100,6.764444351,428100,6.373333454,428100,45.09999847,1738900,42.18999863,1738900,31.07999992,1082600,23,1082600,18.59000015,7278900,16.79999924,7278900
5/6/2010 20:33,29.87999916,128613000,27.90999985,128613000,36.8928566,321465200,28.4642849,321465200,17.45192337,189407700,14.56730747,189407700,1.120000005,155700,1.049999952,155700,3.266000032,735000,3.052400112,735000,31.43000031,6056700,28.95000076,6056700,24.90700912,9026600,21.93132973,9026600,30.37392044,24590800,27.03375053,24590800,7.090000153,21421000,5.699999809,21421000,1.649999976,5900,1.620000005,5900,10.93791485,163100,9.952606201,163100,6.764444351,428100,6.373333454,428100,45.09999847,1738900,42.18999863,1738900,31.07999992,1082600,23,1082600,18.59000015,7278900,16.79999924,7278900
5/6/2010 20:34,29.87999916,128613000,27.90999985,128613000,36.8928566,321465200,28.4642849,321465200,17.45192337,189407700,14.56730747,189407700,1.120000005,155700,1.049999952,155700,3.266000032,735000,3.052400112,735000,31.43000031,6056700,28.95000076,6056700,24.90700912,9026600,21.93132973,9026600,30.37392044,24590800,27.03375053,24590800,7.090000153,21421000,5.699999809,21421000,1.649999976,5900,1.620000005,5900,10.93791485,163100,9.952606201,163100,6.764444351,428100,6.373333454,428100,45.09999847,1738900,42.18999863,1738900,31.07999992,1082600,23,1082600,18.59000015,7278900,16.79999924,7278900
5/6/2010 20:35,29.87999916,128613000,27.90999985,128613000,36.8928566,321465200,28.4642849,321465200,17.45192337,189407700,14.56730747,189407700,1.120000005,155700,1.049999952,155700,3.266000032,735000,3.052400112,735000,31.43000031,6056700,28.95000076,6056700,24.90700912,9026600,21.93132973,9026600,30.37392044,24590800,27.03375053,24590800,7.090000153,21421000,5.699999809,21421000,1.649999976,5900,1.620000005,5900,10.93791485,163100,9.952606201,163100,6.764444351,428100,6.373333454,428100,45.09999847,1738900,42.18999863,1738900,31.07999992,1082600,23,1082600,18.59000015,7278900,16.79999924,7278900
5/6/2010 20:36,29.87999916,128613000,27.90999985,128613000,36.8928566,321465200,28.4642849,321465200,17.45192337,189407700,14.56730747,189407700,1.120000005,155700,1.049999952,155700,3.266000032,735000,3.052400112,735000,31.43000031,6056700,28.95000076,6056700,24.90700912,9026600,21.93132973,9026600,30.37392044,24590800,27.03375053,24590800,7.090000153,21421000,5.699999809,21421000,1.649999976,5900,1.620000005,5900,10.93791485,163100,9.952606201,163100,6.764444351,428100,6.373333454,428100,45.09999847,1738900,42.18999863,1738900,31.07999992,1082600,23,1082600,18.59000015,7278900,16.79999924,7278900
5/6/2010 20:37,29.87999916,128613000,27.90999985,128613000,36.8928566,321465200,28.4642849,321465200,17.45192337,189407700,14.56730747,189407700,1.120000005,155700,1.049999952,155700,3.266000032,735000,3.052400112,735000,31.43000031,6056700,28.95000076,6056700,24.90700912,9026600,21.93132973,9026600,30.37392044,24590800,27.03375053,24590800,7.090000153,21421000,5.699999809,21421000,1.649999976,5900,1.620000005,5900,10.93791485,163100,9.952606201,163100,6.764444351,428100,6.373333454,428100,45.09999847,1738900,42.18999863,1738900,31.07999992,1082600,23,1082600,18.59000015,7278900,16.79999924,7278900
5/6/2010 20:38,29.87999916,128613000,27.90999985,128613000,36.8928566,321465200,28.4642849,321465200,17.45192337,189407700,14.56730747,189407700,1.120000005,155700,1.049999952,155700,3.266000032,735000,3.052400112,735000,31.43000031,6056700,28.95000076,6056700,24.90700912,9026600,21.93132973,9026600,30.37392044,24590800,27.03375053,24590800,7.090000153,21421000,5.699999809,21421000,1.649999976,5900,1.620000005,5900,10.93791485,163100,9.952606201,163100,6.764444351,428100,6.373333454,428100,45.09999847,1738900,42.18999863,1738900,31.07999992,1082600,23,1082600,18.59000015,7278900,16.79999924,7278900
5/6/2010 20:39,29.87999916,128613000,27.90999985,128613000,36.8928566,321465200,28.4642849,321465200,17.45192337,189407700,14.56730747,189407700,1.120000005,155700,1.049999952,155700,3.266000032,735000,3.052400112,735000,31.43000031,6056700,28.95000076,6056700,24.90700912,9026600,21.93132973,9026600,30.37392044,24590800,27.03375053,24590800,7.090000153,21421000,5.699999809,21421000,1.649999976,5900,1.620000005,5900,10.93791485,163100,9.952606201,163100,6.764444351,428100,6.373333454,428100,45.09999847,1738900,42.18999863,1738900,31.07999992,1082600,23,1082600,18.59000015,7278900,16.79999924,7278900
5/6/2010 20:40,29.87999916,128613000,27.90999985,128613000,36.8928566,321465200,28.4642849,321465200,17.45192337,189407700,14.56730747,189407700,1.120000005,155700,1.049999952,155700,3.266000032,735000,3.052400112,735000,31.43000031,6056700,28.95000076,6056700,24.90700912,9026600,21.93132973,9026600,30.37392044,24590800,27.03375053,24590800,7.090000153,21421000,5.699999809,21421000,1.649999976,5900,1.620000005,5900,10.93791485,163100,9.952606201,163100,6.764444351,428100,6.373333454,428100,45.09999847,1738900,42.18999863,1738900,31.07999992,1082600,23,1082600,18.59000015,7278900,16.79999924,7278900
5/6/2010 20:41,29.87999916,128613000,27.90999985,128613000,36.8928566,321465200,28.4642849,321465200,17.45192337,189407700,14.56730747,189407700,1.120000005,155700,1.049999952,155700,3.266000032,735000,3.052400112,735000,31.43000031,6056700,28.95000076,6056700,24.90700912,9026600,21.93132973,9026600,30.37392044,24590800,27.03375053,24590800,7.090000153,21421000,5.699999809,21421000,1.649999976,5900,1.620000005,5900,10.93791485,163100,9.952606201,163100,6.764444351,428100,6.373333454,428100,45.09999847,1738900,42.18999863,1738900,31.07999992,1082600,23,1082600,18.59000015,7278900,16.79999924,7278900
5/6/2010 20:42,29.87999916,128613000,27.90999985,128613000,36.8928566,321465200,28.4642849,321465200,17.45192337,189407700,14.56730747,189407700,1.120000005,155700,1.049999952,155700,3.266000032,735000,3.052400112,735000,31.43000031,6056700,28.95000076,6056700,24.90700912,9026600,21.93132973,9026600,30.37392044,24590800,27.03375053,24590800,7.090000153,21421000,5.699999809,21421000,1.649999976,5900,1.620000005,5900,10.93791485,163100,9.952606201,163100,6.764444351,428100,6.373333454,428100,45.09999847,1738900,42.18999863,1738900,31.07999992,1082600,23,1082600,18.59000015,7278900,16.79999924,7278900
5/6/2010 20:43,29.87999916,128613000,27.90999985,128613000,36.8928566,321465200,28.4642849,321465200,17.45192337,189407700,14.56730747,189407700,1.120000005,155700,1.049999952,155700,3.266000032,735000,3.052400112,735000,31.43000031,6056700,28.95000076,6056700,24.90700912,9026600,21.93132973,9026600,30.37392044,24590800,27.03375053,24590800,7.090000153,21421000,5.699999809,21421000,1.649999976,5900,1.620000005,5900,10.93791485,163100,9.952606201,163100,6.764444351,428100,6.373333454,428100,45.09999847,1738900,42.18999863,1738900,31.07999992,1082600,23,1082600,18.59000015,7278900,16.79999924,7278900
5/6/2010 20:44,29.87999916,128613000,27.90999985,128613000,36.8928566,321465200,28.4642849,321465200,17.45192337,189407700,14.56730747,189407700,1.120000005,155700,1.049999952,155700,3.266000032,735000,3.052400112,735000,31.43000031,6056700,28.95000076,6056700,24.90700912,9026600,21.93132973,9026600,30.37392044,24590800,27.03375053,24590800,7.090000153,21421000,5.699999809,21421000,1.649999976,5900,1.620000005,5900,10.93791485,163100,9.952606201,163100,6.764444351,428100,6.373333454,428100,45.09999847,1738900,42.18999863,1738900,31.07999992,1082600,23,1082600,18.59000015,7278900,16.79999924,7278900
5/6/2010 20:45,29.87999916,128613000,27.90999985,128613000,36.8928566,321465200,28.4642849,321465200,17.45192337,189407700,14.56730747,189407700,1.120000005,155700,1.049999952,155700,3.266000032,735000,3.052400112,735000,31.43000031,6056700,28.95000076,6056700,24.90700912,9026600,21.93132973,9026600,30.37392044,24590800,27.03375053,24590800,7.090000153,21421000,5.699999809,21421000,1.649999976,5900,1.620000005,5900,10.93791485,163100,9.952606201,163100,6.764444351,428100,6.373333454,428100,45.09999847,1738900,42.18999863,1738900,31.07999992,1082600,23,1082600,18.59000015,7278900,16.79999924,7278900
5/6/2010 20:46,29.87999916,128613000,27.90999985,128613000,36.8928566,321465200,28.4642849,321465200,17.45192337,189407700,14.56730747,189407700,1.120000005,155700,1.049999952,155700,3.266000032,735000,3.052400112,735000,31.43000031,6056700,28.95000076,6056700,24.90700912,9026600,21.93132973,9026600,30.37392044,24590800,27.03375053,24590800,7.090000153,21421000,5.699999809,21421000,1.649999976,5900,1.620000005,5900,10.93791485,163100,9.952606201,163100,6.764444351,428100,6.373333454,428100,45.09999847,1738900,42.18999863,1738900,31.07999992,1082600,23,1082600,18.59000015,7278900,16.79999924,7278900
5/6/2010 20:47,29.87999916,128613000,27.90999985,128613000,36.8928566,321465200,28.4642849,321465200,17.45192337,189407700,14.56730747,189407700,1.120000005,155700,1.049999952,155700,3.266000032,735000,3.052400112,735000,31.43000031,6056700,28.95000076,6056700,24.90700912,9026600,21.93132973,9026600,30.37392044,24590800,27.03375053,24590800,7.090000153,21421000,5.699999809,21421000,1.649999976,5900,1.620000005,5900,10.93791485,163100,9.952606201,163100,6.764444351,428100,6.373333454,428100,45.09999847,1738900,42.18999863,1738900,31.07999992,1082600,23,1082600,18.59000015,7278900,16.79999924,7278900
5/6/2010 20:48,29.87999916,128613000,27.90999985,128613000,36.8928566,321465200,28.4642849,321465200,17.45192337,189407700,14.56730747,189407700,1.120000005,155700,1.049999952,155700,3.266000032,735000,3.052400112,735000,31.43000031,6056700,28.95000076,6056700,24.90700912,9026600,21.93132973,9026600,30.37392044,24590800,27.03375053,24590800,7.090000153,21421000,5.699999809,21421000,1.649999976,5900,1.620000005,5900,10.93791485,163100,9.952606201,163100,6.764444351,428100,6.373333454,428100,45.09999847,1738900,42.18999863,1738900,31.07999992,1082600,23,1082600,18.59000015,7278900,16.79999924,7278900
5/6/2010 20:49,29.87999916,128613000,27.90999985,128613000,36.8928566,321465200,28.4642849,321465200,17.45192337,189407700,14.56730747,189407700,1.120000005,155700,1.049999952,155700,3.266000032,735000,3.052400112,735000,31.43000031,6056700,28.95000076,6056700,24.90700912,9026600,21.93132973,9026600,30.37392044,24590800,27.03375053,24590800,7.090000153,21421000,5.699999809,21421000,1.649999976,5900,1.620000005,5900,10.93791485,163100,9.952606201,163100,6.764444351,428100,6.373333454,428100,45.09999847,1738900,42.18999863,1738900,31.07999992,1082600,23,1082600,18.59000015,7278900,16.79999924,7278900
5/6/2010 20:50,29.87999916,128613000,27.90999985,128613000,36.8928566,321465200,28.4642849,321465200,17.45192337,189407700,14.56730747,189407700,1.120000005,155700,1.049999952,155700,3.266000032,735000,3.052400112,735000,31.43000031,6056700,28.95000076,6056700,24.90700912,9026600,21.93132973,9026600,30.37392044,24590800,27.03375053,24590800,7.090000153,21421000,5.699999809,21421000,1.649999976,5900,1.620000005,5900,10.93791485,163100,9.952606201,163100,6.764444351,428100,6.373333454,428100,45.09999847,1738900,42.18999863,1738900,31.07999992,1082600,23,1082600,18.59000015,7278900,16.79999924,7278900
5/6/2010 20:51,29.87999916,128613000,27.90999985,128613000,36.8928566,321465200,28.4642849,321465200,17.45192337,189407700,14.56730747,189407700,1.120000005,155700,1.049999952,155700,3.266000032,735000,3.052400112,735000,31.43000031,6056700,28.95000076,6056700,24.90700912,9026600,21.93132973,9026600,30.37392044,24590800,27.03375053,24590800,7.090000153,21421000,5.699999809,21421000,1.649999976,5900,1.620000005,5900,10.93791485,163100,9.952606201,163100,6.764444351,428100,6.373333454,428100,45.09999847,1738900,42.18999863,1738900,31.07999992,1082600,23,1082600,18.59000015,7278900,16.79999924,7278900
5/6/2010 20:52,29.87999916,128613000,27.90999985,128613000,36.8928566,321465200,28.4642849,321465200,17.45192337,189407700,14.56730747,189407700,1.120000005,155700,1.049999952,155700,3.266000032,735000,3.052400112,735000,31.43000031,6056700,28.95000076,6056700,24.90700912,9026600,21.93132973,9026600,30.37392044,24590800,27.03375053,24590800,7.090000153,21421000,5.699999809,21421000,1.649999976,5900,1.620000005,5900,10.93791485,163100,9.952606201,163100,6.764444351,428100,6.373333454,428100,45.09999847,1738900,42.18999863,1738900,31.07999992,1082600,23,1082600,18.59000015,7278900,16.79999924,7278900
5/6/2010 20:53,29.87999916,128613000,27.90999985,128613000,36.8928566,321465200,28.4642849,321465200,17.45192337,189407700,14.56730747,189407700,1.120000005,155700,1.049999952,155700,3.266000032,735000,3.052400112,735000,31.43000031,6056700,28.95000076,6056700,24.90700912,9026600,21.93132973,9026600,30.37392044,24590800,27.03375053,24590800,7.090000153,21421000,5.699999809,21421000,1.649999976,5900,1.620000005,5900,10.93791485,163100,9.952606201,163100,6.764444351,428100,6.373333454,428100,45.09999847,1738900,42.18999863,1738900,31.07999992,1082600,23,1082600,18.59000015,7278900,16.79999924,7278900
5/6/2010 20:54,29.87999916,128613000,27.90999985,128613000,36.8928566,321465200,28.4642849,321465200,17.45192337,189407700,14.56730747,189407700,1.120000005,155700,1.049999952,155700,3.266000032,735000,3.052400112,735000,31.43000031,6056700,28.95000076,6056700,24.90700912,9026600,21.93132973,9026600,30.37392044,24590800,27.03375053,24590800,7.090000153,21421000,5.699999809,21421000,1.649999976,5900,1.620000005,5900,10.93791485,163100,9.952606201,163100,6.764444351,428100,6.373333454,428100,45.09999847,1738900,42.18999863,1738900,31.07999992,1082600,23,1082600,18.59000015,7278900,16.79999924,7278900
5/6/2010 20:55,29.87999916,128613000,27.90999985,128613000,36.8928566,321465200,28.4642849,321465200,17.45192337,189407700,14.56730747,189407700,1.120000005,155700,1.049999952,155700,3.266000032,735000,3.052400112,735000,31.43000031,6056700,28.95000076,6056700,24.90700912,9026600,21.93132973,9026600,30.37392044,24590800,27.03375053,24590800,7.090000153,21421000,5.699999809,21421000,1.649999976,5900,1.620000005,5900,10.93791485,163100,9.952606201,163100,6.764444351,428100,6.373333454,428100,45.09999847,1738900,42.18999863,1738900,31.07999992,1082600,23,1082600,18.59000015,7278900,16.79999924,7278900
5/6/2010 20:56,29.87999916,128613000,27.90999985,128613000,36.8928566,321465200,28.4642849,321465200,17.45192337,189407700,14.56730747,189407700,1.120000005,155700,1.049999952,155700,3.266000032,735000,3.052400112,735000,31.43000031,6056700,28.95000076,6056700,24.90700912,9026600,21.93132973,9026600,30.37392044,24590800,27.03375053,24590800,7.090000153,21421000,5.699999809,21421000,1.649999976,5900,1.620000005,5900,10.93791485,163100,9.952606201,163100,6.764444351,428100,6.373333454,428100,45.09999847,1738900,42.18999863,1738900,31.07999992,1082600,23,1082600,18.59000015,7278900,16.79999924,7278900
5/6/2010 20:57,29.87999916,128613000,27.90999985,128613000,36.8928566,321465200,28.4642849,321465200,17.45192337,189407700,14.56730747,189407700,1.120000005,155700,1.049999952,155700,3.266000032,735000,3.052400112,735000,31.43000031,6056700,28.95000076,6056700,24.90700912,9026600,21.93132973,9026600,30.37392044,24590800,27.03375053,24590800,7.090000153,21421000,5.699999809,21421000,1.649999976,5900,1.620000005,5900,10.93791485,163100,9.952606201,163100,6.764444351,428100,6.373333454,428100,45.09999847,1738900,42.18999863,1738900,31.07999992,1082600,23,1082600,18.59000015,7278900,16.79999924,7278900
5/6/2010 20:58,29.87999916,128613000,27.90999985,128613000,36.8928566,321465200,28.4642849,321465200,17.45192337,189407700,14.56730747,189407700,1.120000005,155700,1.049999952,155700,3.266000032,735000,3.052400112,735000,31.43000031,6056700,28.95000076,6056700,24.90700912,9026600,21.93132973,9026600,30.37392044,24590800,27.03375053,24590800,7.090000153,21421000,5.699999809,21421000,1.649999976,5900,1.620000005,5900,10.93791485,163100,9.952606201,163100,6.764444351,428100,6.373333454,428100,45.09999847,1738900,42.18999863,1738900,31.07999992,1082600,23,1082600,18.59000015,7278900,16.79999924,7278900
5/6/2010 20:59,29.87999916,128613000,27.90999985,128613000,36.8928566,321465200,28.4642849,321465200,17.45192337,189407700,14.56730747,189407700,1.120000005,155700,1.049999952,155700,3.266000032,735000,3.052400112,735000,31.43000031,6056700,28.95000076,6056700,24.90700912,9026600,21.93132973,9026600,30.37392044,24590800,27.03375053,24590800,7.090000153,21421000,5.699999809,21421000,1.649999976,5900,1.620000005,5900,10.93791485,163100,9.952606201,163100,6.764444351,428100,6.373333454,428100,45.09999847,1738900,42.18999863,1738900,31.07999992,1082600,23,1082600,18.59000015,7278900,16.79999924,7278900
5/6/2010 21:00,29.87999916,128613000,27.90999985,128613000,36.8928566,321465200,28.4642849,321465200,17.45192337,189407700,14.56730747,189407700,1.120000005,155700,1.049999952,155700,3.266000032,735000,3.052400112,735000,31.43000031,6056700,28.95000076,6056700,24.90700912,9026600,21.93132973,9026600,30.37392044,24590800,27.03375053,24590800,7.090000153,21421000,5.699999809,21421000,1.649999976,5900,1.620000005,5900,10.93791485,163100,9.952606201,163100,6.764444351,428100,6.373333454,428100,45.09999847,1738900,42.18999863,1738900,31.07999992,1082600,23,1082600,18.59000015,7278900,16.79999924,7278900
5/6/2010 21:01,29.87999916,128613000,27.90999985,128613000,36.8928566,321465200,28.4642849,321465200,17.45192337,189407700,14.56730747,189407700,1.120000005,155700,1.049999952,155700,3.266000032,735000,3.052400112,735000,31.43000031,6056700,28.95000076,6056700,24.90700912,9026600,21.93132973,9026600,30.37392044,24590800,27.03375053,24590800,7.090000153,21421000,5.699999809,21421000,1.649999976,5900,1.620000005,5900,10.93791485,163100,9.952606201,163100,6.764444351,428100,6.373333454,428100,45.09999847,1738900,42.18999863,1738900,31.07999992,1082600,23,1082600,18.59000015,7278900,16.79999924,7278900
5/6/2010 21:02,29.87999916,128613000,27.90999985,128613000,36.8928566,321465200,28.4642849,321465200,17.45192337,189407700,14.56730747,189407700,1.120000005,155700,1.049999952,155700,3.266000032,735000,3.052400112,735000,31.43000031,6056700,28.95000076,6056700,24.90700912,9026600,21.93132973,9026600,30.37392044,24590800,27.03375053,24590800,7.090000153,21421000,5.699999809,21421000,1.649999976,5900,1.620000005,5900,10.93791485,163100,9.952606201,163100,6.764444351,428100,6.373333454,428100,45.09999847,1738900,42.18999863,1738900,31.07999992,1082600,23,1082600,18.59000015,7278900,16.79999924,7278900
5/6/2010 21:03,29.87999916,128613000,27.90999985,128613000,36.8928566,321465200,28.4642849,321465200,17.45192337,189407700,14.56730747,189407700,1.120000005,155700,1.049999952,155700,3.266000032,735000,3.052400112,735000,31.43000031,6056700,28.95000076,6056700,24.90700912,9026600,21.93132973,9026600,30.37392044,24590800,27.03375053,24590800,7.090000153,21421000,5.699999809,21421000,1.649999976,5900,1.620000005,5900,10.93791485,163100,9.952606201,163100,6.764444351,428100,6.373333454,428100,45.09999847,1738900,42.18999863,1738900,31.07999992,1082600,23,1082600,18.59000015,7278900,16.79999924,7278900
5/6/2010 21:04,29.87999916,128613000,27.90999985,128613000,36.8928566,321465200,28.4642849,321465200,17.45192337,189407700,14.56730747,189407700,1.120000005,155700,1.049999952,155700,3.266000032,735000,3.052400112,735000,31.43000031,6056700,28.95000076,6056700,24.90700912,9026600,21.93132973,9026600,30.37392044,24590800,27.03375053,24590800,7.090000153,21421000,5.699999809,21421000,1.649999976,5900,1.620000005,5900,10.93791485,163100,9.952606201,163100,6.764444351,428100,6.373333454,428100,45.09999847,1738900,42.18999863,1738900,31.07999992,1082600,23,1082600,18.59000015,7278900,16.79999924,7278900
5/6/2010 21:05,29.87999916,128613000,27.90999985,128613000,36.8928566,321465200,28.4642849,321465200,17.45192337,189407700,14.56730747,189407700,1.120000005,155700,1.049999952,155700,3.266000032,735000,3.052400112,735000,31.43000031,6056700,28.95000076,6056700,24.90700912,9026600,21.93132973,9026600,30.37392044,24590800,27.03375053,24590800,7.090000153,21421000,5.699999809,21421000,1.649999976,5900,1.620000005,5900,10.93791485,163100,9.952606201,163100,6.764444351,428100,6.373333454,428100,45.09999847,1738900,42.18999863,1738900,31.07999992,1082600,23,1082600,18.59000015,7278900,16.79999924,7278900
5/6/2010 21:06,29.87999916,128613000,27.90999985,128613000,36.8928566,321465200,28.4642849,321465200,17.45192337,189407700,14.56730747,189407700,1.120000005,155700,1.049999952,155700,3.266000032,735000,3.052400112,735000,31.43000031,6056700,28.95000076,6056700,24.90700912,9026600,21.93132973,9026600,30.37392044,24590800,27.03375053,24590800,7.090000153,21421000,5.699999809,21421000,1.649999976,5900,1.620000005,5900,10.93791485,163100,9.952606201,163100,6.764444351,428100,6.373333454,428100,45.09999847,1738900,42.18999863,1738900,31.07999992,1082600,23,1082600,18.59000015,7278900,16.79999924,7278900
5/6/2010 21:07,29.87999916,128613000,27.90999985,128613000,36.8928566,321465200,28.4642849,321465200,17.45192337,189407700,14.56730747,189407700,1.120000005,155700,1.049999952,155700,3.266000032,735000,3.052400112,735000,31.43000031,6056700,28.95000076,6056700,24.90700912,9026600,21.93132973,9026600,30.37392044,24590800,27.03375053,24590800,7.090000153,21421000,5.699999809,21421000,1.649999976,5900,1.620000005,5900,10.93791485,163100,9.952606201,163100,6.764444351,428100,6.373333454,428100,45.09999847,1738900,42.18999863,1738900,31.07999992,1082600,23,1082600,18.59000015,7278900,16.79999924,7278900
5/6/2010 21:08,29.87999916,128613000,27.90999985,128613000,36.8928566,321465200,28.4642849,321465200,17.45192337,189407700,14.56730747,189407700,1.120000005,155700,1.049999952,155700,3.266000032,735000,3.052400112,735000,31.43000031,6056700,28.95000076,6056700,24.90700912,9026600,21.93132973,9026600,30.37392044,24590800,27.03375053,24590800,7.090000153,21421000,5.699999809,21421000,1.649999976,5900,1.620000005,5900,10.93791485,163100,9.952606201,163100,6.764444351,428100,6.373333454,428100,45.09999847,1738900,42.18999863,1738900,31.07999992,1082600,23,1082600,18.59000015,7278900,16.79999924,7278900
5/6/2010 21:09,29.87999916,128613000,27.90999985,128613000,36.8928566,321465200,28.4642849,321465200,17.45192337,189407700,14.56730747,189407700,1.120000005,155700,1.049999952,155700,3.266000032,735000,3.052400112,735000,31.43000031,6056700,28.95000076,6056700,24.90700912,9026600,21.93132973,9026600,30.37392044,24590800,27.03375053,24590800,7.090000153,21421000,5.699999809,21421000,1.649999976,5900,1.620000005,5900,10.93791485,163100,9.952606201,163100,6.764444351,428100,6.373333454,428100,45.09999847,1738900,42.18999863,1738900,31.07999992,1082600,23,1082600,18.59000015,7278900,16.79999924,7278900
5/6/2010 21:10,29.87999916,128613000,27.90999985,128613000,36.8928566,321465200,28.4642849,321465200,17.45192337,189407700,14.56730747,189407700,1.120000005,155700,1.049999952,155700,3.266000032,735000,3.052400112,735000,31.43000031,6056700,28.95000076,6056700,24.90700912,9026600,21.93132973,9026600,30.37392044,24590800,27.03375053,24590800,7.090000153,21421000,5.699999809,21421000,1.649999976,5900,1.620000005,5900,10.93791485,163100,9.952606201,163100,6.764444351,428100,6.373333454,428100,45.09999847,1738900,42.18999863,1738900,31.07999992,1082600,23,1082600,18.59000015,7278900,16.79999924,7278900
5/6/2010 21:11,29.87999916,128613000,27.90999985,128613000,36.8928566,321465200,28.4642849,321465200,17.45192337,189407700,14.56730747,189407700,1.120000005,155700,1.049999952,155700,3.266000032,735000,3.052400112,735000,31.43000031,6056700,28.95000076,6056700,24.90700912,9026600,21.93132973,9026600,30.37392044,24590800,27.03375053,24590800,7.090000153,21421000,5.699999809,21421000,1.649999976,5900,1.620000005,5900,10.93791485,163100,9.952606201,163100,6.764444351,428100,6.373333454,428100,45.09999847,1738900,42.18999863,1738900,31.07999992,1082600,23,1082600,18.59000015,7278900,16.79999924,7278900
5/6/2010 21:12,29.87999916,128613000,27.90999985,128613000,36.8928566,321465200,28.4642849,321465200,17.45192337,189407700,14.56730747,189407700,1.120000005,155700,1.049999952,155700,3.266000032,735000,3.052400112,735000,31.43000031,6056700,28.95000076,6056700,24.90700912,9026600,21.93132973,9026600,30.37392044,24590800,27.03375053,24590800,7.090000153,21421000,5.699999809,21421000,1.649999976,5900,1.620000005,5900,10.93791485,163100,9.952606201,163100,6.764444351,428100,6.373333454,428100,45.09999847,1738900,42.18999863,1738900,31.07999992,1082600,23,1082600,18.59000015,7278900,16.79999924,7278900
5/6/2010 21:13,29.87999916,128613000,27.90999985,128613000,36.8928566,321465200,28.4642849,321465200,17.45192337,189407700,14.56730747,189407700,1.120000005,155700,1.049999952,155700,3.266000032,735000,3.052400112,735000,31.43000031,6056700,28.95000076,6056700,24.90700912,9026600,21.93132973,9026600,30.37392044,24590800,27.03375053,24590800,7.090000153,21421000,5.699999809,21421000,1.649999976,5900,1.620000005,5900,10.93791485,163100,9.952606201,163100,6.764444351,428100,6.373333454,428100,45.09999847,1738900,42.18999863,1738900,31.07999992,1082600,23,1082600,18.59000015,7278900,16.79999924,7278900
5/6/2010 21:14,29.87999916,128613000,27.90999985,128613000,36.8928566,321465200,28.4642849,321465200,17.45192337,189407700,14.56730747,189407700,1.120000005,155700,1.049999952,155700,3.266000032,735000,3.052400112,735000,31.43000031,6056700,28.95000076,6056700,24.90700912,9026600,21.93132973,9026600,30.37392044,24590800,27.03375053,24590800,7.090000153,21421000,5.699999809,21421000,1.649999976,5900,1.620000005,5900,10.93791485,163100,9.952606201,163100,6.764444351,428100,6.373333454,428100,45.09999847,1738900,42.18999863,1738900,31.07999992,1082600,23,1082600,18.59000015,7278900,16.79999924,7278900
5/6/2010 21:15,29.87999916,128613000,27.90999985,128613000,36.8928566,321465200,28.4642849,321465200,17.45192337,189407700,14.56730747,189407700,1.120000005,155700,1.049999952,155700,3.266000032,735000,3.052400112,735000,31.43000031,6056700,28.95000076,6056700,24.90700912,9026600,21.93132973,9026600,30.37392044,24590800,27.03375053,24590800,7.090000153,21421000,5.699999809,21421000,1.649999976,5900,1.620000005,5900,10.93791485,163100,9.952606201,163100,6.764444351,428100,6.373333454,428100,45.09999847,1738900,42.18999863,1738900,31.07999992,1082600,23,1082600,18.59000015,7278900,16.79999924,7278900
5/6/2010 21:16,29.87999916,128613000,27.90999985,128613000,36.8928566,321465200,28.4642849,321465200,17.45192337,189407700,14.56730747,189407700,1.120000005,155700,1.049999952,155700,3.266000032,735000,3.052400112,735000,31.43000031,6056700,28.95000076,6056700,24.90700912,9026600,21.93132973,9026600,30.37392044,24590800,27.03375053,24590800,7.090000153,21421000,5.699999809,21421000,1.649999976,5900,1.620000005,5900,10.93791485,163100,9.952606201,163100,6.764444351,428100,6.373333454,428100,45.09999847,1738900,42.18999863,1738900,31.07999992,1082600,23,1082600,18.59000015,7278900,16.79999924,7278900
5/6/2010 21:17,29.87999916,128613000,27.90999985,128613000,36.8928566,321465200,28.4642849,321465200,17.45192337,189407700,14.56730747,189407700,1.120000005,155700,1.049999952,155700,3.266000032,735000,3.052400112,735000,31.43000031,6056700,28.95000076,6056700,24.90700912,9026600,21.93132973,9026600,30.37392044,24590800,27.03375053,24590800,7.090000153,21421000,5.699999809,21421000,1.649999976,5900,1.620000005,5900,10.93791485,163100,9.952606201,163100,6.764444351,428100,6.373333454,428100,45.09999847,1738900,42.18999863,1738900,31.07999992,1082600,23,1082600,18.59000015,7278900,16.79999924,7278900
5/6/2010 21:18,29.87999916,128613000,27.90999985,128613000,36.8928566,321465200,28.4642849,321465200,17.45192337,189407700,14.56730747,189407700,1.120000005,155700,1.049999952,155700,3.266000032,735000,3.052400112,735000,31.43000031,6056700,28.95000076,6056700,24.90700912,9026600,21.93132973,9026600,30.37392044,24590800,27.03375053,24590800,7.090000153,21421000,5.699999809,21421000,1.649999976,5900,1.620000005,5900,10.93791485,163100,9.952606201,163100,6.764444351,428100,6.373333454,428100,45.09999847,1738900,42.18999863,1738900,31.07999992,1082600,23,1082600,18.59000015,7278900,16.79999924,7278900
5/6/2010 21:19,29.87999916,128613000,27.90999985,128613000,36.8928566,321465200,28.4642849,321465200,17.45192337,189407700,14.56730747,189407700,1.120000005,155700,1.049999952,155700,3.266000032,735000,3.052400112,735000,31.43000031,6056700,28.95000076,6056700,24.90700912,9026600,21.93132973,9026600,30.37392044,24590800,27.03375053,24590800,7.090000153,21421000,5.699999809,21421000,1.649999976,5900,1.620000005,5900,10.93791485,163100,9.952606201,163100,6.764444351,428100,6.373333454,428100,45.09999847,1738900,42.18999863,1738900,31.07999992,1082600,23,1082600,18.59000015,7278900,16.79999924,7278900
5/6/2010 21:20,29.87999916,128613000,27.90999985,128613000,36.8928566,321465200,28.4642849,321465200,17.45192337,189407700,14.56730747,189407700,1.120000005,155700,1.049999952,155700,3.266000032,735000,3.052400112,735000,31.43000031,6056700,28.95000076,6056700,24.90700912,9026600,21.93132973,9026600,30.37392044,24590800,27.03375053,24590800,7.090000153,21421000,5.699999809,21421000,1.649999976,5900,1.620000005,5900,10.93791485,163100,9.952606201,163100,6.764444351,428100,6.373333454,428100,45.09999847,1738900,42.18999863,1738900,31.07999992,1082600,23,1082600,18.59000015,7278900,16.79999924,7278900
5/6/2010 21:21,29.87999916,128613000,27.90999985,128613000,36.8928566,321465200,28.4642849,321465200,17.45192337,189407700,14.56730747,189407700,1.120000005,155700,1.049999952,155700,3.266000032,735000,3.052400112,735000,31.43000031,6056700,28.95000076,6056700,24.90700912,9026600,21.93132973,9026600,30.37392044,24590800,27.03375053,24590800,7.090000153,21421000,5.699999809,21421000,1.649999976,5900,1.620000005,5900,10.93791485,163100,9.952606201,163100,6.764444351,428100,6.373333454,428100,45.09999847,1738900,42.18999863,1738900,31.07999992,1082600,23,1082600,18.59000015,7278900,16.79999924,7278900
5/6/2010 21:22,29.87999916,128613000,27.90999985,128613000,36.8928566,321465200,28.4642849,321465200,17.45192337,189407700,14.56730747,189407700,1.120000005,155700,1.049999952,155700,3.266000032,735000,3.052400112,735000,31.43000031,6056700,28.95000076,6056700,24.90700912,9026600,21.93132973,9026600,30.37392044,24590800,27.03375053,24590800,7.090000153,21421000,5.699999809,21421000,1.649999976,5900,1.620000005,5900,10.93791485,163100,9.952606201,163100,6.764444351,428100,6.373333454,428100,45.09999847,1738900,42.18999863,1738900,31.07999992,1082600,23,1082600,18.59000015,7278900,16.79999924,7278900
5/6/2010 21:23,29.87999916,128613000,27.90999985,128613000,36.8928566,321465200,28.4642849,321465200,17.45192337,189407700,14.56730747,189407700,1.120000005,155700,1.049999952,155700,3.266000032,735000,3.052400112,735000,31.43000031,6056700,28.95000076,6056700,24.90700912,9026600,21.93132973,9026600,30.37392044,24590800,27.03375053,24590800,7.090000153,21421000,5.699999809,21421000,1.649999976,5900,1.620000005,5900,10.93791485,163100,9.952606201,163100,6.764444351,428100,6.373333454,428100,45.09999847,1738900,42.18999863,1738900,31.07999992,1082600,23,1082600,18.59000015,7278900,16.79999924,7278900
5/6/2010 21:24,29.87999916,128613000,27.90999985,128613000,36.8928566,321465200,28.4642849,321465200,17.45192337,189407700,14.56730747,189407700,1.120000005,155700,1.049999952,155700,3.266000032,735000,3.052400112,735000,31.43000031,6056700,28.95000076,6056700,24.90700912,9026600,21.93132973,9026600,30.37392044,24590800,27.03375053,24590800,7.090000153,21421000,5.699999809,21421000,1.649999976,5900,1.620000005,5900,10.93791485,163100,9.952606201,163100,6.764444351,428100,6.373333454,428100,45.09999847,1738900,42.18999863,1738900,31.07999992,1082600,23,1082600,18.59000015,7278900,16.79999924,7278900
5/6/2010 21:25,29.87999916,128613000,27.90999985,128613000,36.8928566,321465200,28.4642849,321465200,17.45192337,189407700,14.56730747,189407700,1.120000005,155700,1.049999952,155700,3.266000032,735000,3.052400112,735000,31.43000031,6056700,28.95000076,6056700,24.90700912,9026600,21.93132973,9026600,30.37392044,24590800,27.03375053,24590800,7.090000153,21421000,5.699999809,21421000,1.649999976,5900,1.620000005,5900,10.93791485,163100,9.952606201,163100,6.764444351,428100,6.373333454,428100,45.09999847,1738900,42.18999863,1738900,31.07999992,1082600,23,1082600,18.59000015,7278900,16.79999924,7278900
5/6/2010 21:26,29.87999916,128613000,27.90999985,128613000,36.8928566,321465200,28.4642849,321465200,17.45192337,189407700,14.56730747,189407700,1.120000005,155700,1.049999952,155700,3.266000032,735000,3.052400112,735000,31.43000031,6056700,28.95000076,6056700,24.90700912,9026600,21.93132973,9026600,30.37392044,24590800,27.03375053,24590800,7.090000153,21421000,5.699999809,21421000,1.649999976,5900,1.620000005,5900,10.93791485,163100,9.952606201,163100,6.764444351,428100,6.373333454,428100,45.09999847,1738900,42.18999863,1738900,31.07999992,1082600,23,1082600,18.59000015,7278900,16.79999924,7278900
5/6/2010 21:27,29.87999916,128613000,27.90999985,128613000,36.8928566,321465200,28.4642849,321465200,17.45192337,189407700,14.56730747,189407700,1.120000005,155700,1.049999952,155700,3.266000032,735000,3.052400112,735000,31.43000031,6056700,28.95000076,6056700,24.90700912,9026600,21.93132973,9026600,30.37392044,24590800,27.03375053,24590800,7.090000153,21421000,5.699999809,21421000,1.649999976,5900,1.620000005,5900,10.93791485,163100,9.952606201,163100,6.764444351,428100,6.373333454,428100,45.09999847,1738900,42.18999863,1738900,31.07999992,1082600,23,1082600,18.59000015,7278900,16.79999924,7278900
5/6/2010 21:28,29.87999916,128613000,27.90999985,128613000,36.8928566,321465200,28.4642849,321465200,17.45192337,189407700,14.56730747,189407700,1.120000005,155700,1.049999952,155700,3.266000032,735000,3.052400112,735000,31.43000031,6056700,28.95000076,6056700,24.90700912,9026600,21.93132973,9026600,30.37392044,24590800,27.03375053,24590800,7.090000153,21421000,5.699999809,21421000,1.649999976,5900,1.620000005,5900,10.93791485,163100,9.952606201,163100,6.764444351,428100,6.373333454,428100,45.09999847,1738900,42.18999863,1738900,31.07999992,1082600,23,1082600,18.59000015,7278900,16.79999924,7278900
5/6/2010 21:29,29.87999916,128613000,27.90999985,128613000,36.8928566,321465200,28.4642849,321465200,17.45192337,189407700,14.56730747,189407700,1.120000005,155700,1.049999952,155700,3.266000032,735000,3.052400112,735000,31.43000031,6056700,28.95000076,6056700,24.90700912,9026600,21.93132973,9026600,30.37392044,24590800,27.03375053,24590800,7.090000153,21421000,5.699999809,21421000,1.649999976,5900,1.620000005,5900,10.93791485,163100,9.952606201,163100,6.764444351,428100,6.373333454,428100,45.09999847,1738900,42.18999863,1738900,31.07999992,1082600,23,1082600,18.59000015,7278900,16.79999924,7278900
5/6/2010 21:30,29.87999916,128613000,27.90999985,128613000,36.8928566,321465200,28.4642849,321465200,17.45192337,189407700,14.56730747,189407700,1.120000005,155700,1.049999952,155700,3.266000032,735000,3.052400112,735000,31.43000031,6056700,28.95000076,6056700,24.90700912,9026600,21.93132973,9026600,30.37392044,24590800,27.03375053,24590800,7.090000153,21421000,5.699999809,21421000,1.649999976,5900,1.620000005,5900,10.93791485,163100,9.952606201,163100,6.764444351,428100,6.373333454,428100,45.09999847,1738900,42.18999863,1738900,31.07999992,1082600,23,1082600,18.59000015,7278900,16.79999924,7278900
5/6/2010 21:31,29.87999916,128613000,27.90999985,128613000,36.8928566,321465200,28.4642849,321465200,17.45192337,189407700,14.56730747,189407700,1.120000005,155700,1.049999952,155700,3.266000032,735000,3.052400112,735000,31.43000031,6056700,28.95000076,6056700,24.90700912,9026600,21.93132973,9026600,30.37392044,24590800,27.03375053,24590800,7.090000153,21421000,5.699999809,21421000,1.649999976,5900,1.620000005,5900,10.93791485,163100,9.952606201,163100,6.764444351,428100,6.373333454,428100,45.09999847,1738900,42.18999863,1738900,31.07999992,1082600,23,1082600,18.59000015,7278900,16.79999924,7278900
5/6/2010 21:32,29.87999916,128613000,27.90999985,128613000,36.8928566,321465200,28.4642849,321465200,17.45192337,189407700,14.56730747,189407700,1.120000005,155700,1.049999952,155700,3.266000032,735000,3.052400112,735000,31.43000031,6056700,28.95000076,6056700,24.90700912,9026600,21.93132973,9026600,30.37392044,24590800,27.03375053,24590800,7.090000153,21421000,5.699999809,21421000,1.649999976,5900,1.620000005,5900,10.93791485,163100,9.952606201,163100,6.764444351,428100,6.373333454,428100,45.09999847,1738900,42.18999863,1738900,31.07999992,1082600,23,1082600,18.59000015,7278900,16.79999924,7278900
5/6/2010 21:33,29.87999916,128613000,27.90999985,128613000,36.8928566,321465200,28.4642849,321465200,17.45192337,189407700,14.56730747,189407700,1.120000005,155700,1.049999952,155700,3.266000032,735000,3.052400112,735000,31.43000031,6056700,28.95000076,6056700,24.90700912,9026600,21.93132973,9026600,30.37392044,24590800,27.03375053,24590800,7.090000153,21421000,5.699999809,21421000,1.649999976,5900,1.620000005,5900,10.93791485,163100,9.952606201,163100,6.764444351,428100,6.373333454,428100,45.09999847,1738900,42.18999863,1738900,31.07999992,1082600,23,1082600,18.59000015,7278900,16.79999924,7278900
5/6/2010 21:34,29.87999916,128613000,27.90999985,128613000,36.8928566,321465200,28.4642849,321465200,17.45192337,189407700,14.56730747,189407700,1.120000005,155700,1.049999952,155700,3.266000032,735000,3.052400112,735000,31.43000031,6056700,28.95000076,6056700,24.90700912,9026600,21.93132973,9026600,30.37392044,24590800,27.03375053,24590800,7.090000153,21421000,5.699999809,21421000,1.649999976,5900,1.620000005,5900,10.93791485,163100,9.952606201,163100,6.764444351,428100,6.373333454,428100,45.09999847,1738900,42.18999863,1738900,31.07999992,1082600,23,1082600,18.59000015,7278900,16.79999924,7278900
5/6/2010 21:35,29.87999916,128613000,27.90999985,128613000,36.8928566,321465200,28.4642849,321465200,17.45192337,189407700,14.56730747,189407700,1.120000005,155700,1.049999952,155700,3.266000032,735000,3.052400112,735000,31.43000031,6056700,28.95000076,6056700,24.90700912,9026600,21.93132973,9026600,30.37392044,24590800,27.03375053,24590800,7.090000153,21421000,5.699999809,21421000,1.649999976,5900,1.620000005,5900,10.93791485,163100,9.952606201,163100,6.764444351,428100,6.373333454,428100,45.09999847,1738900,42.18999863,1738900,31.07999992,1082600,23,1082600,18.59000015,7278900,16.79999924,7278900
5/6/2010 21:36,29.87999916,128613000,27.90999985,128613000,36.8928566,321465200,28.4642849,321465200,17.45192337,189407700,14.56730747,189407700,1.120000005,155700,1.049999952,155700,3.266000032,735000,3.052400112,735000,31.43000031,6056700,28.95000076,6056700,24.90700912,9026600,21.93132973,9026600,30.37392044,24590800,27.03375053,24590800,7.090000153,21421000,5.699999809,21421000,1.649999976,5900,1.620000005,5900,10.93791485,163100,9.952606201,163100,6.764444351,428100,6.373333454,428100,45.09999847,1738900,42.18999863,1738900,31.07999992,1082600,23,1082600,18.59000015,7278900,16.79999924,7278900
5/6/2010 21:37,29.87999916,128613000,27.90999985,128613000,36.8928566,321465200,28.4642849,321465200,17.45192337,189407700,14.56730747,189407700,1.120000005,155700,1.049999952,155700,3.266000032,735000,3.052400112,735000,31.43000031,6056700,28.95000076,6056700,24.90700912,9026600,21.93132973,9026600,30.37392044,24590800,27.03375053,24590800,7.090000153,21421000,5.699999809,21421000,1.649999976,5900,1.620000005,5900,10.93791485,163100,9.952606201,163100,6.764444351,428100,6.373333454,428100,45.09999847,1738900,42.18999863,1738900,31.07999992,1082600,23,1082600,18.59000015,7278900,16.79999924,7278900
5/6/2010 21:38,29.87999916,128613000,27.90999985,128613000,36.8928566,321465200,28.4642849,321465200,17.45192337,189407700,14.56730747,189407700,1.120000005,155700,1.049999952,155700,3.266000032,735000,3.052400112,735000,31.43000031,6056700,28.95000076,6056700,24.90700912,9026600,21.93132973,9026600,30.37392044,24590800,27.03375053,24590800,7.090000153,21421000,5.699999809,21421000,1.649999976,5900,1.620000005,5900,10.93791485,163100,9.952606201,163100,6.764444351,428100,6.373333454,428100,45.09999847,1738900,42.18999863,1738900,31.07999992,1082600,23,1082600,18.59000015,7278900,16.79999924,7278900
5/6/2010 21:39,29.87999916,128613000,27.90999985,128613000,36.8928566,321465200,28.4642849,321465200,17.45192337,189407700,14.56730747,189407700,1.120000005,155700,1.049999952,155700,3.266000032,735000,3.052400112,735000,31.43000031,6056700,28.95000076,6056700,24.90700912,9026600,21.93132973,9026600,30.37392044,24590800,27.03375053,24590800,7.090000153,21421000,5.699999809,21421000,1.649999976,5900,1.620000005,5900,10.93791485,163100,9.952606201,163100,6.764444351,428100,6.373333454,428100,45.09999847,1738900,42.18999863,1738900,31.07999992,1082600,23,1082600,18.59000015,7278900,16.79999924,7278900
5/6/2010 21:40,29.87999916,128613000,27.90999985,128613000,36.8928566,321465200,28.4642849,321465200,17.45192337,189407700,14.56730747,189407700,1.120000005,155700,1.049999952,155700,3.266000032,735000,3.052400112,735000,31.43000031,6056700,28.95000076,6056700,24.90700912,9026600,21.93132973,9026600,30.37392044,24590800,27.03375053,24590800,7.090000153,21421000,5.699999809,21421000,1.649999976,5900,1.620000005,5900,10.93791485,163100,9.952606201,163100,6.764444351,428100,6.373333454,428100,45.09999847,1738900,42.18999863,1738900,31.07999992,1082600,23,1082600,18.59000015,7278900,16.79999924,7278900
5/6/2010 21:41,29.87999916,128613000,27.90999985,128613000,36.8928566,321465200,28.4642849,321465200,17.45192337,189407700,14.56730747,189407700,1.120000005,155700,1.049999952,155700,3.266000032,735000,3.052400112,735000,31.43000031,6056700,28.95000076,6056700,24.90700912,9026600,21.93132973,9026600,30.37392044,24590800,27.03375053,24590800,7.090000153,21421000,5.699999809,21421000,1.649999976,5900,1.620000005,5900,10.93791485,163100,9.952606201,163100,6.764444351,428100,6.373333454,428100,45.09999847,1738900,42.18999863,1738900,31.07999992,1082600,23,1082600,18.59000015,7278900,16.79999924,7278900
5/6/2010 21:42,29.87999916,128613000,27.90999985,128613000,36.8928566,321465200,28.4642849,321465200,17.45192337,189407700,14.56730747,189407700,1.120000005,155700,1.049999952,155700,3.266000032,735000,3.052400112,735000,31.43000031,6056700,28.95000076,6056700,24.90700912,9026600,21.93132973,9026600,30.37392044,24590800,27.03375053,24590800,7.090000153,21421000,5.699999809,21421000,1.649999976,5900,1.620000005,5900,10.93791485,163100,9.952606201,163100,6.764444351,428100,6.373333454,428100,45.09999847,1738900,42.18999863,1738900,31.07999992,1082600,23,1082600,18.59000015,7278900,16.79999924,7278900
5/6/2010 21:43,29.87999916,128613000,27.90999985,128613000,36.8928566,321465200,28.4642849,321465200,17.45192337,189407700,14.56730747,189407700,1.120000005,155700,1.049999952,155700,3.266000032,735000,3.052400112,735000,31.43000031,6056700,28.95000076,6056700,24.90700912,9026600,21.93132973,9026600,30.37392044,24590800,27.03375053,24590800,7.090000153,21421000,5.699999809,21421000,1.649999976,5900,1.620000005,5900,10.93791485,163100,9.952606201,163100,6.764444351,428100,6.373333454,428100,45.09999847,1738900,42.18999863,1738900,31.07999992,1082600,23,1082600,18.59000015,7278900,16.79999924,7278900
5/6/2010 21:44,29.87999916,128613000,27.90999985,128613000,36.8928566,321465200,28.4642849,321465200,17.45192337,189407700,14.56730747,189407700,1.120000005,155700,1.049999952,155700,3.266000032,735000,3.052400112,735000,31.43000031,6056700,28.95000076,6056700,24.90700912,9026600,21.93132973,9026600,30.37392044,24590800,27.03375053,24590800,7.090000153,21421000,5.699999809,21421000,1.649999976,5900,1.620000005,5900,10.93791485,163100,9.952606201,163100,6.764444351,428100,6.373333454,428100,45.09999847,1738900,42.18999863,1738900,31.07999992,1082600,23,1082600,18.59000015,7278900,16.79999924,7278900
5/6/2010 21:45,29.87999916,128613000,27.90999985,128613000,36.8928566,321465200,28.4642849,321465200,17.45192337,189407700,14.56730747,189407700,1.120000005,155700,1.049999952,155700,3.266000032,735000,3.052400112,735000,31.43000031,6056700,28.95000076,6056700,24.90700912,9026600,21.93132973,9026600,30.37392044,24590800,27.03375053,24590800,7.090000153,21421000,5.699999809,21421000,1.649999976,5900,1.620000005,5900,10.93791485,163100,9.952606201,163100,6.764444351,428100,6.373333454,428100,45.09999847,1738900,42.18999863,1738900,31.07999992,1082600,23,1082600,18.59000015,7278900,16.79999924,7278900
5/6/2010 21:46,29.87999916,128613000,27.90999985,128613000,36.8928566,321465200,28.4642849,321465200,17.45192337,189407700,14.56730747,189407700,1.120000005,155700,1.049999952,155700,3.266000032,735000,3.052400112,735000,31.43000031,6056700,28.95000076,6056700,24.90700912,9026600,21.93132973,9026600,30.37392044,24590800,27.03375053,24590800,7.090000153,21421000,5.699999809,21421000,1.649999976,5900,1.620000005,5900,10.93791485,163100,9.952606201,163100,6.764444351,428100,6.373333454,428100,45.09999847,1738900,42.18999863,1738900,31.07999992,1082600,23,1082600,18.59000015,7278900,16.79999924,7278900
5/6/2010 21:47,29.87999916,128613000,27.90999985,128613000,36.8928566,321465200,28.4642849,321465200,17.45192337,189407700,14.56730747,189407700,1.120000005,155700,1.049999952,155700,3.266000032,735000,3.052400112,735000,31.43000031,6056700,28.95000076,6056700,24.90700912,9026600,21.93132973,9026600,30.37392044,24590800,27.03375053,24590800,7.090000153,21421000,5.699999809,21421000,1.649999976,5900,1.620000005,5900,10.93791485,163100,9.952606201,163100,6.764444351,428100,6.373333454,428100,45.09999847,1738900,42.18999863,1738900,31.07999992,1082600,23,1082600,18.59000015,7278900,16.79999924,7278900
5/6/2010 21:48,29.87999916,128613000,27.90999985,128613000,36.8928566,321465200,28.4642849,321465200,17.45192337,189407700,14.56730747,189407700,1.120000005,155700,1.049999952,155700,3.266000032,735000,3.052400112,735000,31.43000031,6056700,28.95000076,6056700,24.90700912,9026600,21.93132973,9026600,30.37392044,24590800,27.03375053,24590800,7.090000153,21421000,5.699999809,21421000,1.649999976,5900,1.620000005,5900,10.93791485,163100,9.952606201,163100,6.764444351,428100,6.373333454,428100,45.09999847,1738900,42.18999863,1738900,31.07999992,1082600,23,1082600,18.59000015,7278900,16.79999924,7278900
5/6/2010 21:49,29.87999916,128613000,27.90999985,128613000,36.8928566,321465200,28.4642849,321465200,17.45192337,189407700,14.56730747,189407700,1.120000005,155700,1.049999952,155700,3.266000032,735000,3.052400112,735000,31.43000031,6056700,28.95000076,6056700,24.90700912,9026600,21.93132973,9026600,30.37392044,24590800,27.03375053,24590800,7.090000153,21421000,5.699999809,21421000,1.649999976,5900,1.620000005,5900,10.93791485,163100,9.952606201,163100,6.764444351,428100,6.373333454,428100,45.09999847,1738900,42.18999863,1738900,31.07999992,1082600,23,1082600,18.59000015,7278900,16.79999924,7278900
5/6/2010 21:50,29.87999916,128613000,27.90999985,128613000,36.8928566,321465200,28.4642849,321465200,17.45192337,189407700,14.56730747,189407700,1.120000005,155700,1.049999952,155700,3.266000032,735000,3.052400112,735000,31.43000031,6056700,28.95000076,6056700,24.90700912,9026600,21.93132973,9026600,30.37392044,24590800,27.03375053,24590800,7.090000153,21421000,5.699999809,21421000,1.649999976,5900,1.620000005,5900,10.93791485,163100,9.952606201,163100,6.764444351,428100,6.373333454,428100,45.09999847,1738900,42.18999863,1738900,31.07999992,1082600,23,1082600,18.59000015,7278900,16.79999924,7278900
5/6/2010 21:51,29.87999916,128613000,27.90999985,128613000,36.8928566,321465200,28.4642849,321465200,17.45192337,189407700,14.56730747,189407700,1.120000005,155700,1.049999952,155700,3.266000032,735000,3.052400112,735000,31.43000031,6056700,28.95000076,6056700,24.90700912,9026600,21.93132973,9026600,30.37392044,24590800,27.03375053,24590800,7.090000153,21421000,5.699999809,21421000,1.649999976,5900,1.620000005,5900,10.93791485,163100,9.952606201,163100,6.764444351,428100,6.373333454,428100,45.09999847,1738900,42.18999863,1738900,31.07999992,1082600,23,1082600,18.59000015,7278900,16.79999924,7278900
5/6/2010 21:52,29.87999916,128613000,27.90999985,128613000,36.8928566,321465200,28.4642849,321465200,17.45192337,189407700,14.56730747,189407700,1.120000005,155700,1.049999952,155700,3.266000032,735000,3.052400112,735000,31.43000031,6056700,28.95000076,6056700,24.90700912,9026600,21.93132973,9026600,30.37392044,24590800,27.03375053,24590800,7.090000153,21421000,5.699999809,21421000,1.649999976,5900,1.620000005,5900,10.93791485,163100,9.952606201,163100,6.764444351,428100,6.373333454,428100,45.09999847,1738900,42.18999863,1738900,31.07999992,1082600,23,1082600,18.59000015,7278900,16.79999924,7278900
5/6/2010 21:53,29.87999916,128613000,27.90999985,128613000,36.8928566,321465200,28.4642849,321465200,17.45192337,189407700,14.56730747,189407700,1.120000005,155700,1.049999952,155700,3.266000032,735000,3.052400112,735000,31.43000031,6056700,28.95000076,6056700,24.90700912,9026600,21.93132973,9026600,30.37392044,24590800,27.03375053,24590800,7.090000153,21421000,5.699999809,21421000,1.649999976,5900,1.620000005,5900,10.93791485,163100,9.952606201,163100,6.764444351,428100,6.373333454,428100,45.09999847,1738900,42.18999863,1738900,31.07999992,1082600,23,1082600,18.59000015,7278900,16.79999924,7278900
5/6/2010 21:54,29.87999916,128613000,27.90999985,128613000,36.8928566,321465200,28.4642849,321465200,17.45192337,189407700,14.56730747,189407700,1.120000005,155700,1.049999952,155700,3.266000032,735000,3.052400112,735000,31.43000031,6056700,28.95000076,6056700,24.90700912,9026600,21.93132973,9026600,30.37392044,24590800,27.03375053,24590800,7.090000153,21421000,5.699999809,21421000,1.649999976,5900,1.620000005,5900,10.93791485,163100,9.952606201,163100,6.764444351,428100,6.373333454,428100,45.09999847,1738900,42.18999863,1738900,31.07999992,1082600,23,1082600,18.59000015,7278900,16.79999924,7278900
5/6/2010 21:55,29.87999916,128613000,27.90999985,128613000,36.8928566,321465200,28.4642849,321465200,17.45192337,189407700,14.56730747,189407700,1.120000005,155700,1.049999952,155700,3.266000032,735000,3.052400112,735000,31.43000031,6056700,28.95000076,6056700,24.90700912,9026600,21.93132973,9026600,30.37392044,24590800,27.03375053,24590800,7.090000153,21421000,5.699999809,21421000,1.649999976,5900,1.620000005,5900,10.93791485,163100,9.952606201,163100,6.764444351,428100,6.373333454,428100,45.09999847,1738900,42.18999863,1738900,31.07999992,1082600,23,1082600,18.59000015,7278900,16.79999924,7278900
5/6/2010 21:56,29.87999916,128613000,27.90999985,128613000,36.8928566,321465200,28.4642849,321465200,17.45192337,189407700,14.56730747,189407700,1.120000005,155700,1.049999952,155700,3.266000032,735000,3.052400112,735000,31.43000031,6056700,28.95000076,6056700,24.90700912,9026600,21.93132973,9026600,30.37392044,24590800,27.03375053,24590800,7.090000153,21421000,5.699999809,21421000,1.649999976,5900,1.620000005,5900,10.93791485,163100,9.952606201,163100,6.764444351,428100,6.373333454,428100,45.09999847,1738900,42.18999863,1738900,31.07999992,1082600,23,1082600,18.59000015,7278900,16.79999924,7278900
5/6/2010 21:57,29.87999916,128613000,27.90999985,128613000,36.8928566,321465200,28.4642849,321465200,17.45192337,189407700,14.56730747,189407700,1.120000005,155700,1.049999952,155700,3.266000032,735000,3.052400112,735000,31.43000031,6056700,28.95000076,6056700,24.90700912,9026600,21.93132973,9026600,30.37392044,24590800,27.03375053,24590800,7.090000153,21421000,5.699999809,21421000,1.649999976,5900,1.620000005,5900,10.93791485,163100,9.952606201,163100,6.764444351,428100,6.373333454,428100,45.09999847,1738900,42.18999863,1738900,31.07999992,1082600,23,1082600,18.59000015,7278900,16.79999924,7278900
5/6/2010 21:58,29.87999916,128613000,27.90999985,128613000,36.8928566,321465200,28.4642849,321465200,17.45192337,189407700,14.56730747,189407700,1.120000005,155700,1.049999952,155700,3.266000032,735000,3.052400112,735000,31.43000031,6056700,28.95000076,6056700,24.90700912,9026600,21.93132973,9026600,30.37392044,24590800,27.03375053,24590800,7.090000153,21421000,5.699999809,21421000,1.649999976,5900,1.620000005,5900,10.93791485,163100,9.952606201,163100,6.764444351,428100,6.373333454,428100,45.09999847,1738900,42.18999863,1738900,31.07999992,1082600,23,1082600,18.59000015,7278900,16.79999924,7278900
5/6/2010 21:59,29.87999916,128613000,27.90999985,128613000,36.8928566,321465200,28.4642849,321465200,17.45192337,189407700,14.56730747,189407700,1.120000005,155700,1.049999952,155700,3.266000032,735000,3.052400112,735000,31.43000031,6056700,28.95000076,6056700,24.90700912,9026600,21.93132973,9026600,30.37392044,24590800,27.03375053,24590800,7.090000153,21421000,5.699999809,21421000,1.649999976,5900,1.620000005,5900,10.93791485,163100,9.952606201,163100,6.764444351,428100,6.373333454,428100,45.09999847,1738900,42.18999863,1738900,31.07999992,1082600,23,1082600,18.59000015,7278900,16.79999924,7278900
5/6/2010 22:00,29.87999916,128613000,27.90999985,128613000,36.8928566,321465200,28.4642849,321465200,17.45192337,189407700,14.56730747,189407700,1.120000005,155700,1.049999952,155700,3.266000032,735000,3.052400112,735000,31.43000031,6056700,28.95000076,6056700,24.90700912,9026600,21.93132973,9026600,30.37392044,24590800,27.03375053,24590800,7.090000153,21421000,5.699999809,21421000,1.649999976,5900,1.620000005,5900,10.93791485,163100,9.952606201,163100,6.764444351,428100,6.373333454,428100,45.09999847,1738900,42.18999863,1738900,31.07999992,1082600,23,1082600,18.59000015,7278900,16.79999924,7278900
5/6/2010 22:01,29.87999916,128613000,27.90999985,128613000,36.8928566,321465200,28.4642849,321465200,17.45192337,189407700,14.56730747,189407700,1.120000005,155700,1.049999952,155700,3.266000032,735000,3.052400112,735000,31.43000031,6056700,28.95000076,6056700,24.90700912,9026600,21.93132973,9026600,30.37392044,24590800,27.03375053,24590800,7.090000153,21421000,5.699999809,21421000,1.649999976,5900,1.620000005,5900,10.93791485,163100,9.952606201,163100,6.764444351,428100,6.373333454,428100,45.09999847,1738900,42.18999863,1738900,31.07999992,1082600,23,1082600,18.59000015,7278900,16.79999924,7278900
5/6/2010 22:02,29.87999916,128613000,27.90999985,128613000,36.8928566,321465200,28.4642849,321465200,17.45192337,189407700,14.56730747,189407700,1.120000005,155700,1.049999952,155700,3.266000032,735000,3.052400112,735000,31.43000031,6056700,28.95000076,6056700,24.90700912,9026600,21.93132973,9026600,30.37392044,24590800,27.03375053,24590800,7.090000153,21421000,5.699999809,21421000,1.649999976,5900,1.620000005,5900,10.93791485,163100,9.952606201,163100,6.764444351,428100,6.373333454,428100,45.09999847,1738900,42.18999863,1738900,31.07999992,1082600,23,1082600,18.59000015,7278900,16.79999924,7278900
5/6/2010 22:03,29.87999916,128613000,27.90999985,128613000,36.8928566,321465200,28.4642849,321465200,17.45192337,189407700,14.56730747,189407700,1.120000005,155700,1.049999952,155700,3.266000032,735000,3.052400112,735000,31.43000031,6056700,28.95000076,6056700,24.90700912,9026600,21.93132973,9026600,30.37392044,24590800,27.03375053,24590800,7.090000153,21421000,5.699999809,21421000,1.649999976,5900,1.620000005,5900,10.93791485,163100,9.952606201,163100,6.764444351,428100,6.373333454,428100,45.09999847,1738900,42.18999863,1738900,31.07999992,1082600,23,1082600,18.59000015,7278900,16.79999924,7278900
5/6/2010 22:04,29.87999916,128613000,27.90999985,128613000,36.8928566,321465200,28.4642849,321465200,17.45192337,189407700,14.56730747,189407700,1.120000005,155700,1.049999952,155700,3.266000032,735000,3.052400112,735000,31.43000031,6056700,28.95000076,6056700,24.90700912,9026600,21.93132973,9026600,30.37392044,24590800,27.03375053,24590800,7.090000153,21421000,5.699999809,21421000,1.649999976,5900,1.620000005,5900,10.93791485,163100,9.952606201,163100,6.764444351,428100,6.373333454,428100,45.09999847,1738900,42.18999863,1738900,31.07999992,1082600,23,1082600,18.59000015,7278900,16.79999924,7278900
5/6/2010 22:05,29.87999916,128613000,27.90999985,128613000,36.8928566,321465200,28.4642849,321465200,17.45192337,189407700,14.56730747,189407700,1.120000005,155700,1.049999952,155700,3.266000032,735000,3.052400112,735000,31.43000031,6056700,28.95000076,6056700,24.90700912,9026600,21.93132973,9026600,30.37392044,24590800,27.03375053,24590800,7.090000153,21421000,5.699999809,21421000,1.649999976,5900,1.620000005,5900,10.93791485,163100,9.952606201,163100,6.764444351,428100,6.373333454,428100,45.09999847,1738900,42.18999863,1738900,31.07999992,1082600,23,1082600,18.59000015,7278900,16.79999924,7278900
5/6/2010 22:06,29.87999916,128613000,27.90999985,128613000,36.8928566,321465200,28.4642849,321465200,17.45192337,189407700,14.56730747,189407700,1.120000005,155700,1.049999952,155700,3.266000032,735000,3.052400112,735000,31.43000031,6056700,28.95000076,6056700,24.90700912,9026600,21.93132973,9026600,30.37392044,24590800,27.03375053,24590800,7.090000153,21421000,5.699999809,21421000,1.649999976,5900,1.620000005,5900,10.93791485,163100,9.952606201,163100,6.764444351,428100,6.373333454,428100,45.09999847,1738900,42.18999863,1738900,31.07999992,1082600,23,1082600,18.59000015,7278900,16.79999924,7278900
5/6/2010 22:07,29.87999916,128613000,27.90999985,128613000,36.8928566,321465200,28.4642849,321465200,17.45192337,189407700,14.56730747,189407700,1.120000005,155700,1.049999952,155700,3.266000032,735000,3.052400112,735000,31.43000031,6056700,28.95000076,6056700,24.90700912,9026600,21.93132973,9026600,30.37392044,24590800,27.03375053,24590800,7.090000153,21421000,5.699999809,21421000,1.649999976,5900,1.620000005,5900,10.93791485,163100,9.952606201,163100,6.764444351,428100,6.373333454,428100,45.09999847,1738900,42.18999863,1738900,31.07999992,1082600,23,1082600,18.59000015,7278900,16.79999924,7278900
5/6/2010 22:08,29.87999916,128613000,27.90999985,128613000,36.8928566,321465200,28.4642849,321465200,17.45192337,189407700,14.56730747,189407700,1.120000005,155700,1.049999952,155700,3.266000032,735000,3.052400112,735000,31.43000031,6056700,28.95000076,6056700,24.90700912,9026600,21.93132973,9026600,30.37392044,24590800,27.03375053,24590800,7.090000153,21421000,5.699999809,21421000,1.649999976,5900,1.620000005,5900,10.93791485,163100,9.952606201,163100,6.764444351,428100,6.373333454,428100,45.09999847,1738900,42.18999863,1738900,31.07999992,1082600,23,1082600,18.59000015,7278900,16.79999924,7278900
5/6/2010 22:09,29.87999916,128613000,27.90999985,128613000,36.8928566,321465200,28.4642849,321465200,17.45192337,189407700,14.56730747,189407700,1.120000005,155700,1.049999952,155700,3.266000032,735000,3.052400112,735000,31.43000031,6056700,28.95000076,6056700,24.90700912,9026600,21.93132973,9026600,30.37392044,24590800,27.03375053,24590800,7.090000153,21421000,5.699999809,21421000,1.649999976,5900,1.620000005,5900,10.93791485,163100,9.952606201,163100,6.764444351,428100,6.373333454,428100,45.09999847,1738900,42.18999863,1738900,31.07999992,1082600,23,1082600,18.59000015,7278900,16.79999924,7278900
5/6/2010 22:10,29.87999916,128613000,27.90999985,128613000,36.8928566,321465200,28.4642849,321465200,17.45192337,189407700,14.56730747,189407700,1.120000005,155700,1.049999952,155700,3.266000032,735000,3.052400112,735000,31.43000031,6056700,28.95000076,6056700,24.90700912,9026600,21.93132973,9026600,30.37392044,24590800,27.03375053,24590800,7.090000153,21421000,5.699999809,21421000,1.649999976,5900,1.620000005,5900,10.93791485,163100,9.952606201,163100,6.764444351,428100,6.373333454,428100,45.09999847,1738900,42.18999863,1738900,31.07999992,1082600,23,1082600,18.59000015,7278900,16.79999924,7278900
5/6/2010 22:11,29.87999916,128613000,27.90999985,128613000,36.8928566,321465200,28.4642849,321465200,17.45192337,189407700,14.56730747,189407700,1.120000005,155700,1.049999952,155700,3.266000032,735000,3.052400112,735000,31.43000031,6056700,28.95000076,6056700,24.90700912,9026600,21.93132973,9026600,30.37392044,24590800,27.03375053,24590800,7.090000153,21421000,5.699999809,21421000,1.649999976,5900,1.620000005,5900,10.93791485,163100,9.952606201,163100,6.764444351,428100,6.373333454,428100,45.09999847,1738900,42.18999863,1738900,31.07999992,1082600,23,1082600,18.59000015,7278900,16.79999924,7278900
5/6/2010 22:12,29.87999916,128613000,27.90999985,128613000,36.8928566,321465200,28.4642849,321465200,17.45192337,189407700,14.56730747,189407700,1.120000005,155700,1.049999952,155700,3.266000032,735000,3.052400112,735000,31.43000031,6056700,28.95000076,6056700,24.90700912,9026600,21.93132973,9026600,30.37392044,24590800,27.03375053,24590800,7.090000153,21421000,5.699999809,21421000,1.649999976,5900,1.620000005,5900,10.93791485,163100,9.952606201,163100,6.764444351,428100,6.373333454,428100,45.09999847,1738900,42.18999863,1738900,31.07999992,1082600,23,1082600,18.59000015,7278900,16.79999924,7278900
5/6/2010 22:13,29.87999916,128613000,27.90999985,128613000,36.8928566,321465200,28.4642849,321465200,17.45192337,189407700,14.56730747,189407700,1.120000005,155700,1.049999952,155700,3.266000032,735000,3.052400112,735000,31.43000031,6056700,28.95000076,6056700,24.90700912,9026600,21.93132973,9026600,30.37392044,24590800,27.03375053,24590800,7.090000153,21421000,5.699999809,21421000,1.649999976,5900,1.620000005,5900,10.93791485,163100,9.952606201,163100,6.764444351,428100,6.373333454,428100,45.09999847,1738900,42.18999863,1738900,31.07999992,1082600,23,1082600,18.59000015,7278900,16.79999924,7278900
5/6/2010 22:14,29.87999916,128613000,27.90999985,128613000,36.8928566,321465200,28.4642849,321465200,17.45192337,189407700,14.56730747,189407700,1.120000005,155700,1.049999952,155700,3.266000032,735000,3.052400112,735000,31.43000031,6056700,28.95000076,6056700,24.90700912,9026600,21.93132973,9026600,30.37392044,24590800,27.03375053,24590800,7.090000153,21421000,5.699999809,21421000,1.649999976,5900,1.620000005,5900,10.93791485,163100,9.952606201,163100,6.764444351,428100,6.373333454,428100,45.09999847,1738900,42.18999863,1738900,31.07999992,1082600,23,1082600,18.59000015,7278900,16.79999924,7278900
5/6/2010 22:15,29.87999916,128613000,27.90999985,128613000,36.8928566,321465200,28.4642849,321465200,17.45192337,189407700,14.56730747,189407700,1.120000005,155700,1.049999952,155700,3.266000032,735000,3.052400112,735000,31.43000031,6056700,28.95000076,6056700,24.90700912,9026600,21.93132973,9026600,30.37392044,24590800,27.03375053,24590800,7.090000153,21421000,5.699999809,21421000,1.649999976,5900,1.620000005,5900,10.93791485,163100,9.952606201,163100,6.764444351,428100,6.373333454,428100,45.09999847,1738900,42.18999863,1738900,31.07999992,1082600,23,1082600,18.59000015,7278900,16.79999924,7278900
5/6/2010 22:16,29.87999916,128613000,27.90999985,128613000,36.8928566,321465200,28.4642849,321465200,17.45192337,189407700,14.56730747,189407700,1.120000005,155700,1.049999952,155700,3.266000032,735000,3.052400112,735000,31.43000031,6056700,28.95000076,6056700,24.90700912,9026600,21.93132973,9026600,30.37392044,24590800,27.03375053,24590800,7.090000153,21421000,5.699999809,21421000,1.649999976,5900,1.620000005,5900,10.93791485,163100,9.952606201,163100,6.764444351,428100,6.373333454,428100,45.09999847,1738900,42.18999863,1738900,31.07999992,1082600,23,1082600,18.59000015,7278900,16.79999924,7278900
5/6/2010 22:17,29.87999916,128613000,27.90999985,128613000,36.8928566,321465200,28.4642849,321465200,17.45192337,189407700,14.56730747,189407700,1.120000005,155700,1.049999952,155700,3.266000032,735000,3.052400112,735000,31.43000031,6056700,28.95000076,6056700,24.90700912,9026600,21.93132973,9026600,30.37392044,24590800,27.03375053,24590800,7.090000153,21421000,5.699999809,21421000,1.649999976,5900,1.620000005,5900,10.93791485,163100,9.952606201,163100,6.764444351,428100,6.373333454,428100,45.09999847,1738900,42.18999863,1738900,31.07999992,1082600,23,1082600,18.59000015,7278900,16.79999924,7278900
5/6/2010 22:18,29.87999916,128613000,27.90999985,128613000,36.8928566,321465200,28.4642849,321465200,17.45192337,189407700,14.56730747,189407700,1.120000005,155700,1.049999952,155700,3.266000032,735000,3.052400112,735000,31.43000031,6056700,28.95000076,6056700,24.90700912,9026600,21.93132973,9026600,30.37392044,24590800,27.03375053,24590800,7.090000153,21421000,5.699999809,21421000,1.649999976,5900,1.620000005,5900,10.93791485,163100,9.952606201,163100,6.764444351,428100,6.373333454,428100,45.09999847,1738900,42.18999863,1738900,31.07999992,1082600,23,1082600,18.59000015,7278900,16.79999924,7278900
5/6/2010 22:19,29.87999916,128613000,27.90999985,128613000,36.8928566,321465200,28.4642849,321465200,17.45192337,189407700,14.56730747,189407700,1.120000005,155700,1.049999952,155700,3.266000032,735000,3.052400112,735000,31.43000031,6056700,28.95000076,6056700,24.90700912,9026600,21.93132973,9026600,30.37392044,24590800,27.03375053,24590800,7.090000153,21421000,5.699999809,21421000,1.649999976,5900,1.620000005,5900,10.93791485,163100,9.952606201,163100,6.764444351,428100,6.373333454,428100,45.09999847,1738900,42.18999863,1738900,31.07999992,1082600,23,1082600,18.59000015,7278900,16.79999924,7278900
5/6/2010 22:20,29.87999916,128613000,27.90999985,128613000,36.8928566,321465200,28.4642849,321465200,17.45192337,189407700,14.56730747,189407700,1.120000005,155700,1.049999952,155700,3.266000032,735000,3.052400112,735000,31.43000031,6056700,28.95000076,6056700,24.90700912,9026600,21.93132973,9026600,30.37392044,24590800,27.03375053,24590800,7.090000153,21421000,5.699999809,21421000,1.649999976,5900,1.620000005,5900,10.93791485,163100,9.952606201,163100,6.764444351,428100,6.373333454,428100,45.09999847,1738900,42.18999863,1738900,31.07999992,1082600,23,1082600,18.59000015,7278900,16.79999924,7278900
5/6/2010 22:21,29.87999916,128613000,27.90999985,128613000,36.8928566,321465200,28.4642849,321465200,17.45192337,189407700,14.56730747,189407700,1.120000005,155700,1.049999952,155700,3.266000032,735000,3.052400112,735000,31.43000031,6056700,28.95000076,6056700,24.90700912,9026600,21.93132973,9026600,30.37392044,24590800,27.03375053,24590800,7.090000153,21421000,5.699999809,21421000,1.649999976,5900,1.620000005,5900,10.93791485,163100,9.952606201,163100,6.764444351,428100,6.373333454,428100,45.09999847,1738900,42.18999863,1738900,31.07999992,1082600,23,1082600,18.59000015,7278900,16.79999924,7278900
5/6/2010 22:22,29.87999916,128613000,27.90999985,128613000,36.8928566,321465200,28.4642849,321465200,17.45192337,189407700,14.56730747,189407700,1.120000005,155700,1.049999952,155700,3.266000032,735000,3.052400112,735000,31.43000031,6056700,28.95000076,6056700,24.90700912,9026600,21.93132973,9026600,30.37392044,24590800,27.03375053,24590800,7.090000153,21421000,5.699999809,21421000,1.649999976,5900,1.620000005,5900,10.93791485,163100,9.952606201,163100,6.764444351,428100,6.373333454,428100,45.09999847,1738900,42.18999863,1738900,31.07999992,1082600,23,1082600,18.59000015,7278900,16.79999924,7278900
5/6/2010 22:23,29.87999916,128613000,27.90999985,128613000,36.8928566,321465200,28.4642849,321465200,17.45192337,189407700,14.56730747,189407700,1.120000005,155700,1.049999952,155700,3.266000032,735000,3.052400112,735000,31.43000031,6056700,28.95000076,6056700,24.90700912,9026600,21.93132973,9026600,30.37392044,24590800,27.03375053,24590800,7.090000153,21421000,5.699999809,21421000,1.649999976,5900,1.620000005,5900,10.93791485,163100,9.952606201,163100,6.764444351,428100,6.373333454,428100,45.09999847,1738900,42.18999863,1738900,31.07999992,1082600,23,1082600,18.59000015,7278900,16.79999924,7278900
5/6/2010 22:24,29.87999916,128613000,27.90999985,128613000,36.8928566,321465200,28.4642849,321465200,17.45192337,189407700,14.56730747,189407700,1.120000005,155700,1.049999952,155700,3.266000032,735000,3.052400112,735000,31.43000031,6056700,28.95000076,6056700,24.90700912,9026600,21.93132973,9026600,30.37392044,24590800,27.03375053,24590800,7.090000153,21421000,5.699999809,21421000,1.649999976,5900,1.620000005,5900,10.93791485,163100,9.952606201,163100,6.764444351,428100,6.373333454,428100,45.09999847,1738900,42.18999863,1738900,31.07999992,1082600,23,1082600,18.59000015,7278900,16.79999924,7278900
5/6/2010 22:25,29.87999916,128613000,27.90999985,128613000,36.8928566,321465200,28.4642849,321465200,17.45192337,189407700,14.56730747,189407700,1.120000005,155700,1.049999952,155700,3.266000032,735000,3.052400112,735000,31.43000031,6056700,28.95000076,6056700,24.90700912,9026600,21.93132973,9026600,30.37392044,24590800,27.03375053,24590800,7.090000153,21421000,5.699999809,21421000,1.649999976,5900,1.620000005,5900,10.93791485,163100,9.952606201,163100,6.764444351,428100,6.373333454,428100,45.09999847,1738900,42.18999863,1738900,31.07999992,1082600,23,1082600,18.59000015,7278900,16.79999924,7278900
5/6/2010 22:26,29.87999916,128613000,27.90999985,128613000,36.8928566,321465200,28.4642849,321465200,17.45192337,189407700,14.56730747,189407700,1.120000005,155700,1.049999952,155700,3.266000032,735000,3.052400112,735000,31.43000031,6056700,28.95000076,6056700,24.90700912,9026600,21.93132973,9026600,30.37392044,24590800,27.03375053,24590800,7.090000153,21421000,5.699999809,21421000,1.649999976,5900,1.620000005,5900,10.93791485,163100,9.952606201,163100,6.764444351,428100,6.373333454,428100,45.09999847,1738900,42.18999863,1738900,31.07999992,1082600,23,1082600,18.59000015,7278900,16.79999924,7278900
5/6/2010 22:27,29.87999916,128613000,27.90999985,128613000,36.8928566,321465200,28.4642849,321465200,17.45192337,189407700,14.56730747,189407700,1.120000005,155700,1.049999952,155700,3.266000032,735000,3.052400112,735000,31.43000031,6056700,28.95000076,6056700,24.90700912,9026600,21.93132973,9026600,30.37392044,24590800,27.03375053,24590800,7.090000153,21421000,5.699999809,21421000,1.649999976,5900,1.620000005,5900,10.93791485,163100,9.952606201,163100,6.764444351,428100,6.373333454,428100,45.09999847,1738900,42.18999863,1738900,31.07999992,1082600,23,1082600,18.59000015,7278900,16.79999924,7278900
5/6/2010 22:28,29.87999916,128613000,27.90999985,128613000,36.8928566,321465200,28.4642849,321465200,17.45192337,189407700,14.56730747,189407700,1.120000005,155700,1.049999952,155700,3.266000032,735000,3.052400112,735000,31.43000031,6056700,28.95000076,6056700,24.90700912,9026600,21.93132973,9026600,30.37392044,24590800,27.03375053,24590800,7.090000153,21421000,5.699999809,21421000,1.649999976,5900,1.620000005,5900,10.93791485,163100,9.952606201,163100,6.764444351,428100,6.373333454,428100,45.09999847,1738900,42.18999863,1738900,31.07999992,1082600,23,1082600,18.59000015,7278900,16.79999924,7278900
5/6/2010 22:29,29.87999916,128613000,27.90999985,128613000,36.8928566,321465200,28.4642849,321465200,17.45192337,189407700,14.56730747,189407700,1.120000005,155700,1.049999952,155700,3.266000032,735000,3.052400112,735000,31.43000031,6056700,28.95000076,6056700,24.90700912,9026600,21.93132973,9026600,30.37392044,24590800,27.03375053,24590800,7.090000153,21421000,5.699999809,21421000,1.649999976,5900,1.620000005,5900,10.93791485,163100,9.952606201,163100,6.764444351,428100,6.373333454,428100,45.09999847,1738900,42.18999863,1738900,31.07999992,1082600,23,1082600,18.59000015,7278900,16.79999924,7278900
5/6/2010 22:30,29.87999916,128613000,27.90999985,128613000,36.8928566,321465200,28.4642849,321465200,17.45192337,189407700,14.56730747,189407700,1.120000005,155700,1.049999952,155700,3.266000032,735000,3.052400112,735000,31.43000031,6056700,28.95000076,6056700,24.90700912,9026600,21.93132973,9026600,30.37392044,24590800,27.03375053,24590800,7.090000153,21421000,5.699999809,21421000,1.649999976,5900,1.620000005,5900,10.93791485,163100,9.952606201,163100,6.764444351,428100,6.373333454,428100,45.09999847,1738900,42.18999863,1738900,31.07999992,1082600,23,1082600,18.59000015,7278900,16.79999924,7278900
5/6/2010 22:31,29.87999916,128613000,27.90999985,128613000,36.8928566,321465200,28.4642849,321465200,17.45192337,189407700,14.56730747,189407700,1.120000005,155700,1.049999952,155700,3.266000032,735000,3.052400112,735000,31.43000031,6056700,28.95000076,6056700,24.90700912,9026600,21.93132973,9026600,30.37392044,24590800,27.03375053,24590800,7.090000153,21421000,5.699999809,21421000,1.649999976,5900,1.620000005,5900,10.93791485,163100,9.952606201,163100,6.764444351,428100,6.373333454,428100,45.09999847,1738900,42.18999863,1738900,31.07999992,1082600,23,1082600,18.59000015,7278900,16.79999924,7278900
5/6/2010 22:32,29.87999916,128613000,27.90999985,128613000,36.8928566,321465200,28.4642849,321465200,17.45192337,189407700,14.56730747,189407700,1.120000005,155700,1.049999952,155700,3.266000032,735000,3.052400112,735000,31.43000031,6056700,28.95000076,6056700,24.90700912,9026600,21.93132973,9026600,30.37392044,24590800,27.03375053,24590800,7.090000153,21421000,5.699999809,21421000,1.649999976,5900,1.620000005,5900,10.93791485,163100,9.952606201,163100,6.764444351,428100,6.373333454,428100,45.09999847,1738900,42.18999863,1738900,31.07999992,1082600,23,1082600,18.59000015,7278900,16.79999924,7278900
5/6/2010 22:33,29.87999916,128613000,27.90999985,128613000,36.8928566,321465200,28.4642849,321465200,17.45192337,189407700,14.56730747,189407700,1.120000005,155700,1.049999952,155700,3.266000032,735000,3.052400112,735000,31.43000031,6056700,28.95000076,6056700,24.90700912,9026600,21.93132973,9026600,30.37392044,24590800,27.03375053,24590800,7.090000153,21421000,5.699999809,21421000,1.649999976,5900,1.620000005,5900,10.93791485,163100,9.952606201,163100,6.764444351,428100,6.373333454,428100,45.09999847,1738900,42.18999863,1738900,31.07999992,1082600,23,1082600,18.59000015,7278900,16.79999924,7278900
5/6/2010 22:34,29.87999916,128613000,27.90999985,128613000,36.8928566,321465200,28.4642849,321465200,17.45192337,189407700,14.56730747,189407700,1.120000005,155700,1.049999952,155700,3.266000032,735000,3.052400112,735000,31.43000031,6056700,28.95000076,6056700,24.90700912,9026600,21.93132973,9026600,30.37392044,24590800,27.03375053,24590800,7.090000153,21421000,5.699999809,21421000,1.649999976,5900,1.620000005,5900,10.93791485,163100,9.952606201,163100,6.764444351,428100,6.373333454,428100,45.09999847,1738900,42.18999863,1738900,31.07999992,1082600,23,1082600,18.59000015,7278900,16.79999924,7278900
5/6/2010 22:35,29.87999916,128613000,27.90999985,128613000,36.8928566,321465200,28.4642849,321465200,17.45192337,189407700,14.56730747,189407700,1.120000005,155700,1.049999952,155700,3.266000032,735000,3.052400112,735000,31.43000031,6056700,28.95000076,6056700,24.90700912,9026600,21.93132973,9026600,30.37392044,24590800,27.03375053,24590800,7.090000153,21421000,5.699999809,21421000,1.649999976,5900,1.620000005,5900,10.93791485,163100,9.952606201,163100,6.764444351,428100,6.373333454,428100,45.09999847,1738900,42.18999863,1738900,31.07999992,1082600,23,1082600,18.59000015,7278900,16.79999924,7278900
5/6/2010 22:36,29.87999916,128613000,27.90999985,128613000,36.8928566,321465200,28.4642849,321465200,17.45192337,189407700,14.56730747,189407700,1.120000005,155700,1.049999952,155700,3.266000032,735000,3.052400112,735000,31.43000031,6056700,28.95000076,6056700,24.90700912,9026600,21.93132973,9026600,30.37392044,24590800,27.03375053,24590800,7.090000153,21421000,5.699999809,21421000,1.649999976,5900,1.620000005,5900,10.93791485,163100,9.952606201,163100,6.764444351,428100,6.373333454,428100,45.09999847,1738900,42.18999863,1738900,31.07999992,1082600,23,1082600,18.59000015,7278900,16.79999924,7278900
5/6/2010 22:37,29.87999916,128613000,27.90999985,128613000,36.8928566,321465200,28.4642849,321465200,17.45192337,189407700,14.56730747,189407700,1.120000005,155700,1.049999952,155700,3.266000032,735000,3.052400112,735000,31.43000031,6056700,28.95000076,6056700,24.90700912,9026600,21.93132973,9026600,30.37392044,24590800,27.03375053,24590800,7.090000153,21421000,5.699999809,21421000,1.649999976,5900,1.620000005,5900,10.93791485,163100,9.952606201,163100,6.764444351,428100,6.373333454,428100,45.09999847,1738900,42.18999863,1738900,31.07999992,1082600,23,1082600,18.59000015,7278900,16.79999924,7278900
5/6/2010 22:38,29.87999916,128613000,27.90999985,128613000,36.8928566,321465200,28.4642849,321465200,17.45192337,189407700,14.56730747,189407700,1.120000005,155700,1.049999952,155700,3.266000032,735000,3.052400112,735000,31.43000031,6056700,28.95000076,6056700,24.90700912,9026600,21.93132973,9026600,30.37392044,24590800,27.03375053,24590800,7.090000153,21421000,5.699999809,21421000,1.649999976,5900,1.620000005,5900,10.93791485,163100,9.952606201,163100,6.764444351,428100,6.373333454,428100,45.09999847,1738900,42.18999863,1738900,31.07999992,1082600,23,1082600,18.59000015,7278900,16.79999924,7278900
5/6/2010 22:39,29.87999916,128613000,27.90999985,128613000,36.8928566,321465200,28.4642849,321465200,17.45192337,189407700,14.56730747,189407700,1.120000005,155700,1.049999952,155700,3.266000032,735000,3.052400112,735000,31.43000031,6056700,28.95000076,6056700,24.90700912,9026600,21.93132973,9026600,30.37392044,24590800,27.03375053,24590800,7.090000153,21421000,5.699999809,21421000,1.649999976,5900,1.620000005,5900,10.93791485,163100,9.952606201,163100,6.764444351,428100,6.373333454,428100,45.09999847,1738900,42.18999863,1738900,31.07999992,1082600,23,1082600,18.59000015,7278900,16.79999924,7278900
5/6/2010 22:40,29.87999916,128613000,27.90999985,128613000,36.8928566,321465200,28.4642849,321465200,17.45192337,189407700,14.56730747,189407700,1.120000005,155700,1.049999952,155700,3.266000032,735000,3.052400112,735000,31.43000031,6056700,28.95000076,6056700,24.90700912,9026600,21.93132973,9026600,30.37392044,24590800,27.03375053,24590800,7.090000153,21421000,5.699999809,21421000,1.649999976,5900,1.620000005,5900,10.93791485,163100,9.952606201,163100,6.764444351,428100,6.373333454,428100,45.09999847,1738900,42.18999863,1738900,31.07999992,1082600,23,1082600,18.59000015,7278900,16.79999924,7278900
5/6/2010 22:41,29.87999916,128613000,27.90999985,128613000,36.8928566,321465200,28.4642849,321465200,17.45192337,189407700,14.56730747,189407700,1.120000005,155700,1.049999952,155700,3.266000032,735000,3.052400112,735000,31.43000031,6056700,28.95000076,6056700,24.90700912,9026600,21.93132973,9026600,30.37392044,24590800,27.03375053,24590800,7.090000153,21421000,5.699999809,21421000,1.649999976,5900,1.620000005,5900,10.93791485,163100,9.952606201,163100,6.764444351,428100,6.373333454,428100,45.09999847,1738900,42.18999863,1738900,31.07999992,1082600,23,1082600,18.59000015,7278900,16.79999924,7278900
5/6/2010 22:42,29.87999916,128613000,27.90999985,128613000,36.8928566,321465200,28.4642849,321465200,17.45192337,189407700,14.56730747,189407700,1.120000005,155700,1.049999952,155700,3.266000032,735000,3.052400112,735000,31.43000031,6056700,28.95000076,6056700,24.90700912,9026600,21.93132973,9026600,30.37392044,24590800,27.03375053,24590800,7.090000153,21421000,5.699999809,21421000,1.649999976,5900,1.620000005,5900,10.93791485,163100,9.952606201,163100,6.764444351,428100,6.373333454,428100,45.09999847,1738900,42.18999863,1738900,31.07999992,1082600,23,1082600,18.59000015,7278900,16.79999924,7278900
5/6/2010 22:43,29.87999916,128613000,27.90999985,128613000,36.8928566,321465200,28.4642849,321465200,17.45192337,189407700,14.56730747,189407700,1.120000005,155700,1.049999952,155700,3.266000032,735000,3.052400112,735000,31.43000031,6056700,28.95000076,6056700,24.90700912,9026600,21.93132973,9026600,30.37392044,24590800,27.03375053,24590800,7.090000153,21421000,5.699999809,21421000,1.649999976,5900,1.620000005,5900,10.93791485,163100,9.952606201,163100,6.764444351,428100,6.373333454,428100,45.09999847,1738900,42.18999863,1738900,31.07999992,1082600,23,1082600,18.59000015,7278900,16.79999924,7278900
5/6/2010 22:44,29.87999916,128613000,27.90999985,128613000,36.8928566,321465200,28.4642849,321465200,17.45192337,189407700,14.56730747,189407700,1.120000005,155700,1.049999952,155700,3.266000032,735000,3.052400112,735000,31.43000031,6056700,28.95000076,6056700,24.90700912,9026600,21.93132973,9026600,30.37392044,24590800,27.03375053,24590800,7.090000153,21421000,5.699999809,21421000,1.649999976,5900,1.620000005,5900,10.93791485,163100,9.952606201,163100,6.764444351,428100,6.373333454,428100,45.09999847,1738900,42.18999863,1738900,31.07999992,1082600,23,1082600,18.59000015,7278900,16.79999924,7278900
5/6/2010 22:45,29.87999916,128613000,27.90999985,128613000,36.8928566,321465200,28.4642849,321465200,17.45192337,189407700,14.56730747,189407700,1.120000005,155700,1.049999952,155700,3.266000032,735000,3.052400112,735000,31.43000031,6056700,28.95000076,6056700,24.90700912,9026600,21.93132973,9026600,30.37392044,24590800,27.03375053,24590800,7.090000153,21421000,5.699999809,21421000,1.649999976,5900,1.620000005,5900,10.93791485,163100,9.952606201,163100,6.764444351,428100,6.373333454,428100,45.09999847,1738900,42.18999863,1738900,31.07999992,1082600,23,1082600,18.59000015,7278900,16.79999924,7278900
5/6/2010 22:46,29.87999916,128613000,27.90999985,128613000,36.8928566,321465200,28.4642849,321465200,17.45192337,189407700,14.56730747,189407700,1.120000005,155700,1.049999952,155700,3.266000032,735000,3.052400112,735000,31.43000031,6056700,28.95000076,6056700,24.90700912,9026600,21.93132973,9026600,30.37392044,24590800,27.03375053,24590800,7.090000153,21421000,5.699999809,21421000,1.649999976,5900,1.620000005,5900,10.93791485,163100,9.952606201,163100,6.764444351,428100,6.373333454,428100,45.09999847,1738900,42.18999863,1738900,31.07999992,1082600,23,1082600,18.59000015,7278900,16.79999924,7278900
5/6/2010 22:47,29.87999916,128613000,27.90999985,128613000,36.8928566,321465200,28.4642849,321465200,17.45192337,189407700,14.56730747,189407700,1.120000005,155700,1.049999952,155700,3.266000032,735000,3.052400112,735000,31.43000031,6056700,28.95000076,6056700,24.90700912,9026600,21.93132973,9026600,30.37392044,24590800,27.03375053,24590800,7.090000153,21421000,5.699999809,21421000,1.649999976,5900,1.620000005,5900,10.93791485,163100,9.952606201,163100,6.764444351,428100,6.373333454,428100,45.09999847,1738900,42.18999863,1738900,31.07999992,1082600,23,1082600,18.59000015,7278900,16.79999924,7278900
5/6/2010 22:48,29.87999916,128613000,27.90999985,128613000,36.8928566,321465200,28.4642849,321465200,17.45192337,189407700,14.56730747,189407700,1.120000005,155700,1.049999952,155700,3.266000032,735000,3.052400112,735000,31.43000031,6056700,28.95000076,6056700,24.90700912,9026600,21.93132973,9026600,30.37392044,24590800,27.03375053,24590800,7.090000153,21421000,5.699999809,21421000,1.649999976,5900,1.620000005,5900,10.93791485,163100,9.952606201,163100,6.764444351,428100,6.373333454,428100,45.09999847,1738900,42.18999863,1738900,31.07999992,1082600,23,1082600,18.59000015,7278900,16.79999924,7278900
5/6/2010 22:49,29.87999916,128613000,27.90999985,128613000,36.8928566,321465200,28.4642849,321465200,17.45192337,189407700,14.56730747,189407700,1.120000005,155700,1.049999952,155700,3.266000032,735000,3.052400112,735000,31.43000031,6056700,28.95000076,6056700,24.90700912,9026600,21.93132973,9026600,30.37392044,24590800,27.03375053,24590800,7.090000153,21421000,5.699999809,21421000,1.649999976,5900,1.620000005,5900,10.93791485,163100,9.952606201,163100,6.764444351,428100,6.373333454,428100,45.09999847,1738900,42.18999863,1738900,31.07999992,1082600,23,1082600,18.59000015,7278900,16.79999924,7278900
5/6/2010 22:50,29.87999916,128613000,27.90999985,128613000,36.8928566,321465200,28.4642849,321465200,17.45192337,189407700,14.56730747,189407700,1.120000005,155700,1.049999952,155700,3.266000032,735000,3.052400112,735000,31.43000031,6056700,28.95000076,6056700,24.90700912,9026600,21.93132973,9026600,30.37392044,24590800,27.03375053,24590800,7.090000153,21421000,5.699999809,21421000,1.649999976,5900,1.620000005,5900,10.93791485,163100,9.952606201,163100,6.764444351,428100,6.373333454,428100,45.09999847,1738900,42.18999863,1738900,31.07999992,1082600,23,1082600,18.59000015,7278900,16.79999924,7278900
5/6/2010 22:51,29.87999916,128613000,27.90999985,128613000,36.8928566,321465200,28.4642849,321465200,17.45192337,189407700,14.56730747,189407700,1.120000005,155700,1.049999952,155700,3.266000032,735000,3.052400112,735000,31.43000031,6056700,28.95000076,6056700,24.90700912,9026600,21.93132973,9026600,30.37392044,24590800,27.03375053,24590800,7.090000153,21421000,5.699999809,21421000,1.649999976,5900,1.620000005,5900,10.93791485,163100,9.952606201,163100,6.764444351,428100,6.373333454,428100,45.09999847,1738900,42.18999863,1738900,31.07999992,1082600,23,1082600,18.59000015,7278900,16.79999924,7278900
5/6/2010 22:52,29.87999916,128613000,27.90999985,128613000,36.8928566,321465200,28.4642849,321465200,17.45192337,189407700,14.56730747,189407700,1.120000005,155700,1.049999952,155700,3.266000032,735000,3.052400112,735000,31.43000031,6056700,28.95000076,6056700,24.90700912,9026600,21.93132973,9026600,30.37392044,24590800,27.03375053,24590800,7.090000153,21421000,5.699999809,21421000,1.649999976,5900,1.620000005,5900,10.93791485,163100,9.952606201,163100,6.764444351,428100,6.373333454,428100,45.09999847,1738900,42.18999863,1738900,31.07999992,1082600,23,1082600,18.59000015,7278900,16.79999924,7278900
5/6/2010 22:53,29.87999916,128613000,27.90999985,128613000,36.8928566,321465200,28.4642849,321465200,17.45192337,189407700,14.56730747,189407700,1.120000005,155700,1.049999952,155700,3.266000032,735000,3.052400112,735000,31.43000031,6056700,28.95000076,6056700,24.90700912,9026600,21.93132973,9026600,30.37392044,24590800,27.03375053,24590800,7.090000153,21421000,5.699999809,21421000,1.649999976,5900,1.620000005,5900,10.93791485,163100,9.952606201,163100,6.764444351,428100,6.373333454,428100,45.09999847,1738900,42.18999863,1738900,31.07999992,1082600,23,1082600,18.59000015,7278900,16.79999924,7278900
5/6/2010 22:54,29.87999916,128613000,27.90999985,128613000,36.8928566,321465200,28.4642849,321465200,17.45192337,189407700,14.56730747,189407700,1.120000005,155700,1.049999952,155700,3.266000032,735000,3.052400112,735000,31.43000031,6056700,28.95000076,6056700,24.90700912,9026600,21.93132973,9026600,30.37392044,24590800,27.03375053,24590800,7.090000153,21421000,5.699999809,21421000,1.649999976,5900,1.620000005,5900,10.93791485,163100,9.952606201,163100,6.764444351,428100,6.373333454,428100,45.09999847,1738900,42.18999863,1738900,31.07999992,1082600,23,1082600,18.59000015,7278900,16.79999924,7278900
5/6/2010 22:55,29.87999916,128613000,27.90999985,128613000,36.8928566,321465200,28.4642849,321465200,17.45192337,189407700,14.56730747,189407700,1.120000005,155700,1.049999952,155700,3.266000032,735000,3.052400112,735000,31.43000031,6056700,28.95000076,6056700,24.90700912,9026600,21.93132973,9026600,30.37392044,24590800,27.03375053,24590800,7.090000153,21421000,5.699999809,21421000,1.649999976,5900,1.620000005,5900,10.93791485,163100,9.952606201,163100,6.764444351,428100,6.373333454,428100,45.09999847,1738900,42.18999863,1738900,31.07999992,1082600,23,1082600,18.59000015,7278900,16.79999924,7278900
5/6/2010 22:56,29.87999916,128613000,27.90999985,128613000,36.8928566,321465200,28.4642849,321465200,17.45192337,189407700,14.56730747,189407700,1.120000005,155700,1.049999952,155700,3.266000032,735000,3.052400112,735000,31.43000031,6056700,28.95000076,6056700,24.90700912,9026600,21.93132973,9026600,30.37392044,24590800,27.03375053,24590800,7.090000153,21421000,5.699999809,21421000,1.649999976,5900,1.620000005,5900,10.93791485,163100,9.952606201,163100,6.764444351,428100,6.373333454,428100,45.09999847,1738900,42.18999863,1738900,31.07999992,1082600,23,1082600,18.59000015,7278900,16.79999924,7278900
5/6/2010 22:57,29.87999916,128613000,27.90999985,128613000,36.8928566,321465200,28.4642849,321465200,17.45192337,189407700,14.56730747,189407700,1.120000005,155700,1.049999952,155700,3.266000032,735000,3.052400112,735000,31.43000031,6056700,28.95000076,6056700,24.90700912,9026600,21.93132973,9026600,30.37392044,24590800,27.03375053,24590800,7.090000153,21421000,5.699999809,21421000,1.649999976,5900,1.620000005,5900,10.93791485,163100,9.952606201,163100,6.764444351,428100,6.373333454,428100,45.09999847,1738900,42.18999863,1738900,31.07999992,1082600,23,1082600,18.59000015,7278900,16.79999924,7278900
5/6/2010 22:58,29.87999916,128613000,27.90999985,128613000,36.8928566,321465200,28.4642849,321465200,17.45192337,189407700,14.56730747,189407700,1.120000005,155700,1.049999952,155700,3.266000032,735000,3.052400112,735000,31.43000031,6056700,28.95000076,6056700,24.90700912,9026600,21.93132973,9026600,30.37392044,24590800,27.03375053,24590800,7.090000153,21421000,5.699999809,21421000,1.649999976,5900,1.620000005,5900,10.93791485,163100,9.952606201,163100,6.764444351,428100,6.373333454,428100,45.09999847,1738900,42.18999863,1738900,31.07999992,1082600,23,1082600,18.59000015,7278900,16.79999924,7278900
5/6/2010 22:59,29.87999916,128613000,27.90999985,128613000,36.8928566,321465200,28.4642849,321465200,17.45192337,189407700,14.56730747,189407700,1.120000005,155700,1.049999952,155700,3.266000032,735000,3.052400112,735000,31.43000031,6056700,28.95000076,6056700,24.90700912,9026600,21.93132973,9026600,30.37392044,24590800,27.03375053,24590800,7.090000153,21421000,5.699999809,21421000,1.649999976,5900,1.620000005,5900,10.93791485,163100,9.952606201,163100,6.764444351,428100,6.373333454,428100,45.09999847,1738900,42.18999863,1738900,31.07999992,1082600,23,1082600,18.59000015,7278900,16.79999924,7278900
5/6/2010 23:00,29.87999916,128613000,27.90999985,128613000,36.8928566,321465200,28.4642849,321465200,17.45192337,189407700,14.56730747,189407700,1.120000005,155700,1.049999952,155700,3.266000032,735000,3.052400112,735000,31.43000031,6056700,28.95000076,6056700,24.90700912,9026600,21.93132973,9026600,30.37392044,24590800,27.03375053,24590800,7.090000153,21421000,5.699999809,21421000,1.649999976,5900,1.620000005,5900,10.93791485,163100,9.952606201,163100,6.764444351,428100,6.373333454,428100,45.09999847,1738900,42.18999863,1738900,31.07999992,1082600,23,1082600,18.59000015,7278900,16.79999924,7278900
5/6/2010 23:01,29.87999916,128613000,27.90999985,128613000,36.8928566,321465200,28.4642849,321465200,17.45192337,189407700,14.56730747,189407700,1.120000005,155700,1.049999952,155700,3.266000032,735000,3.052400112,735000,31.43000031,6056700,28.95000076,6056700,24.90700912,9026600,21.93132973,9026600,30.37392044,24590800,27.03375053,24590800,7.090000153,21421000,5.699999809,21421000,1.649999976,5900,1.620000005,5900,10.93791485,163100,9.952606201,163100,6.764444351,428100,6.373333454,428100,45.09999847,1738900,42.18999863,1738900,31.07999992,1082600,23,1082600,18.59000015,7278900,16.79999924,7278900
5/6/2010 23:02,29.87999916,128613000,27.90999985,128613000,36.8928566,321465200,28.4642849,321465200,17.45192337,189407700,14.56730747,189407700,1.120000005,155700,1.049999952,155700,3.266000032,735000,3.052400112,735000,31.43000031,6056700,28.95000076,6056700,24.90700912,9026600,21.93132973,9026600,30.37392044,24590800,27.03375053,24590800,7.090000153,21421000,5.699999809,21421000,1.649999976,5900,1.620000005,5900,10.93791485,163100,9.952606201,163100,6.764444351,428100,6.373333454,428100,45.09999847,1738900,42.18999863,1738900,31.07999992,1082600,23,1082600,18.59000015,7278900,16.79999924,7278900
5/6/2010 23:03,29.87999916,128613000,27.90999985,128613000,36.8928566,321465200,28.4642849,321465200,17.45192337,189407700,14.56730747,189407700,1.120000005,155700,1.049999952,155700,3.266000032,735000,3.052400112,735000,31.43000031,6056700,28.95000076,6056700,24.90700912,9026600,21.93132973,9026600,30.37392044,24590800,27.03375053,24590800,7.090000153,21421000,5.699999809,21421000,1.649999976,5900,1.620000005,5900,10.93791485,163100,9.952606201,163100,6.764444351,428100,6.373333454,428100,45.09999847,1738900,42.18999863,1738900,31.07999992,1082600,23,1082600,18.59000015,7278900,16.79999924,7278900
5/6/2010 23:04,29.87999916,128613000,27.90999985,128613000,36.8928566,321465200,28.4642849,321465200,17.45192337,189407700,14.56730747,189407700,1.120000005,155700,1.049999952,155700,3.266000032,735000,3.052400112,735000,31.43000031,6056700,28.95000076,6056700,24.90700912,9026600,21.93132973,9026600,30.37392044,24590800,27.03375053,24590800,7.090000153,21421000,5.699999809,21421000,1.649999976,5900,1.620000005,5900,10.93791485,163100,9.952606201,163100,6.764444351,428100,6.373333454,428100,45.09999847,1738900,42.18999863,1738900,31.07999992,1082600,23,1082600,18.59000015,7278900,16.79999924,7278900
5/6/2010 23:05,29.87999916,128613000,27.90999985,128613000,36.8928566,321465200,28.4642849,321465200,17.45192337,189407700,14.56730747,189407700,1.120000005,155700,1.049999952,155700,3.266000032,735000,3.052400112,735000,31.43000031,6056700,28.95000076,6056700,24.90700912,9026600,21.93132973,9026600,30.37392044,24590800,27.03375053,24590800,7.090000153,21421000,5.699999809,21421000,1.649999976,5900,1.620000005,5900,10.93791485,163100,9.952606201,163100,6.764444351,428100,6.373333454,428100,45.09999847,1738900,42.18999863,1738900,31.07999992,1082600,23,1082600,18.59000015,7278900,16.79999924,7278900
5/6/2010 23:06,29.87999916,128613000,27.90999985,128613000,36.8928566,321465200,28.4642849,321465200,17.45192337,189407700,14.56730747,189407700,1.120000005,155700,1.049999952,155700,3.266000032,735000,3.052400112,735000,31.43000031,6056700,28.95000076,6056700,24.90700912,9026600,21.93132973,9026600,30.37392044,24590800,27.03375053,24590800,7.090000153,21421000,5.699999809,21421000,1.649999976,5900,1.620000005,5900,10.93791485,163100,9.952606201,163100,6.764444351,428100,6.373333454,428100,45.09999847,1738900,42.18999863,1738900,31.07999992,1082600,23,1082600,18.59000015,7278900,16.79999924,7278900
5/6/2010 23:07,29.87999916,128613000,27.90999985,128613000,36.8928566,321465200,28.4642849,321465200,17.45192337,189407700,14.56730747,189407700,1.120000005,155700,1.049999952,155700,3.266000032,735000,3.052400112,735000,31.43000031,6056700,28.95000076,6056700,24.90700912,9026600,21.93132973,9026600,30.37392044,24590800,27.03375053,24590800,7.090000153,21421000,5.699999809,21421000,1.649999976,5900,1.620000005,5900,10.93791485,163100,9.952606201,163100,6.764444351,428100,6.373333454,428100,45.09999847,1738900,42.18999863,1738900,31.07999992,1082600,23,1082600,18.59000015,7278900,16.79999924,7278900
5/6/2010 23:08,29.87999916,128613000,27.90999985,128613000,36.8928566,321465200,28.4642849,321465200,17.45192337,189407700,14.56730747,189407700,1.120000005,155700,1.049999952,155700,3.266000032,735000,3.052400112,735000,31.43000031,6056700,28.95000076,6056700,24.90700912,9026600,21.93132973,9026600,30.37392044,24590800,27.03375053,24590800,7.090000153,21421000,5.699999809,21421000,1.649999976,5900,1.620000005,5900,10.93791485,163100,9.952606201,163100,6.764444351,428100,6.373333454,428100,45.09999847,1738900,42.18999863,1738900,31.07999992,1082600,23,1082600,18.59000015,7278900,16.79999924,7278900
5/6/2010 23:09,29.87999916,128613000,27.90999985,128613000,36.8928566,321465200,28.4642849,321465200,17.45192337,189407700,14.56730747,189407700,1.120000005,155700,1.049999952,155700,3.266000032,735000,3.052400112,735000,31.43000031,6056700,28.95000076,6056700,24.90700912,9026600,21.93132973,9026600,30.37392044,24590800,27.03375053,24590800,7.090000153,21421000,5.699999809,21421000,1.649999976,5900,1.620000005,5900,10.93791485,163100,9.952606201,163100,6.764444351,428100,6.373333454,428100,45.09999847,1738900,42.18999863,1738900,31.07999992,1082600,23,1082600,18.59000015,7278900,16.79999924,7278900
5/6/2010 23:10,29.87999916,128613000,27.90999985,128613000,36.8928566,321465200,28.4642849,321465200,17.45192337,189407700,14.56730747,189407700,1.120000005,155700,1.049999952,155700,3.266000032,735000,3.052400112,735000,31.43000031,6056700,28.95000076,6056700,24.90700912,9026600,21.93132973,9026600,30.37392044,24590800,27.03375053,24590800,7.090000153,21421000,5.699999809,21421000,1.649999976,5900,1.620000005,5900,10.93791485,163100,9.952606201,163100,6.764444351,428100,6.373333454,428100,45.09999847,1738900,42.18999863,1738900,31.07999992,1082600,23,1082600,18.59000015,7278900,16.79999924,7278900
5/6/2010 23:11,29.87999916,128613000,27.90999985,128613000,36.8928566,321465200,28.4642849,321465200,17.45192337,189407700,14.56730747,189407700,1.120000005,155700,1.049999952,155700,3.266000032,735000,3.052400112,735000,31.43000031,6056700,28.95000076,6056700,24.90700912,9026600,21.93132973,9026600,30.37392044,24590800,27.03375053,24590800,7.090000153,21421000,5.699999809,21421000,1.649999976,5900,1.620000005,5900,10.93791485,163100,9.952606201,163100,6.764444351,428100,6.373333454,428100,45.09999847,1738900,42.18999863,1738900,31.07999992,1082600,23,1082600,18.59000015,7278900,16.79999924,7278900
5/6/2010 23:12,29.87999916,128613000,27.90999985,128613000,36.8928566,321465200,28.4642849,321465200,17.45192337,189407700,14.56730747,189407700,1.120000005,155700,1.049999952,155700,3.266000032,735000,3.052400112,735000,31.43000031,6056700,28.95000076,6056700,24.90700912,9026600,21.93132973,9026600,30.37392044,24590800,27.03375053,24590800,7.090000153,21421000,5.699999809,21421000,1.649999976,5900,1.620000005,5900,10.93791485,163100,9.952606201,163100,6.764444351,428100,6.373333454,428100,45.09999847,1738900,42.18999863,1738900,31.07999992,1082600,23,1082600,18.59000015,7278900,16.79999924,7278900
5/6/2010 23:13,29.87999916,128613000,27.90999985,128613000,36.8928566,321465200,28.4642849,321465200,17.45192337,189407700,14.56730747,189407700,1.120000005,155700,1.049999952,155700,3.266000032,735000,3.052400112,735000,31.43000031,6056700,28.95000076,6056700,24.90700912,9026600,21.93132973,9026600,30.37392044,24590800,27.03375053,24590800,7.090000153,21421000,5.699999809,21421000,1.649999976,5900,1.620000005,5900,10.93791485,163100,9.952606201,163100,6.764444351,428100,6.373333454,428100,45.09999847,1738900,42.18999863,1738900,31.07999992,1082600,23,1082600,18.59000015,7278900,16.79999924,7278900
5/6/2010 23:14,29.87999916,128613000,27.90999985,128613000,36.8928566,321465200,28.4642849,321465200,17.45192337,189407700,14.56730747,189407700,1.120000005,155700,1.049999952,155700,3.266000032,735000,3.052400112,735000,31.43000031,6056700,28.95000076,6056700,24.90700912,9026600,21.93132973,9026600,30.37392044,24590800,27.03375053,24590800,7.090000153,21421000,5.699999809,21421000,1.649999976,5900,1.620000005,5900,10.93791485,163100,9.952606201,163100,6.764444351,428100,6.373333454,428100,45.09999847,1738900,42.18999863,1738900,31.07999992,1082600,23,1082600,18.59000015,7278900,16.79999924,7278900
5/6/2010 23:15,29.87999916,128613000,27.90999985,128613000,36.8928566,321465200,28.4642849,321465200,17.45192337,189407700,14.56730747,189407700,1.120000005,155700,1.049999952,155700,3.266000032,735000,3.052400112,735000,31.43000031,6056700,28.95000076,6056700,24.90700912,9026600,21.93132973,9026600,30.37392044,24590800,27.03375053,24590800,7.090000153,21421000,5.699999809,21421000,1.649999976,5900,1.620000005,5900,10.93791485,163100,9.952606201,163100,6.764444351,428100,6.373333454,428100,45.09999847,1738900,42.18999863,1738900,31.07999992,1082600,23,1082600,18.59000015,7278900,16.79999924,7278900
5/6/2010 23:16,29.87999916,128613000,27.90999985,128613000,36.8928566,321465200,28.4642849,321465200,17.45192337,189407700,14.56730747,189407700,1.120000005,155700,1.049999952,155700,3.266000032,735000,3.052400112,735000,31.43000031,6056700,28.95000076,6056700,24.90700912,9026600,21.93132973,9026600,30.37392044,24590800,27.03375053,24590800,7.090000153,21421000,5.699999809,21421000,1.649999976,5900,1.620000005,5900,10.93791485,163100,9.952606201,163100,6.764444351,428100,6.373333454,428100,45.09999847,1738900,42.18999863,1738900,31.07999992,1082600,23,1082600,18.59000015,7278900,16.79999924,7278900
5/6/2010 23:17,29.87999916,128613000,27.90999985,128613000,36.8928566,321465200,28.4642849,321465200,17.45192337,189407700,14.56730747,189407700,1.120000005,155700,1.049999952,155700,3.266000032,735000,3.052400112,735000,31.43000031,6056700,28.95000076,6056700,24.90700912,9026600,21.93132973,9026600,30.37392044,24590800,27.03375053,24590800,7.090000153,21421000,5.699999809,21421000,1.649999976,5900,1.620000005,5900,10.93791485,163100,9.952606201,163100,6.764444351,428100,6.373333454,428100,45.09999847,1738900,42.18999863,1738900,31.07999992,1082600,23,1082600,18.59000015,7278900,16.79999924,7278900
5/6/2010 23:18,29.87999916,128613000,27.90999985,128613000,36.8928566,321465200,28.4642849,321465200,17.45192337,189407700,14.56730747,189407700,1.120000005,155700,1.049999952,155700,3.266000032,735000,3.052400112,735000,31.43000031,6056700,28.95000076,6056700,24.90700912,9026600,21.93132973,9026600,30.37392044,24590800,27.03375053,24590800,7.090000153,21421000,5.699999809,21421000,1.649999976,5900,1.620000005,5900,10.93791485,163100,9.952606201,163100,6.764444351,428100,6.373333454,428100,45.09999847,1738900,42.18999863,1738900,31.07999992,1082600,23,1082600,18.59000015,7278900,16.79999924,7278900
5/6/2010 23:19,29.87999916,128613000,27.90999985,128613000,36.8928566,321465200,28.4642849,321465200,17.45192337,189407700,14.56730747,189407700,1.120000005,155700,1.049999952,155700,3.266000032,735000,3.052400112,735000,31.43000031,6056700,28.95000076,6056700,24.90700912,9026600,21.93132973,9026600,30.37392044,24590800,27.03375053,24590800,7.090000153,21421000,5.699999809,21421000,1.649999976,5900,1.620000005,5900,10.93791485,163100,9.952606201,163100,6.764444351,428100,6.373333454,428100,45.09999847,1738900,42.18999863,1738900,31.07999992,1082600,23,1082600,18.59000015,7278900,16.79999924,7278900
5/6/2010 23:20,29.87999916,128613000,27.90999985,128613000,36.8928566,321465200,28.4642849,321465200,17.45192337,189407700,14.56730747,189407700,1.120000005,155700,1.049999952,155700,3.266000032,735000,3.052400112,735000,31.43000031,6056700,28.95000076,6056700,24.90700912,9026600,21.93132973,9026600,30.37392044,24590800,27.03375053,24590800,7.090000153,21421000,5.699999809,21421000,1.649999976,5900,1.620000005,5900,10.93791485,163100,9.952606201,163100,6.764444351,428100,6.373333454,428100,45.09999847,1738900,42.18999863,1738900,31.07999992,1082600,23,1082600,18.59000015,7278900,16.79999924,7278900
5/6/2010 23:21,29.87999916,128613000,27.90999985,128613000,36.8928566,321465200,28.4642849,321465200,17.45192337,189407700,14.56730747,189407700,1.120000005,155700,1.049999952,155700,3.266000032,735000,3.052400112,735000,31.43000031,6056700,28.95000076,6056700,24.90700912,9026600,21.93132973,9026600,30.37392044,24590800,27.03375053,24590800,7.090000153,21421000,5.699999809,21421000,1.649999976,5900,1.620000005,5900,10.93791485,163100,9.952606201,163100,6.764444351,428100,6.373333454,428100,45.09999847,1738900,42.18999863,1738900,31.07999992,1082600,23,1082600,18.59000015,7278900,16.79999924,7278900
5/6/2010 23:22,29.87999916,128613000,27.90999985,128613000,36.8928566,321465200,28.4642849,321465200,17.45192337,189407700,14.56730747,189407700,1.120000005,155700,1.049999952,155700,3.266000032,735000,3.052400112,735000,31.43000031,6056700,28.95000076,6056700,24.90700912,9026600,21.93132973,9026600,30.37392044,24590800,27.03375053,24590800,7.090000153,21421000,5.699999809,21421000,1.649999976,5900,1.620000005,5900,10.93791485,163100,9.952606201,163100,6.764444351,428100,6.373333454,428100,45.09999847,1738900,42.18999863,1738900,31.07999992,1082600,23,1082600,18.59000015,7278900,16.79999924,7278900
5/6/2010 23:23,29.87999916,128613000,27.90999985,128613000,36.8928566,321465200,28.4642849,321465200,17.45192337,189407700,14.56730747,189407700,1.120000005,155700,1.049999952,155700,3.266000032,735000,3.052400112,735000,31.43000031,6056700,28.95000076,6056700,24.90700912,9026600,21.93132973,9026600,30.37392044,24590800,27.03375053,24590800,7.090000153,21421000,5.699999809,21421000,1.649999976,5900,1.620000005,5900,10.93791485,163100,9.952606201,163100,6.764444351,428100,6.373333454,428100,45.09999847,1738900,42.18999863,1738900,31.07999992,1082600,23,1082600,18.59000015,7278900,16.79999924,7278900
5/6/2010 23:24,29.87999916,128613000,27.90999985,128613000,36.8928566,321465200,28.4642849,321465200,17.45192337,189407700,14.56730747,189407700,1.120000005,155700,1.049999952,155700,3.266000032,735000,3.052400112,735000,31.43000031,6056700,28.95000076,6056700,24.90700912,9026600,21.93132973,9026600,30.37392044,24590800,27.03375053,24590800,7.090000153,21421000,5.699999809,21421000,1.649999976,5900,1.620000005,5900,10.93791485,163100,9.952606201,163100,6.764444351,428100,6.373333454,428100,45.09999847,1738900,42.18999863,1738900,31.07999992,1082600,23,1082600,18.59000015,7278900,16.79999924,7278900
5/6/2010 23:25,29.87999916,128613000,27.90999985,128613000,36.8928566,321465200,28.4642849,321465200,17.45192337,189407700,14.56730747,189407700,1.120000005,155700,1.049999952,155700,3.266000032,735000,3.052400112,735000,31.43000031,6056700,28.95000076,6056700,24.90700912,9026600,21.93132973,9026600,30.37392044,24590800,27.03375053,24590800,7.090000153,21421000,5.699999809,21421000,1.649999976,5900,1.620000005,5900,10.93791485,163100,9.952606201,163100,6.764444351,428100,6.373333454,428100,45.09999847,1738900,42.18999863,1738900,31.07999992,1082600,23,1082600,18.59000015,7278900,16.79999924,7278900
5/6/2010 23:26,29.87999916,128613000,27.90999985,128613000,36.8928566,321465200,28.4642849,321465200,17.45192337,189407700,14.56730747,189407700,1.120000005,155700,1.049999952,155700,3.266000032,735000,3.052400112,735000,31.43000031,6056700,28.95000076,6056700,24.90700912,9026600,21.93132973,9026600,30.37392044,24590800,27.03375053,24590800,7.090000153,21421000,5.699999809,21421000,1.649999976,5900,1.620000005,5900,10.93791485,163100,9.952606201,163100,6.764444351,428100,6.373333454,428100,45.09999847,1738900,42.18999863,1738900,31.07999992,1082600,23,1082600,18.59000015,7278900,16.79999924,7278900
5/6/2010 23:27,29.87999916,128613000,27.90999985,128613000,36.8928566,321465200,28.4642849,321465200,17.45192337,189407700,14.56730747,189407700,1.120000005,155700,1.049999952,155700,3.266000032,735000,3.052400112,735000,31.43000031,6056700,28.95000076,6056700,24.90700912,9026600,21.93132973,9026600,30.37392044,24590800,27.03375053,24590800,7.090000153,21421000,5.699999809,21421000,1.649999976,5900,1.620000005,5900,10.93791485,163100,9.952606201,163100,6.764444351,428100,6.373333454,428100,45.09999847,1738900,42.18999863,1738900,31.07999992,1082600,23,1082600,18.59000015,7278900,16.79999924,7278900
5/6/2010 23:28,29.87999916,128613000,27.90999985,128613000,36.8928566,321465200,28.4642849,321465200,17.45192337,189407700,14.56730747,189407700,1.120000005,155700,1.049999952,155700,3.266000032,735000,3.052400112,735000,31.43000031,6056700,28.95000076,6056700,24.90700912,9026600,21.93132973,9026600,30.37392044,24590800,27.03375053,24590800,7.090000153,21421000,5.699999809,21421000,1.649999976,5900,1.620000005,5900,10.93791485,163100,9.952606201,163100,6.764444351,428100,6.373333454,428100,45.09999847,1738900,42.18999863,1738900,31.07999992,1082600,23,1082600,18.59000015,7278900,16.79999924,7278900
5/6/2010 23:29,29.87999916,128613000,27.90999985,128613000,36.8928566,321465200,28.4642849,321465200,17.45192337,189407700,14.56730747,189407700,1.120000005,155700,1.049999952,155700,3.266000032,735000,3.052400112,735000,31.43000031,6056700,28.95000076,6056700,24.90700912,9026600,21.93132973,9026600,30.37392044,24590800,27.03375053,24590800,7.090000153,21421000,5.699999809,21421000,1.649999976,5900,1.620000005,5900,10.93791485,163100,9.952606201,163100,6.764444351,428100,6.373333454,428100,45.09999847,1738900,42.18999863,1738900,31.07999992,1082600,23,1082600,18.59000015,7278900,16.79999924,7278900
5/6/2010 23:30,29.87999916,128613000,27.90999985,128613000,36.8928566,321465200,28.4642849,321465200,17.45192337,189407700,14.56730747,189407700,1.120000005,155700,1.049999952,155700,3.266000032,735000,3.052400112,735000,31.43000031,6056700,28.95000076,6056700,24.90700912,9026600,21.93132973,9026600,30.37392044,24590800,27.03375053,24590800,7.090000153,21421000,5.699999809,21421000,1.649999976,5900,1.620000005,5900,10.93791485,163100,9.952606201,163100,6.764444351,428100,6.373333454,428100,45.09999847,1738900,42.18999863,1738900,31.07999992,1082600,23,1082600,18.59000015,7278900,16.79999924,7278900
5/6/2010 23:31,29.87999916,128613000,27.90999985,128613000,36.8928566,321465200,28.4642849,321465200,17.45192337,189407700,14.56730747,189407700,1.120000005,155700,1.049999952,155700,3.266000032,735000,3.052400112,735000,31.43000031,6056700,28.95000076,6056700,24.90700912,9026600,21.93132973,9026600,30.37392044,24590800,27.03375053,24590800,7.090000153,21421000,5.699999809,21421000,1.649999976,5900,1.620000005,5900,10.93791485,163100,9.952606201,163100,6.764444351,428100,6.373333454,428100,45.09999847,1738900,42.18999863,1738900,31.07999992,1082600,23,1082600,18.59000015,7278900,16.79999924,7278900
5/6/2010 23:32,29.87999916,128613000,27.90999985,128613000,36.8928566,321465200,28.4642849,321465200,17.45192337,189407700,14.56730747,189407700,1.120000005,155700,1.049999952,155700,3.266000032,735000,3.052400112,735000,31.43000031,6056700,28.95000076,6056700,24.90700912,9026600,21.93132973,9026600,30.37392044,24590800,27.03375053,24590800,7.090000153,21421000,5.699999809,21421000,1.649999976,5900,1.620000005,5900,10.93791485,163100,9.952606201,163100,6.764444351,428100,6.373333454,428100,45.09999847,1738900,42.18999863,1738900,31.07999992,1082600,23,1082600,18.59000015,7278900,16.79999924,7278900
5/6/2010 23:33,29.87999916,128613000,27.90999985,128613000,36.8928566,321465200,28.4642849,321465200,17.45192337,189407700,14.56730747,189407700,1.120000005,155700,1.049999952,155700,3.266000032,735000,3.052400112,735000,31.43000031,6056700,28.95000076,6056700,24.90700912,9026600,21.93132973,9026600,30.37392044,24590800,27.03375053,24590800,7.090000153,21421000,5.699999809,21421000,1.649999976,5900,1.620000005,5900,10.93791485,163100,9.952606201,163100,6.764444351,428100,6.373333454,428100,45.09999847,1738900,42.18999863,1738900,31.07999992,1082600,23,1082600,18.59000015,7278900,16.79999924,7278900
5/6/2010 23:34,29.87999916,128613000,27.90999985,128613000,36.8928566,321465200,28.4642849,321465200,17.45192337,189407700,14.56730747,189407700,1.120000005,155700,1.049999952,155700,3.266000032,735000,3.052400112,735000,31.43000031,6056700,28.95000076,6056700,24.90700912,9026600,21.93132973,9026600,30.37392044,24590800,27.03375053,24590800,7.090000153,21421000,5.699999809,21421000,1.649999976,5900,1.620000005,5900,10.93791485,163100,9.952606201,163100,6.764444351,428100,6.373333454,428100,45.09999847,1738900,42.18999863,1738900,31.07999992,1082600,23,1082600,18.59000015,7278900,16.79999924,7278900
5/6/2010 23:35,29.87999916,128613000,27.90999985,128613000,36.8928566,321465200,28.4642849,321465200,17.45192337,189407700,14.56730747,189407700,1.120000005,155700,1.049999952,155700,3.266000032,735000,3.052400112,735000,31.43000031,6056700,28.95000076,6056700,24.90700912,9026600,21.93132973,9026600,30.37392044,24590800,27.03375053,24590800,7.090000153,21421000,5.699999809,21421000,1.649999976,5900,1.620000005,5900,10.93791485,163100,9.952606201,163100,6.764444351,428100,6.373333454,428100,45.09999847,1738900,42.18999863,1738900,31.07999992,1082600,23,1082600,18.59000015,7278900,16.79999924,7278900
5/6/2010 23:36,29.87999916,128613000,27.90999985,128613000,36.8928566,321465200,28.4642849,321465200,17.45192337,189407700,14.56730747,189407700,1.120000005,155700,1.049999952,155700,3.266000032,735000,3.052400112,735000,31.43000031,6056700,28.95000076,6056700,24.90700912,9026600,21.93132973,9026600,30.37392044,24590800,27.03375053,24590800,7.090000153,21421000,5.699999809,21421000,1.649999976,5900,1.620000005,5900,10.93791485,163100,9.952606201,163100,6.764444351,428100,6.373333454,428100,45.09999847,1738900,42.18999863,1738900,31.07999992,1082600,23,1082600,18.59000015,7278900,16.79999924,7278900
5/6/2010 23:37,29.87999916,128613000,27.90999985,128613000,36.8928566,321465200,28.4642849,321465200,17.45192337,189407700,14.56730747,189407700,1.120000005,155700,1.049999952,155700,3.266000032,735000,3.052400112,735000,31.43000031,6056700,28.95000076,6056700,24.90700912,9026600,21.93132973,9026600,30.37392044,24590800,27.03375053,24590800,7.090000153,21421000,5.699999809,21421000,1.649999976,5900,1.620000005,5900,10.93791485,163100,9.952606201,163100,6.764444351,428100,6.373333454,428100,45.09999847,1738900,42.18999863,1738900,31.07999992,1082600,23,1082600,18.59000015,7278900,16.79999924,7278900
5/6/2010 23:38,29.87999916,128613000,27.90999985,128613000,36.8928566,321465200,28.4642849,321465200,17.45192337,189407700,14.56730747,189407700,1.120000005,155700,1.049999952,155700,3.266000032,735000,3.052400112,735000,31.43000031,6056700,28.95000076,6056700,24.90700912,9026600,21.93132973,9026600,30.37392044,24590800,27.03375053,24590800,7.090000153,21421000,5.699999809,21421000,1.649999976,5900,1.620000005,5900,10.93791485,163100,9.952606201,163100,6.764444351,428100,6.373333454,428100,45.09999847,1738900,42.18999863,1738900,31.07999992,1082600,23,1082600,18.59000015,7278900,16.79999924,7278900
5/6/2010 23:39,29.87999916,128613000,27.90999985,128613000,36.8928566,321465200,28.4642849,321465200,17.45192337,189407700,14.56730747,189407700,1.120000005,155700,1.049999952,155700,3.266000032,735000,3.052400112,735000,31.43000031,6056700,28.95000076,6056700,24.90700912,9026600,21.93132973,9026600,30.37392044,24590800,27.03375053,24590800,7.090000153,21421000,5.699999809,21421000,1.649999976,5900,1.620000005,5900,10.93791485,163100,9.952606201,163100,6.764444351,428100,6.373333454,428100,45.09999847,1738900,42.18999863,1738900,31.07999992,1082600,23,1082600,18.59000015,7278900,16.79999924,7278900
5/6/2010 23:40,29.87999916,128613000,27.90999985,128613000,36.8928566,321465200,28.4642849,321465200,17.45192337,189407700,14.56730747,189407700,1.120000005,155700,1.049999952,155700,3.266000032,735000,3.052400112,735000,31.43000031,6056700,28.95000076,6056700,24.90700912,9026600,21.93132973,9026600,30.37392044,24590800,27.03375053,24590800,7.090000153,21421000,5.699999809,21421000,1.649999976,5900,1.620000005,5900,10.93791485,163100,9.952606201,163100,6.764444351,428100,6.373333454,428100,45.09999847,1738900,42.18999863,1738900,31.07999992,1082600,23,1082600,18.59000015,7278900,16.79999924,7278900
5/6/2010 23:41,29.87999916,128613000,27.90999985,128613000,36.8928566,321465200,28.4642849,321465200,17.45192337,189407700,14.56730747,189407700,1.120000005,155700,1.049999952,155700,3.266000032,735000,3.052400112,735000,31.43000031,6056700,28.95000076,6056700,24.90700912,9026600,21.93132973,9026600,30.37392044,24590800,27.03375053,24590800,7.090000153,21421000,5.699999809,21421000,1.649999976,5900,1.620000005,5900,10.93791485,163100,9.952606201,163100,6.764444351,428100,6.373333454,428100,45.09999847,1738900,42.18999863,1738900,31.07999992,1082600,23,1082600,18.59000015,7278900,16.79999924,7278900
5/6/2010 23:42,29.87999916,128613000,27.90999985,128613000,36.8928566,321465200,28.4642849,321465200,17.45192337,189407700,14.56730747,189407700,1.120000005,155700,1.049999952,155700,3.266000032,735000,3.052400112,735000,31.43000031,6056700,28.95000076,6056700,24.90700912,9026600,21.93132973,9026600,30.37392044,24590800,27.03375053,24590800,7.090000153,21421000,5.699999809,21421000,1.649999976,5900,1.620000005,5900,10.93791485,163100,9.952606201,163100,6.764444351,428100,6.373333454,428100,45.09999847,1738900,42.18999863,1738900,31.07999992,1082600,23,1082600,18.59000015,7278900,16.79999924,7278900
5/6/2010 23:43,29.87999916,128613000,27.90999985,128613000,36.8928566,321465200,28.4642849,321465200,17.45192337,189407700,14.56730747,189407700,1.120000005,155700,1.049999952,155700,3.266000032,735000,3.052400112,735000,31.43000031,6056700,28.95000076,6056700,24.90700912,9026600,21.93132973,9026600,30.37392044,24590800,27.03375053,24590800,7.090000153,21421000,5.699999809,21421000,1.649999976,5900,1.620000005,5900,10.93791485,163100,9.952606201,163100,6.764444351,428100,6.373333454,428100,45.09999847,1738900,42.18999863,1738900,31.07999992,1082600,23,1082600,18.59000015,7278900,16.79999924,7278900
5/6/2010 23:44,29.87999916,128613000,27.90999985,128613000,36.8928566,321465200,28.4642849,321465200,17.45192337,189407700,14.56730747,189407700,1.120000005,155700,1.049999952,155700,3.266000032,735000,3.052400112,735000,31.43000031,6056700,28.95000076,6056700,24.90700912,9026600,21.93132973,9026600,30.37392044,24590800,27.03375053,24590800,7.090000153,21421000,5.699999809,21421000,1.649999976,5900,1.620000005,5900,10.93791485,163100,9.952606201,163100,6.764444351,428100,6.373333454,428100,45.09999847,1738900,42.18999863,1738900,31.07999992,1082600,23,1082600,18.59000015,7278900,16.79999924,7278900
5/6/2010 23:45,29.87999916,128613000,27.90999985,128613000,36.8928566,321465200,28.4642849,321465200,17.45192337,189407700,14.56730747,189407700,1.120000005,155700,1.049999952,155700,3.266000032,735000,3.052400112,735000,31.43000031,6056700,28.95000076,6056700,24.90700912,9026600,21.93132973,9026600,30.37392044,24590800,27.03375053,24590800,7.090000153,21421000,5.699999809,21421000,1.649999976,5900,1.620000005,5900,10.93791485,163100,9.952606201,163100,6.764444351,428100,6.373333454,428100,45.09999847,1738900,42.18999863,1738900,31.07999992,1082600,23,1082600,18.59000015,7278900,16.79999924,7278900
5/6/2010 23:46,29.87999916,128613000,27.90999985,128613000,36.8928566,321465200,28.4642849,321465200,17.45192337,189407700,14.56730747,189407700,1.120000005,155700,1.049999952,155700,3.266000032,735000,3.052400112,735000,31.43000031,6056700,28.95000076,6056700,24.90700912,9026600,21.93132973,9026600,30.37392044,24590800,27.03375053,24590800,7.090000153,21421000,5.699999809,21421000,1.649999976,5900,1.620000005,5900,10.93791485,163100,9.952606201,163100,6.764444351,428100,6.373333454,428100,45.09999847,1738900,42.18999863,1738900,31.07999992,1082600,23,1082600,18.59000015,7278900,16.79999924,7278900
5/6/2010 23:47,29.87999916,128613000,27.90999985,128613000,36.8928566,321465200,28.4642849,321465200,17.45192337,189407700,14.56730747,189407700,1.120000005,155700,1.049999952,155700,3.266000032,735000,3.052400112,735000,31.43000031,6056700,28.95000076,6056700,24.90700912,9026600,21.93132973,9026600,30.37392044,24590800,27.03375053,24590800,7.090000153,21421000,5.699999809,21421000,1.649999976,5900,1.620000005,5900,10.93791485,163100,9.952606201,163100,6.764444351,428100,6.373333454,428100,45.09999847,1738900,42.18999863,1738900,31.07999992,1082600,23,1082600,18.59000015,7278900,16.79999924,7278900
5/6/2010 23:48,29.87999916,128613000,27.90999985,128613000,36.8928566,321465200,28.4642849,321465200,17.45192337,189407700,14.56730747,189407700,1.120000005,155700,1.049999952,155700,3.266000032,735000,3.052400112,735000,31.43000031,6056700,28.95000076,6056700,24.90700912,9026600,21.93132973,9026600,30.37392044,24590800,27.03375053,24590800,7.090000153,21421000,5.699999809,21421000,1.649999976,5900,1.620000005,5900,10.93791485,163100,9.952606201,163100,6.764444351,428100,6.373333454,428100,45.09999847,1738900,42.18999863,1738900,31.07999992,1082600,23,1082600,18.59000015,7278900,16.79999924,7278900
5/6/2010 23:49,29.87999916,128613000,27.90999985,128613000,36.8928566,321465200,28.4642849,321465200,17.45192337,189407700,14.56730747,189407700,1.120000005,155700,1.049999952,155700,3.266000032,735000,3.052400112,735000,31.43000031,6056700,28.95000076,6056700,24.90700912,9026600,21.93132973,9026600,30.37392044,24590800,27.03375053,24590800,7.090000153,21421000,5.699999809,21421000,1.649999976,5900,1.620000005,5900,10.93791485,163100,9.952606201,163100,6.764444351,428100,6.373333454,428100,45.09999847,1738900,42.18999863,1738900,31.07999992,1082600,23,1082600,18.59000015,7278900,16.79999924,7278900
5/6/2010 23:50,29.87999916,128613000,27.90999985,128613000,36.8928566,321465200,28.4642849,321465200,17.45192337,189407700,14.56730747,189407700,1.120000005,155700,1.049999952,155700,3.266000032,735000,3.052400112,735000,31.43000031,6056700,28.95000076,6056700,24.90700912,9026600,21.93132973,9026600,30.37392044,24590800,27.03375053,24590800,7.090000153,21421000,5.699999809,21421000,1.649999976,5900,1.620000005,5900,10.93791485,163100,9.952606201,163100,6.764444351,428100,6.373333454,428100,45.09999847,1738900,42.18999863,1738900,31.07999992,1082600,23,1082600,18.59000015,7278900,16.79999924,7278900
5/6/2010 23:51,29.87999916,128613000,27.90999985,128613000,36.8928566,321465200,28.4642849,321465200,17.45192337,189407700,14.56730747,189407700,1.120000005,155700,1.049999952,155700,3.266000032,735000,3.052400112,735000,31.43000031,6056700,28.95000076,6056700,24.90700912,9026600,21.93132973,9026600,30.37392044,24590800,27.03375053,24590800,7.090000153,21421000,5.699999809,21421000,1.649999976,5900,1.620000005,5900,10.93791485,163100,9.952606201,163100,6.764444351,428100,6.373333454,428100,45.09999847,1738900,42.18999863,1738900,31.07999992,1082600,23,1082600,18.59000015,7278900,16.79999924,7278900
5/6/2010 23:52,29.87999916,128613000,27.90999985,128613000,36.8928566,321465200,28.4642849,321465200,17.45192337,189407700,14.56730747,189407700,1.120000005,155700,1.049999952,155700,3.266000032,735000,3.052400112,735000,31.43000031,6056700,28.95000076,6056700,24.90700912,9026600,21.93132973,9026600,30.37392044,24590800,27.03375053,24590800,7.090000153,21421000,5.699999809,21421000,1.649999976,5900,1.620000005,5900,10.93791485,163100,9.952606201,163100,6.764444351,428100,6.373333454,428100,45.09999847,1738900,42.18999863,1738900,31.07999992,1082600,23,1082600,18.59000015,7278900,16.79999924,7278900
5/6/2010 23:53,29.87999916,128613000,27.90999985,128613000,36.8928566,321465200,28.4642849,321465200,17.45192337,189407700,14.56730747,189407700,1.120000005,155700,1.049999952,155700,3.266000032,735000,3.052400112,735000,31.43000031,6056700,28.95000076,6056700,24.90700912,9026600,21.93132973,9026600,30.37392044,24590800,27.03375053,24590800,7.090000153,21421000,5.699999809,21421000,1.649999976,5900,1.620000005,5900,10.93791485,163100,9.952606201,163100,6.764444351,428100,6.373333454,428100,45.09999847,1738900,42.18999863,1738900,31.07999992,1082600,23,1082600,18.59000015,7278900,16.79999924,7278900
5/6/2010 23:54,29.87999916,128613000,27.90999985,128613000,36.8928566,321465200,28.4642849,321465200,17.45192337,189407700,14.56730747,189407700,1.120000005,155700,1.049999952,155700,3.266000032,735000,3.052400112,735000,31.43000031,6056700,28.95000076,6056700,24.90700912,9026600,21.93132973,9026600,30.37392044,24590800,27.03375053,24590800,7.090000153,21421000,5.699999809,21421000,1.649999976,5900,1.620000005,5900,10.93791485,163100,9.952606201,163100,6.764444351,428100,6.373333454,428100,45.09999847,1738900,42.18999863,1738900,31.07999992,1082600,23,1082600,18.59000015,7278900,16.79999924,7278900
5/6/2010 23:55,29.87999916,128613000,27.90999985,128613000,36.8928566,321465200,28.4642849,321465200,17.45192337,189407700,14.56730747,189407700,1.120000005,155700,1.049999952,155700,3.266000032,735000,3.052400112,735000,31.43000031,6056700,28.95000076,6056700,24.90700912,9026600,21.93132973,9026600,30.37392044,24590800,27.03375053,24590800,7.090000153,21421000,5.699999809,21421000,1.649999976,5900,1.620000005,5900,10.93791485,163100,9.952606201,163100,6.764444351,428100,6.373333454,428100,45.09999847,1738900,42.18999863,1738900,31.07999992,1082600,23,1082600,18.59000015,7278900,16.79999924,7278900
5/6/2010 23:56,29.87999916,128613000,27.90999985,128613000,36.8928566,321465200,28.4642849,321465200,17.45192337,189407700,14.56730747,189407700,1.120000005,155700,1.049999952,155700,3.266000032,735000,3.052400112,735000,31.43000031,6056700,28.95000076,6056700,24.90700912,9026600,21.93132973,9026600,30.37392044,24590800,27.03375053,24590800,7.090000153,21421000,5.699999809,21421000,1.649999976,5900,1.620000005,5900,10.93791485,163100,9.952606201,163100,6.764444351,428100,6.373333454,428100,45.09999847,1738900,42.18999863,1738900,31.07999992,1082600,23,1082600,18.59000015,7278900,16.79999924,7278900
5/6/2010 23:57,29.87999916,128613000,27.90999985,128613000,36.8928566,321465200,28.4642849,321465200,17.45192337,189407700,14.56730747,189407700,1.120000005,155700,1.049999952,155700,3.266000032,735000,3.052400112,735000,31.43000031,6056700,28.95000076,6056700,24.90700912,9026600,21.93132973,9026600,30.37392044,24590800,27.03375053,24590800,7.090000153,21421000,5.699999809,21421000,1.649999976,5900,1.620000005,5900,10.93791485,163100,9.952606201,163100,6.764444351,428100,6.373333454,428100,45.09999847,1738900,42.18999863,1738900,31.07999992,1082600,23,1082600,18.59000015,7278900,16.79999924,7278900
5/6/2010 23:58,29.87999916,128613000,27.90999985,128613000,36.8928566,321465200,28.4642849,321465200,17.45192337,189407700,14.56730747,189407700,1.120000005,155700,1.049999952,155700,3.266000032,735000,3.052400112,735000,31.43000031,6056700,28.95000076,6056700,24.90700912,9026600,21.93132973,9026600,30.37392044,24590800,27.03375053,24590800,7.090000153,21421000,5.699999809,21421000,1.649999976,5900,1.620000005,5900,10.93791485,163100,9.952606201,163100,6.764444351,428100,6.373333454,428100,45.09999847,1738900,42.18999863,1738900,31.07999992,1082600,23,1082600,18.59000015,7278900,16.79999924,7278900
5/6/2010 23:59,29.87999916,128613000,27.90999985,128613000,36.8928566,321465200,28.4642849,321465200,17.45192337,189407700,14.56730747,189407700,1.120000005,155700,1.049999952,155700,3.266000032,735000,3.052400112,735000,31.43000031,6056700,28.95000076,6056700,24.90700912,9026600,21.93132973,9026600,30.37392044,24590800,27.03375053,24590800,7.090000153,21421000,5.699999809,21421000,1.649999976,5900,1.620000005,5900,10.93791485,163100,9.952606201,163100,6.764444351,428100,6.373333454,428100,45.09999847,1738900,42.18999863,1738900,31.07999992,1082600,23,1082600,18.59000015,7278900,16.79999924,7278900
5/7/2010 0:00,28.95000076,173718100,27.31999969,173718100,35.22428513,419004600,32.17285538,419004600,17.00961494,172084500,15.88461494,172084500,1.129999995,131700,1.049999952,131700,3.227600098,167500,3.12680006,167500,30.61000061,6272400,29.38999939,6272400,23.80543709,11155000,22.53218842,11155000,29.74913979,30292500,28.16316032,30292500,6.78000021,16288300,6.099999905,16288300,1.840000033,5200,1.629999995,5200,10.68909931,231800,10.20142174,231800,6.613333225,504900,6.370370388,504900,44.54999924,1562800,42.88999939,1562800,29.75,681000,28.37999916,681000,18.22999954,12946600,17.28000069,12946600
